port_code,date,iec,hs_code,goods_description,master_category,model_name,model_number,capacity,qty,unit_of_measure,price,unit_of_measure.1,quantity,unit,unit_price_inr,total_value_inr,unit_price_usd,total_value_usd,duty_paid_inr
INNSA1,2025-10-28,301049751,73239990,TH5170 STEEL CUTLERY HOLDER (QTY:600 PCS/USD 2.03 PER PCS) TH5170 STEEL CUTLERY HOLDER (QTY:600 PCS/USD 2.03 PER PCS),,,,,,,,,290.0,KGS,401.7253103,116500.34,4.529033938,1313.419842,32736.6
INNSA1,2025-10-28,301049751,73231000,8001-2 STEEL SCRUBBER 2PCS SET (QTY: 336000 SETS/USD 0.139 PER SETS)8001-2 STEEL SCRUBBER 2PCS SET (QTY: 336000 SETS/USD 0.139 P,,,,,,,,,9800.0,KGS,440.6022184,4317901.74,4.967330534,48679.83923,1898149.5
INNSA1,2025-10-23,301049751,73239990,"MILD STEEL MULTI FUNCTION CLOTH STAND (RYX-02-020) (QTY: 1,232 PCS/CNY:101 PER PCS)MILD STEEL MULTI FUNCTION CLOTH STAND (RYX-02-020) (QTY: 1,2",,,,,,,,,4004.0,KGS,408.893663836164,1637210.23,4.609849648660246,18457.83799323563,460056.0
INNSA1,2025-10-13,301049751,73239990,SB-12 STEEL TEA STRAINER BIG (QTY 6336 PCS/USD 0.973 PER PCS)SB-12 STEEL TEA STRAINER BIG (QTY 6336 PCS/USD 0.973 PER PCS,,,,,,,,,1548.8,KGS,378.4578447830578,586155.51,4.219151000925951,6534.621070234112,164709.7
INNSA1,2025-10-13,301049751,73239990,SB-12 STEEL TEA STRAINER BIG (QTY 43038 PCS/USD 0.9718 PER PCS)SB-12 STEEL TEA STRAINER BIG (QTY 43038 PCS/USD 0.9718 PER P,,,,,,,,,10042.2,KGS,399.7396745733008,4014265.76,4.456406628464889,44752.12664437012,1128008.7
INNSA1,2025-10-08,301049751,73239990,STEEL HANGER WITH HOOK (SL-89) (QTY:70056 PCS/CNY:7.45 PER PCS)STEEL HANGER WITH HOOK (SL-89) (QTY:70056 PCS/:7.45,,,,,,,,,15568.0,KGS,432.1581763874615,6727838.49,4.817816905099905,75003.77357859531,1890522.7
INNSA1,2025-10-06,301049751,73239990,STEEL HANGER 10PCS SET (AM-969) (QTY: 480 SET/USD 0.819 PERSET)STEEL HANGER 10PCS SET (AM-969) (QTY: 480 SET/USD 0.819 PER,,,,,,,,,380.0,KGS,100.4420789473684,38167.99,1.119755618142346,425.5071348940913,10725.3
INNSA1,2025-10-01,301049751,73239990,AM-967 STEEL FRUIT BASKET (QTY 400 PCS/USD 1.031 PER PCS) AM-967 STEEL FRUIT BASKET (QTY 400 PCS/USD 1.031 PER PCS),,,,,,,,,460.0,KGS,85.37782608695653,39273.8,0.9609209463923076,442.0236353404615,11036.0
INNSA1,2025-10-01,301049751,73239990,AM-966 STEEL FRUIT BASKET (QTY 400 PCS/USD 1.017 PER PCS) AM-966 STEEL FRUIT BASKET (QTY 400 PCS/USD 1.017 PER PCS),,,,,,,,,310.0,KGS,124.9693225806452,38740.49,1.406520231633598,436.0212718064153,10886.1
INNSA1,2025-10-01,301049751,73239990,AM-965 STEEL SPOON & FORK HOLDER (QTY 480 PCS/USD 0.734 PERPCS)AM-965 STEEL SPOON & FORK HOLDER (QTY 480 PCS/USD 0.734 PER,,,,,,,,,168.0,KGS,199.7157142857143,33552.24,2.24778519173567,377.6279122115926,9428.1
INNSA1,2025-10-01,301049751,73231000,8001-2 STEEL SCRUBBER 2 PCS SET (QTY 336000 SETS/USD 0.139 PER SETS)8001-2 STEEL SCRUBBER 2 PCS SET (QTY 336000 SETS/USD 0.139 P,,,,,,,,,9800.0,KGS,456.1253897959184,4470028.82,5.133656609970945,50309.83477771527,1965024.7
INNSA1,2025-09-27,301049751,73231000,OKS-4156 STEEL SCRUBBER 6PCS SET (QTY: 93360 PCS /USD 0.228PER PCS)OKS-4156 STEEL SCRUBBER 6PCS SET (QTY: 93360 PCS /USD 0.228,,,,,,,,,7496.03,KGS,263.5713784496593,1975738.96,2.966475840738991,22236.7918964547,868534.9
INNSA1,2025-09-27,301049751,73231000,8001-2 STEEL SCRUBBER 2PCS SET (QTY: 168000 SETS/USD 0.139 PER SETS)8001-2 STEEL SCRUBBER 2PCS SET (QTY: 168000 SETS/USD 0.139 P,,,,,,,,,4900.0,KGS,442.0729367346939,2166157.39,4.975497318342081,24379.9368598762,952242.8
INNSA1,2025-09-24,301049751,73239990,AM-321 STEEL DRAINER (QTY:28752 PCS/USD 0.7050 PER PCS) AM-321 STEEL DRAINER (QTY:28752 PCS/USD 0.7050 PER PCS),,,,,,,,,3953.4,KGS,492.7319699499166,1947966.57,5.545660888575313,21924.21575689364,547378.6
INNSA1,2025-09-24,301049751,73239990,HOUSEHOLD STEEL HOOK 3PCS SET (2628) (QTY: 166608 SET/USD 0.36 PER SET)HOUSEHOLD STEEL HOOK 3PCS SET (2628) (QTY: 166608 SET/USD 0.,,,,,,,,,5646.16,KGS,971.5058004023973,5485277.19,10.93422397751714,61736.37805289815,1541362.8
INNSA1,2025-09-24,301049751,73239990,NP-55 STEEL TEA STRAINER (QTY:50400 PCS/USD 0.2710 PER PCS) NP-55 STEEL TEA STRAINER (QTY:50400 PCS/USD 0.2710 PER PCS),,,,,,,,,2310.0,KGS,568.2142554112553,1312574.93,6.395208276997812,14772.93111986494,368833.6
INNSA1,2025-09-24,301049751,73239990,"HOUSEHOLD STEEL HOOK 3PCS SET (3888) (QTY:55,296 SET/USD:0.24 PER SET)HOUSEHOLD STEEL HOOK 3PCS SET (3888) (QTY:55,296 SET/USD:0.2",,,,,,,,,1843.2,KGS,689.9043023003472,1271631.61,7.764820509851968,14312.11716375915,357328.4
INNSA1,2025-09-24,301049751,73239990,SB-12 STEEL TEA STRAINER BIG (QTY:1026 PCS/USD 0.9770 PER PCS)SB-12 STEEL TEA STRAINER BIG (QTY:1026 PCS/USD 0.9770 PER PC,,,,,,,,,250.8,KGS,384.0942583732057,96330.84,4.322951698066468,1084.19628587507,27069.0
INNSA1,2025-09-24,301049751,73239990,HOUSEHOLD STEEL HOOK 3 PCS SET (2628) (QTY:432 SET/USD:0.360PER SET)HOUSEHOLD STEEL HOOK 3 PCS SET (2628) (QTY:432 SET/USD:0.360,,,,,,,,,14.64,KGS,987.6775956284152,14459.6,11.11623630420276,162.7416994935284,4063.1
INNSA1,2025-09-23,301049751,73239990,MILD STEEL MULTI FUNCTION CLOTH STAND (RYX-02-020) (QTY: 1232 PCS/CNY 101 PER PCS)MILD STEEL MULTI FUNCTION CLOTH STAND (RYX-02-020) (QTY: 123,,,,,,,,,4004.0,KGS,434.3341333666334,1739073.87,4.888397674357157,19573.14428812606,488679.8
INNSA1,2025-09-23,301049751,73239990,H2740 STEEL CUTLERY HOLDER (QTY:24960 PCS/ USD 1.46 PER PCS) H2740 STEEL CUTLERY HOLDER (QTY:24960 PCS/ USD 1.46 PER PCS),,,,,,,,,9776.0,KGS,347.6034666530278,3398171.49,3.912250609488215,38246.16195835679,954886.2
INNSA1,2025-09-23,301049751,73239990,H2740 STEEL CUTLERY HOLDER (QTY:24960 PCS/ USD 1.46 PER PCS)H2740 STEEL CUTLERY HOLDER (QTY:24960 PCS/ USD 1.46 PER PCS,,,,,,,,,9776.0,KGS,347.6034185761047,3398171.02,3.912250068386097,38246.15666854248,954886.0
INNSA1,2025-09-20,301049751,73239990,HOUSEHOLD STEEL HOOK 3PCS SET (3888) (QTY:153600 SET/USD:0.24 PER SET)HOUSEHOLD STEEL HOOK 3PCS SET (3888) (QTY:153600 SET/USD:0.2,,,,,,,,,5120.0,KGS,660.84275390625,3383514.9,7.437734990503658,38081.20315137873,1239719.9
INNSA1,2025-09-10,301049751,73239990,"MILD STEEL MULTI FUNCTION CLOTH STAND (RYX-02-020) (QTY:1,232 PCS/CNY:101.00 PER PCS)MILD STEEL MULTI FUNCTION CLOTH STAND (RYX-02-020) (QTY:1,23",,,,,,,,,4004.0,KGS,427.8509965034965,1713115.39,4.807314567455016,19248.48752808988,627685.5
INNSA1,2025-09-09,301049751,73239990,STEEL BASKET BIG (SY-845-4) (QTY:800 PCS/USD:0.9710 PER PCS) STEEL BASKET BIG (SY-845-4) (QTY:800 PCS/USD:0.9710 PER PCS),,,,,,,,,150.0,KGS,499.2998,74894.97,5.610110112359552,841.5165168539327,27441.5
INNSA1,2025-09-05,301049751,73239990,MILD STEEL MULTI FUNCTION CLOTH STAND (RYX-02-026-3S) (QTY:1696 PCS/CNY: 81.50 PER PCS)MILD STEEL MULTI FUNCTION CLOTH STAND (RYX-02-026-3S) (QTY,,,,,,,,,6614.4,KGS,308.0440629535559,2037526.65,3.461169246669168,22893.55786516854,746549.7
INNSA1,2025-09-02,301049751,73239990,SB-12 STEEL TEA STRAINER BIG (QTY:4842 PCS/USD 0.977 PER PCS)SB-12 STEEL TEA STRAINER BIG (QTY:4842 PCS/USD 0.977 PER PCS,,,,,,,,,1183.6,KGS,381.6843697194998,451761.62,4.342256765864617,5139.49510807736,165525.4
INNSA1,2025-09-02,301049751,73239990,SY-845-4 STEEL BASKET BIG (QTY 37200 PCS/USD 0.9691 PER PCS) SY-845-4 STEEL BASKET BIG (QTY 37200 PCS/USD 0.9691 PER PCS),,,,,,,,,6975.0,KGS,506.1900172043012,3530675.37,5.758703267398193,40166.95529010239,1293639.5
INNSA1,2025-09-02,301049751,73239990,NP-55 STEEL TEA STRAINER (QTY:50400 PCS/USD 0.270 PER PCS) NP-55 STEEL TEA STRAINER (QTY:50400 PCS/USD 0.270 PER PCS),,,,,,,,,2310.0,KGS,562.5649134199134,1299524.95,6.400055897837468,14784.12912400455,476146.0
INNSA1,2025-09-02,301049751,73239990,AM-321 STEEL DRAINER (QTY:21648 PCS/USD 0.702 PER PCS) AM-321 STEEL DRAINER (QTY:21648 PCS/USD 0.702 PER PCS),,,,,,,,,2976.6,KGS,487.5564066384466,1451260.4,5.546716799072201,16510.35722411831,531741.8
INNSA1,2025-08-30,301049751,73239990,STEEL SALT BOTTLE (NP-19) (QTY: 36180 PC/USD 0.446 PER PC) STEEL SALT BOTTLE (NP-19) (QTY: 36180 PC/USD 0.446 PER PC),,,,,,,,,5628.0,KGS,271.1943105899076,1526281.58,3.085259506142294,17363.84050056883,559229.5
INNSA1,2025-08-29,301049751,73231000,"STEEL SCRUBBER 6PCS SET (OKS-4156) (QTY:98,400 SET/USD:0.228PER SET)STEEL SCRUBBER 6PCS SET (OKS-4156) (QTY:98,400 SET/USD:0.228",,,,,,,,,8856.0,KGS,242.0626456639566,2143706.79,2.753841247599051,24388.0180887372,942373.5
INNSA1,2025-08-23,301049751,73231000,STEEL SCRUBBER (8001-12) (QTY:263520 PCS/USD:0.078 PER PCS) STEEL SCRUBBER (8001-12) (QTY:263520 PCS/USD:0.078 PER PCS),,,,,,,,,4758.0,KGS,399.7661097099622,1902087.15,4.547964843116748,21639.21672354949,836157.4
INNSA1,2025-08-23,301049751,73231000,STEEL SCRUBBER 6 PCS SET (GT001) (QTY:1260 PCS/USD:0.238 PERPCS)STEEL SCRUBBER 6 PCS SET (GT001) (QTY:1260 PCS/USD:0.238 PER,,,,,,,,,180.0,KGS,154.1690555555556,27750.43,1.753914170142839,315.704550625711,12199.1
INNSA1,2025-08-20,301049751,73239990,STEEL SPRINKLER (AM-430) (QTY: 30072 PCS/USD 0.578 PER PCS) STEEL SPRINKLER (AM-430) (QTY: 30072 PCS/USD 0.578 PER PCS),,,,,,,,,5012.0,KGS,326.0750738228252,1634288.27,3.680305573621053,18445.69153498872,598803.3
INNSA1,2025-08-20,301049751,73239990,STEEL SALT BOTTLE (NP-19) (QTY: 36000 PCS/USD 0.445 PER PCS) STEEL SALT BOTTLE (NP-19) (QTY: 36000 PCS/USD 0.445 PER PCS),,,,,,,,,5600.0,KGS,268.9756428571429,1506263.6,3.035842470170913,17000.71783295711,551895.0
INNSA1,2025-08-16,301049751,73231000,"STEEL SCRUBBER 6PCS SET (OKS-4156) (QTY:98,400 SET/USD:0.228PER SET)STEEL SCRUBBER 6PCS SET (OKS-4156) (QTY:98,400 SET/USD:0.228",,,,,,,,,8856.0,KGS,235.9864363143631,2089895.88,2.663503795873174,23587.98961625282,918718.2
INNSA1,2025-08-07,301049751,73239990,STEEL BASKET SQUARE (SY-845-6) (QTY: 4400 PCS/USD 0.702 PERPCS)STEEL BASKET SQUARE (SY-845-6) (QTY: 4400 PCS/USD 0.702 PER,,,,,,,,,660.0,KGS,436.1330455,287847.81,5.024574256,3316.219009,105467.5
INNSA1,2025-08-01,301049751,73231000,STEEL SCRUBBER 2 PCS SET (8001-2) (QTY:336000 SET/USD:0.139PER SET)STEEL SCRUBBER 2 PCS SET (8001-2) (QTY:336000 SET/USD:0.139,,,,,,,,,9800.0,KGS,438.0730643,4293116.03,5.046924704,49459.8621,1887253.8
INNSA1,2025-07-29,301049751,73239990,"STEEL TEA STRAINER BIG (SB-12) (QTY:1,332 PCS/USD:0.973 PERPCS)STEEL TEA STRAINER BIG (SB-12) (QTY:1,332 PCS/USD:0.973 PER",,,,,,,,,325.6,KGS,371.794041769042,121056.14,4.28334149503504,1394.65599078341,44354.9
INNSA1,2025-07-29,301049751,73239990,"STEEL TEA STRAINER (NP-55) (QTY:1,00,800 PCS/USD:0.269 PER PCS)STEEL TEA STRAINER (NP-55) (QTY:1,00,800 PCS/USD:0.269 PER P",,,,,,,,,4620.0,KGS,548.200285714286,2532685.32,6.31567149440421,29178.4023041475,927975.9
INNSA1,2025-07-28,301049751,73239990,"STEEL BASKET SQUARE (SY-845-6) (QTY: 82,800 PCS/USD:0.7012 PCS)STEEL BASKET SQUARE (SY-845-6) (QTY: 82,800 PCS/USD:0.7012 P",,,,,,,,,12006.0,KGS,448.122178910545,5380154.88,5.16269791371595,61983.3511520737,1971288.8
INNSA1,2025-07-23,301049751,73239990,STEEL CUTLERY HOLDER (H2740) (QTY: 24960 NOS/USD 1.55 PER NOS)STEEL CUTLERY HOLDER (H2740) (QTY: 24960 NOS/USD 1.55 PER NO,,,,,,,,,9776.0,KGS,361.085180032733,3529968.72,4.15996751189785,40667.8423963134,1293380.5
INNSA1,2025-07-22,301049751,73231000,STEEL SCRUBBER 2 PCS SET (8001-2) (QTY:168000 SETS/USD:0.139PER PCS)STEEL SCRUBBER 2 PCS SET (8001-2) (QTY:168000 SETS/USD:0.139,,,,,,,,,4900.0,KGS,448.699487755102,2198627.49,5.16934893727076,25329.8097926267,966516.6
INNSA1,2025-07-17,301049751,73239990,STEEL SPRINKLER (AM-430) (QTY: 2880 PCS/USD 0.579 PER PCS) STEEL SPRINKLER (AM-430) (QTY: 2880 PCS/USD 0.579 PER PCS),,,,,,,,,528.0,KGS,297.140397727273,156890.13,3.44710438198692,1820.0711136891,57484.5
INNSA1,2025-07-17,301049751,73239990,STEEL HAND BLENDER (SR-13) (QTY: 540 PCS/USD 0.337 PER PCS) STEEL HAND BLENDER (SR-13) (QTY: 540 PCS/USD 0.337 PER PCS),,,,,,,,,33.0,KGS,518.840909090909,17121.75,6.01903606834001,198.62819025522,6273.4
INNSA1,2025-07-17,301049751,73239990,STEEL SALT BOTTLE (NP-19) (QTY: 6624 PCS/USD 0.446 PER PCS) STEEL SALT BOTTLE (NP-19) (QTY: 6624 PCS/USD 0.446 PER PCS),,,,,,,,,1030.4,KGS,269.75735636646,277957.98,3.12943568870603,3224.57053364269,101843.9
INNSA1,2025-07-17,301049751,73239390,STEEL FILTER BALL WITH CHAIN (SR-10) (QTY: 540 PCS/USD 0.258PER PCS)STEEL FILTER BALL WITH CHAIN (SR-10) (QTY: 540 PCS/USD 0.25,,,,,,,,,12.0,KGS,1087.74416666667,13052.93,12.6188418406806,151.426102088167,4782.7
INNSA1,2025-07-16,301049751,73239990,STEEL HANGER WITH HOOK (SL-89) (QTY: 70056 PCS/CNY 7.45 PERPCS)STEEL HANGER WITH HOOK (SL-89) (QTY: 70056 PCS/CNY 7.45 PER,,,,,,,,,15568.0,KGS,416.915485611511,6490540.28,4.83660656161846,75296.2909512761,2378134.0
INNSA1,2025-07-15,301049751,73239390,STEEL INFUSER (SR-20) (QTY: 360 PCS/USD 0.743 PER PCS) STEEL INFUSER (SR-20) (QTY: 360 PCS/USD 0.743 PER PCS),,,,,,,,,15.0,KGS,1678.82466666667,25182.37,19.4759242072699,292.138863109049,9226.8
INNSA1,2025-07-15,301049751,73239990,"MILD STEEL MULTI FUNCTION CLOTH STAND (RYX-02-020) (QTY:1,232 PCS/ CNY:101 PER PCS)MILD STEEL MULTI FUNCTION CLOTH STAND (RYX-02-020) (QTY:1,23",,,,,,,,,4004.0,KGS,424.516780719281,1699765.19,4.92478863943481,19718.853712297,622793.9
INNSA1,2025-07-10,301049751,73239990,SB-12 STEEL TEA STRAINER BIG (QTY:44226 PCS/USD 0.975 PER PCS)SB-12 STEEL TEA STRAINER BIG (QTY:44226 PCS/USD 0.975 PER PC,,,,,,,,,10810.8,KGS,394.952712102712,4269754.78,4.58181800583193,49533.1180974478,1564438.2
INNSA1,2025-07-02,301049751,73231000,"STEEL SCRUBBER 6PCS SET (OKS-4156) (QTY:98,400 PCS/USD:0.228PER PCS)STEEL SCRUBBER 6PCS SET (OKS-4156) (QTY:98,400 PCS/USD:0.228",,,,,,,,,9151.0,KGS,237.423678286526,2172664.08,2.70876986065632,24787.9529948659,955103.1
INNSA1,2025-06-28,301049751,73231000,STEEL SCRUBBER 2PCS SET (8001-2) (QTY: 168000 SET/USD 0.142PER SET)STEEL SCRUBBER 2PCS SET (8001-2) (QTY: 168000 SET/USD 0.142,,,,,,,,,4900.0,KGS,468.819102,2297213.6,5.348763286,26208.9401,1009855.1
INNSA1,2025-06-27,301049751,73239990,MILD STEEL MULTI FUNCTION CLOTH STAND (RYX-02-020) (QTY: 1232 PCS/CNY 101 PER PCS)MILD STEEL MULTI FUNCTION CLOTH STAND (RYX-02-020) (QTY: 123,,,,,,,,,4004.0,KGS,431.5472852,1727915.33,4.923528639,19713.80867,633108.2
INNSA1,2025-06-25,301049751,73239990,STEEL SPRINKLER (AM-430) (QTY:528 PCS/USD:0.5776 PER PCS) STEEL SPRINKLER (AM-430) (QTY:528 PCS/USD:0.5776 PER PCS),,,,,,,,,96.8,KGS,317.7392562,30757.16,3.625091343,350.908842,11269.4
INNSA1,2025-06-25,301049751,73239990,STEEL CUTLERY HOLDER (H2740) (QTY:24960 NOS/USD:1.55 PER PCS)STEEL CUTLERY HOLDER (H2740) (QTY:24960 NOS/USD:1.55 PER PCS,,,,,,,,,9776.0,KGS,367.9828744,3597400.58,4.198321442,41042.79042,1318087.6
INNSA1,2025-06-23,301049751,73239990,STEEL SPRINKLER (AM-430) (QTY: 76968 PCS/USD 0.578 PER PCS) STEEL SPRINKLER (AM-430) (QTY: 76968 PCS/USD 0.578 PER PCS),,,,,,,,,14110.8,KGS,297.680578,4200511.1,3.39624162,47923.68625,1539067.2
INNSA1,2025-06-23,301049751,73239990,STEEL SALT BOTTLE (NP-19) (QTY: 44100 PCS/USD 0.445 PER PCS) STEEL SALT BOTTLE (NP-19) (QTY: 44100 PCS/USD 0.445 PER PCS),,,,,,,,,6860.0,KGS,270.1087026,1852945.7,3.081673732,21140.2818,678919.3
INNSA1,2025-06-10,301049751,73231000,STEEL SCRUBBER 2PCS SET (8001-2) (QTY: 168000 SET/USD 0.142PER SET)STEEL SCRUBBER 2PCS SET (8001-2) (QTY: 168000 SET/USD 0.142,,,,,,,,,4900.0,KGS,459.576667346939,2251925.67,5.2977137446333,25958.7973487032,989946.5
INNSA1,2025-06-05,301049751,73239990,STEEL TEA STRAINER BIG (SB-12) (QTY:12600 PCS/USD:0.986 PERPCS)STEEL TEA STRAINER BIG (SB-12) (QTY:12600 PCS/USD:0.986 PER,,,,,,,,,3080.0,KGS,372.736003246753,1148026.89,4.31407411165224,13287.3482638889,420637.0
INNSA1,2025-06-05,301049751,73239990,"STEEL DRAINER (AM-321) (QTY:50,856 PCS/USD:0.712 PER PCS) STEEL DRAINER (AM-321) (QTY:50,856 PCS/USD:0.712 PER PCS)",,,,,,,,,6357.0,KGS,526.349990561586,3346006.89,6.09201377964798,38726.9315972222,1225976.9
INNSA1,2025-06-05,301049751,73239990,HOUSEHOLD STEEL HOOK 3PCS SET (2628) (QTY:1332 PKT/USD:0.370PER PKT)HOUSEHOLD STEEL HOOK 3PCS SET (2628) (QTY:1332 PKT/USD:0.370,,,,,,,,,45.14,KGS,985.659503766061,44492.67,11.4080961084035,514.961458333333,16302.1
INNSA1,2025-06-05,301049751,73239990,STEEL TEA STRAINER (NP-55) (QTY:50400 PCS/USD:0.277 PER PCS) STEEL TEA STRAINER (NP-55) (QTY:50400 PCS/USD:0.277 PER PCS),,,,,,,,,2310.0,KGS,558.473974025974,1290074.88,6.46381914381914,14931.4222222222,472683.5
INNSA1,2025-06-03,301049751,73231000,STEEL SCRUBBER 6PCS SET (OKS-4156) (QTY:98400 PCS/USD:0.238PER PCS)STEEL SCRUBBER 6PCS SET (OKS-4156) (QTY:98400 PCS/USD:0.238,,,,,,,,,8856.0,KGS,238.020627822945,2107910.68,2.75486837758038,24397.1143518519,926637.5
INNSA1,2025-05-27,301049751,73239990,MILD STEEL MULTI FUNCTION CLOTH STAND (RYX-02-020) (QTY: 2464 NOS/USD 101 PER CNY)MILD STEEL MULTI FUNCTION CLOTH STAND (RYX-02-020) (QTY: 246,,,,,,,,,8008.0,KGS,401.971275,3218985.97,4.652445312,37256.78206,1179436.5
INNSA1,2025-05-26,301049751,73239990,MILD STEEL MULTI FUNCTION CLOTH STAND (RYX-02-026-3S) (QTY:848 NOS/CNY 81.50 PER NOS)MILD STEEL MULTI FUNCTION CLOTH STAND (RYX-02-026-3S) (QTY:,,,,,,,,,3307.2,KGS,284.2399552,940038.38,3.289814297,10880.07384,344430.1
INNSA1,2025-05-23,301049751,73239990,STEEL SALT BOTTLE (NP-19) (QTY: 21924 PCS/USD 0.442 PER PCS) STEEL SALT BOTTLE (NP-19) (QTY: 21924 PCS/USD 0.442 PER PCS),,,,,,,,,3349.5,KGS,265.2749425,888538.42,3.070311835,10284.00949,325560.5
INNSA1,2025-05-23,301049751,73239990,"STEEL TEA STRAINER BIG (SB-12) (QTY:12,600 PCS/USD:0.980 PERPCS)STEEL TEA STRAINER BIG (SB-12) (QTY:12,600 PCS/USD:0.980 PER",,,,,,,,,3080.0,KGS,362.2134448,1115617.41,4.192285241,12912.23854,408762.2
INNSA1,2025-05-23,301049751,73239990,"STEEL DRAINER (AM-321) (QTY:49,944 PCS/USD:0.708 PER PCS) STEEL DRAINER (AM-321) (QTY:49,944 PCS/USD:0.708 PER PCS)",,,,,,,,,6243.0,KGS,511.7311997,3194737.88,5.922814812,36976.13287,1170552.0
INNSA1,2025-05-23,301049751,73239990,"STEEL TEA STRAINER (NP-55) (QTY:50,400 PCS/USD:0.275 PER PCS)STEEL TEA STRAINER (NP-55) (QTY:50,400 PCS/USD:0.275 PER PCS",,,,,,,,,2310.0,KGS,542.0881342,1252223.59,6.27416822,14493.32859,458814.7
INNSA1,2025-05-20,301049751,73231000,STEEL SCRUBBER (8001-12) (QTY:276048 PCS/USD:0.08 PER PCS) STEEL SCRUBBER (8001-12) (QTY:276048 PCS/USD:0.08 PER PCS),,,,,,,,,4795.0,KGS,412.8381773,1979559.06,4.778219644,22911.56319,870214.2
INNSA1,2025-05-20,301049751,73231000,STEEL SCRUBBER 2PCS SET (8001-2) (QTY: 168000 SET/USD 0.142PER SET)STEEL SCRUBBER 2PCS SET (8001-2) (QTY: 168000 SET/USD 0.142,,,,,,,,,4900.0,KGS,435.2433857,2132692.59,5.037539187,24683.94201,937531.7
INNSA1,2025-05-12,301049751,73239990,STEEL SPRINKLER (AM-430) (QTY: 21600 PC/USD 0.571 PER PC ) STEEL SPRINKLER (AM-430) (QTY: 21600 PC/USD 0.571 PER PC ),,,,,,,,,3960.0,KGS,285.9887551,1132515.47,3.342942783,13238.05342,414953.7
INNSA1,2025-05-12,301049751,73231000,STEEL SCRUBBER 6PCS SET (OKS-4156) (QTY: 94800 SET/USD 0.23PER SET)STEEL SCRUBBER 6PCS SET (OKS-4156) (QTY: 94800 SET/USD 0.23,,,,,,,,,7708.8,KGS,251.8633043,1941563.84,2.944047975,22695.07703,853511.5
INNSA1,2025-05-09,301049751,73231000,SS SCRUBBER 3PCS SET (SS410) (QTY:120720 SETS/USD:0.16 PER SET)SS SCRUBBER 3PCS SET (SS410) (QTY:120720 SETS/USD:0.16 PER S,,,,,,,,,7545.0,KGS,235.760001325381,1778809.21,2.75581532817511,20792.6266510812,781964.5
INNSA1,2025-05-06,301049751,73239990,STEEL SPRINKLER (AM-430) (QTY: 19200 PCS/USD 0.5680 PER PCS) STEEL SPRINKLER (AM-430) (QTY: 19200 PCS/USD 0.5680 PER PCS),,,,,,,,,3200.0,KGS,311.870534375,997985.71,3.6454767314436,11665.5255406195,365661.9
INNSA1,2025-05-06,301049751,73231000,STEEL SCRUBBER 2PCS SET (8001-2) (QTY: 168000 SET/USD 0.142PER SET)STEEL SCRUBBER 2PCS SET (8001-2) (QTY: 168000 SET/USD 0.142,,,,,,,,,4900.0,KGS,432.708316326531,2120270.75,5.05795811018738,24783.9947399182,932071.1
INNSA1,2025-05-06,301049751,73239990,STEEL SALT BOTTLE (NP-19) (QTY:28152 PCS/USD 0.4370 PER PCS) STEEL SALT BOTTLE (NP-19) (QTY:28152 PCS/USD 0.4370 PER PCS),,,,,,,,,4379.2,KGS,257.08125,1125810.21,3.00504091174752,13159.6751607247,412496.8
INNSA1,2025-05-05,301049751,73239990,HOUSEHOLD STEEL HOOK 3PCS SET (2628) (QTY: 167940 SET/USD 0.37 PER SET)HOUSEHOLD STEEL HOOK 3PCS SET (2628) (QTY: 167940 SET/USD 0.,,,,,,,,,5691.3,KGS,947.908057912955,5394829.13,11.0801643239387,63060.5392168323,1976665.4
INNSA1,2025-05-04,301049751,73239990,STEEL BASKET BIG (SY-845-4) (QTY: 5232 PC/USD 1.004 PER PC) STEEL BASKET BIG (SY-845-4) (QTY: 5232 PC/USD 1.004 PER PC),,,,,,,,,981.0,KGS,485.03127420999,475815.68,5.66956486510801,5561.84313267095,174338.8
INNSA1,2025-05-01,301049751,73239990,SY-845-7 STEEL BASKET ROUND (QTY 50400 PCS/USD 0.5371 PER PCS)SY-845-7 STEEL BASKET ROUND (QTY 50400 PCS/USD 0.5371 PER PC,,,,,,,,,5880.0,KGS,426.133331632653,2505663.99,4.9320987457483,29000.740625,918075.3
INNSA1,2025-05-01,301049751,73239990,SY-845-4 STEEL BASKET BIG (QTY 14768 PCS/USD 1.0055 PER PCS) SY-845-4 STEEL BASKET BIG (QTY 14768 PCS/USD 1.0055 PER PCS),,,,,,,,,2769.0,KGS,496.384073672806,1374487.5,5.7451860378797,15908.4201388889,503612.2
INNSA1,2025-04-26,301049751,73239990,RYX-02-026-3S MILD STEEL MULTI FUNCTION CLOTH STAND (QTY :848 NUM/CNY 81.50 PER NUM)RYX-02-026-3S MILD STEEL MULTI FUNCTION CLOTH STAND (QTY :84,,,,,,,,,3307.2,KGS,272.327679003387,900642.1,3.15194072920586,10424.0983796296,329995.2
INNSA1,2025-04-22,301049751,73239990,MILD STEEL MULTI FUNCTION CLOTH STAND (RYX-02-020) (QTY: 2464 PCS/CNY 101 PER PCS)MILD STEEL MULTI FUNCTION CLOTH STAND (RYX-02-020) (QTY: 246,,,,,,,,,8008.0,KGS,401.150300949051,3212411.61,4.64294329802142,37180.6899305555,1177027.6
INNSA1,2025-04-22,301049751,73239990,HOUSEHOLD STEEL HOOK 3PCS SET (3888) (QTY:6240 PCS/USD:0.255PER PCS)HOUSEHOLD STEEL HOOK 3PCS SET (3888) (QTY:6240 PCS/USD:0.255,,,,,,,,,214.5,KGS,694.29668997669,148926.64,8.03584131917465,1723.68796296296,54566.7
INNSA1,2025-04-21,301049751,73231000,STEEL SCRUBBER 2PCS SET (8001-2) (QTY:168000 SETS/USD:0.142PER PCS)STEEL SCRUBBER 2PCS SET (8001-2) (QTY:168000 SETS/USD:0.142,,,,,,,,,4900.0,KGS,437.00727755102,2141335.66,5.05795460128496,24783.9775462963,941331.1
INNSA1,2025-04-18,301049751,73239990,"STEEL BASKET SMALL (SY-845-3) (QTY:8,260 PCS/USD:0.905 PER PCS)STEEL BASKET SMALL (SY-845-3) (QTY:8,260 PCS/USD:0.905 PER P",,,,,,,,,1239.0,KGS,551.819410815174,683704.25,6.38679873628673,7913.24363425926,250509.2
INNSA1,2025-04-18,301049751,73239990,STEEL FRUIT BASKET (SD1078-B) (QTY:20400 PCS/USD:0.844 PER PCS)STEEL FRUIT BASKET (SD1078-B) (QTY:20400 PCS/USD:0.844 PER P,,,,,,,,,3910.0,KGS,402.749961636829,1574752.35,4.66145788931515,18226.3003472222,576989.2
INNSA1,2025-04-15,301049751,73239990,STEEL BASKET BIG (SY845-4) (QTY: 20000 PCS/USD 1.036 PER PCS)STEEL BASKET BIG (SY845-4) (QTY: 20000 PCS/USD 1.036 PER PCS,,,,,,,,,3750.0,KGS,510.659717333333,1914973.94,5.89676347959969,22112.8630484988,701646.5
INNSA1,2025-04-15,301049751,73239990,STEEL BASKET SMALL (SY-845-3) (QTY: 11740 PCS/USD 0.905 PERPCS)STEEL BASKET SMALL (SY-845-3) (QTY: 11740 PCS/USD 0.905 PER,,,,,,,,,1761.0,KGS,557.609852356616,981950.95,6.43891284476461,11338.9255196305,359786.8
INNSA1,2025-04-15,301049751,73239990,STEEL BASKET SQUARE (SY-845-6) (QTY: 20000 PCS/USD 0.741 PERPCS)STEEL BASKET SQUARE (SY-845-6) (QTY: 20000 PCS/USD 0.741 PER,,,,,,,,,3200.0,KGS,428.0272,1369687.04,4.94257736720554,15816.2475750577,501853.3
INNSA1,2025-04-05,301049751,73239990,STEEL HANGER WITH HOOK (SL-89) (QTY:70056 PCS/CNY:7.45 PER PCS)STEEL HANGER WITH HOOK (SL-89) (QTY:70056 PCS/CNY:7.45 PER P,,,,,,,,,15568.0,KGS,407.216820400822,6339551.46,4.70227275289633,73204.9822170901,2322811.6
INNSA1,2025-04-04,301049751,73231000,STEEL SCRUBBER 6PCS SET (OKS-4156) (QTY: 98400 SET/USD 0.238PER SET)STEEL SCRUBBER 6PCS SET (OKS-4156) (QTY: 98400 SET/USD 0.238,,,,,,,,,9151.0,KGS,229.461285105453,2099800.22,2.64966841923156,24247.115704388,923072.1
INNSA1,2025-03-29,301049751,73239990,RYX-02-026-3S MILD STEEL MULTI FUNCTION CLOTH STAND (QTY :1696 NUM/CNY 81.50 PER NUM)RYX-02-026-3S MILD STEEL MULTI FUNCTION CLOTH STAND (QTY :16,,,,,,,,,6614.4,KGS,265.4704387397194,1755927.67,3.040898496445812,20113.71901489118,643371.9
INNSA1,2025-03-28,301049751,73239990,STEEL SPRINKLER (AM-430) (QTY: 24000 PCS/USD 0.574 PER PCS) STEEL SPRINKLER (AM-430) (QTY: 24000 PCS/USD 0.574 PER PCS),,,,,,,,,4400.0,KGS,289.6072909090909,1274272.08,3.317380193689472,14596.47285223368,466893.2
INNSA1,2025-03-28,301049751,73239990,STEEL SPRINKLER (AM-430) (QTY: 26400 PC/USD 0.573 PER PCS) STEEL SPRINKLER (AM-430) (QTY: 26400 PC/USD 0.573 PER PCS),,,,,,,,,4180.0,KGS,337.4974593301435,1410739.38,3.865950278695802,16159.67216494845,516894.9
INNSA1,2025-03-27,301049751,73239990,RYX-02-020 MILD STEEL MULTI FUNCTION CLOTH STAND (QTY :4928NUM/CNY 101.00 PER NUM)RYX-02-020 MILD STEEL MULTI FUNCTION CLOTH STAND (QTY :4928,,,,,,,,,16016.0,KGS,387.1595604395605,6200747.52,4.434817416260716,71028.03573883162,2271953.9
INNSA1,2025-03-27,301049751,73231000,STEEL SCRUBBER 2PCS SET (8001-2) (QTY:168000 SETS/USD:0.142PER SET)STEEL SCRUBBER 2PCS SET (8001-2) (QTY:168000 SETS/USD:0.142,,,,,,,,,4900.0,KGS,440.2226959183673,2157091.21,5.042642564929752,24708.94856815579,948257.2
INNSA1,2025-03-27,301049751,73239990,STEEL CUTLERY HOLDER (H2740) (QTY: 10008 PCS/USD 1.72 PER PCS)STEEL CUTLERY HOLDER (H2740) (QTY: 10008 PCS/USD 1.72 PER P,,,,,,,,,3919.8,KGS,395.5428057553956,1550448.69,4.530845426751382,17760.00790378007,568084.4
INNSA1,2025-03-12,301049751,73231000,STEEL SCRUBBER 2 PCS SET (8001-2) (QTY:168000 SETS/USD:0.142PER SETS)STEEL SCRUBBER 2 PCS SET (8001-2) (QTY:168000 SETS/USD:0.142,,,,,,,,,4900.0,KGS,443.2040795918368,2171699.99,5.04788245548789,24734.62403189066,954679.3
INNSA1,2025-03-10,301049751,73239990,STEEL ROUND CONTAINER (6856) (QTY: 51768 PCS/USD 0.55 PER SET)STEEL ROUND CONTAINER (6856) (QTY: 51768 PCS/USD 0.55 PER SE,,,,,,,,,4314.0,KGS,592.6117640241075,2556527.15,6.749564510525143,29117.62129840547,936711.5
INNSA1,2025-03-07,301049751,73231000,SS SCRUBBER 3PCS SET (SS410) (QTY: 120240 SET/USD 0.16 PER SET)SS SCRUBBER 3PCS SET (SS410) (QTY: 120240 SET/USD 0.16 PER S,,,,,,,,,7515.0,KGS,242.3211656686627,1821043.56,2.759922160235338,20740.81503416857,800530.8
INNSA1,2025-02-12,301049751,73239990,STEEL LUNCH BOX SMALL (6587) (QTY: 43560 PCS/USD 1.37 PER PCS)STEEL LUNCH BOX SMALL (6587) (QTY: 43560 PCS/USD 1.37 PER P,,,,,,,,,8839.05,KGS,614.6497700544743,5432920.05,6.953051697448803,61458.37160633483,1990621.9
INNSA1,2025-02-12,301049751,73239990,STEEL ROUND CONTAINER (6856) (QTY: 62820 PCS/USD 0.55 PER PCS)STEEL ROUND CONTAINER (6856) (QTY: 62820 PCS/USD 0.55 PER P,,,,,,,,,5235.0,KGS,600.8538013371538,3145469.65,6.796988702908979,35582.23585972851,1152500.1
INNSA1,2025-02-12,301049751,73239990,STEEL LUNCH BOX (6561) (QTY: 41580 PCS/USD 2.15 PER PCS) STEEL LUNCH BOX (6561) (QTY: 41580 PCS/USD 2.15 PER PCS),,,,,,,,,16285.5,KGS,499.7429437229437,8138563.71,5.653200720847781,92065.2003393665,2981969.7
INNSA1,2025-02-12,301049751,73239990,STEEL ROUND CONTAINER (6857) (QTY: 137280 PCS/USD 0.69 PERPCS)STEEL ROUND CONTAINER (6857) (QTY: 137280 PCS/USD 0.69 PER,,,,,,,,,17503.2,KGS,492.6786324786325,8623452.64,5.573287697722087,97550.36923076924,3159633.1
INNSA1,2025-02-12,301049751,73239990,STEEL LUNCH BOX 3LAYER (8505) (QTY: 33300 PCS/USD 3.07 PERPCS)STEEL LUNCH BOX 3LAYER (8505) (QTY: 33300 PCS/USD 3.07 PER,,,,,,,,,21645.0,KGS,429.9815412335413,9306950.46,4.864044584089833,105282.2450226244,3410066.7
INNSA1,2025-02-12,301049751,73239990,STEEL RECTANGLE CONTAINER BIG (6578) (QTY: 12852 PCS/USD 1.53 PER PCS)STEEL RECTANGLE CONTAINER BIG (6578) (QTY: 12852 PCS/USD 1.,,,,,,,,,3802.05,KGS,470.8354124748491,1790139.78,5.326192448810509,20250.45,655907.3
INNSA1,2025-02-12,301049751,73239990,HOUSEHOLD STEEL HOOK 3 PCS SET (3888) (QTY:206928 SET/USD:0.255 PER SET)HOUSEHOLD STEEL HOOK 3 PCS SET (3888) (QTY:206928 SET/USD:0.,,,,,,,,,7072.0,KGS,694.1584884049772,4909088.83,7.852471588291597,55532.67907239818,1798690.2
INNSA1,2025-02-12,301049751,73239990,STEEL LUNCH BOX (6527) (QTY: 25044 PCS/USD 1.73 PER PCS) STEEL LUNCH BOX (6527) (QTY: 25044 PCS/USD 1.73 PER PCS),,,,,,,,,8723.66,KGS,452.1431234137964,3944342.88,5.114741215088197,44619.26334841629,1445207.3
INNSA1,2025-02-12,301049751,73239990,STEEL RECTANGLE CONTAINER LARGE (6862) (QTY: 43644 PCS/USD1.29 PER PCS)STEEL RECTANGLE CONTAINER LARGE (6862) (QTY: 43644 PCS/USD,,,,,,,,,10911.0,KGS,469.7584272752269,5125534.2,5.314009358317045,57981.15610859729,1877995.7
INNSA1,2025-02-10,301049751,73231000,STEEL SCRUBBER 6PCS SET (OKS-4156) (QTY: 98400 SET/USD 0.238PER SET)STEEL SCRUBBER 6PCS SET (OKS-4156) (QTY: 98400 SET/USD 0.238,,,,,,,,,9151.0,KGS,240.2683673915419,2198695.83,2.717967956917895,24872.12477375566,966546.7
INNSA1,2025-02-06,301049751,73239990,HOUSEHOLD STEEL HOOK 3PCS SET (2628) (QTY: 164808 SET/USD 0.370 PER SET)HOUSEHOLD STEEL HOOK 3PCS SET (2628) (QTY: 164808 SET/USD 0.,,,,,,,,,5585.16,KGS,974.1315647179313,5440680.65,11.18405929641712,62464.76061997705,1993465.4
INNSA1,2025-02-03,301049751,73239990,SB-12 STEEL TEA STRAINER BIG (QTY: 23130 PCS/ USD 0.9890 PERPCS)SB-12 STEEL TEA STRAINER BIG (QTY: 23130 PCS/ USD 0.9890 PER,,,,,,,,,5140.0,KGS,441.0095038910507,2266788.85,5.063254924122282,26025.13030998853,830551.5
INNSA1,2025-02-03,301049751,73239990,STEEL HANGER WITH HOOK (SM1168) (QTY: 57792 NOS/USD 1.23 PERNOS)STEEL HANGER WITH HOOK (SM1168) (QTY: 57792 NOS/USD 1.23 PER,,,,,,,,,10836.0,KGS,587.2612929125139,6363563.37,6.742379941590286,73060.42904707234,2331609.7
INNSA1,2025-02-03,301049751,73239990,AM-321 STEEL DRAINER(QTY:16560 PCS/USD 0.7142 PER PCS) AM-321 STEEL DRAINER(QTY:16560 PCS/USD 0.7142 PER PCS),,,,,,,,,2277.0,KGS,514.7024330259113,1171977.44,5.909327589275676,13455.53892078071,429412.5
INNSA1,2025-01-29,301049751,73239990,RYX-02-026-3S MILD STEEL MULTI FUNCTION CLOTH STAND (QTY :848 NUM/CNY 81.50 PER NUM)RYX-02-026-3S MILD STEEL MULTI FUNCTION CLOTH STAND (QTY :84,,,,,,,,,3307.2,KGS,300.7694515,994704.73,3.453150993,11420.26096,364459.8
INNSA1,2025-01-28,301049751,73231000,STEEL SCRUBBER 2PCS SET (8001-2) (QTY: 168000 SET/USD 0.142PER SET)STEEL SCRUBBER 2PCS SET (8001-2) (QTY: 168000 SET/USD 0.142,,,,,,,,,4900.0,KGS,463.2117408,2269737.53,5.318160055,26058.98427,997776.7
INNSA1,2025-01-27,301049751,73239990,STEEL LUNCH BOX 2 LAYER (8504) (QTY: 21660 PCS /USD 2.12 PERPCS)STEEL LUNCH BOX 2 LAYER (8504) (QTY: 21660 PCS /USD 2.12 PER,,,,,,,,,10360.7,KGS,401.2808797,4157550.81,4.607128354,47733.07474,1523326.6
INNSA1,2025-01-27,301049751,73239990,STEEL LUNCH BOX (6561) (QTY: 21780 PCS /USD 2.15 PER PCS) STEEL LUNCH BOX (6561) (QTY: 21780 PCS /USD 2.15 PER PCS),,,,,,,,,8530.5,KGS,497.0099678,4239743.53,5.7061994,48676.73398,1553442.1
INNSA1,2025-01-27,301049751,73239990,STEEL LUNCH BOX SMALL (6587) (QTY: 54648 PCS /USD 1.37 PER PCS)STEEL LUNCH BOX SMALL (6587) (QTY: 54648 PCS /USD 1.37 PER P,,,,,,,,,11088.99,KGS,611.2882841,6778569.67,7.01823518,77825.13972,2483667.9
INNSA1,2025-01-25,301049751,73231000,STEEL SCRUBBER (8001-12) (QTY: 269568 NOS/USD: 0.078 PER NOS)STEEL SCRUBBER (8001-12) (QTY: 269568 NOS/USD: 0.078 PER NOS,,,,,,,,,4838.0,KGS,418.1975486,2023239.74,4.801349582,23228.92928,889416.2
INNSA1,2025-01-18,301049751,73239990,STEEL LUNCH BOX 2 LAYER (8504) (QTY : 22500 PCS / USD : 2.12PER PCS)STEEL LUNCH BOX 2 LAYER (8504) (QTY : 22500 PCS / USD : 2.12,,,,,,,,,10762.5,KGS,403.3320985,4340861.71,4.630678513,49837.6775,1590491.7
INNSA1,2025-01-18,301049751,73239990,STEEL RECTANGLE CONTAINER LARGE (6862) (QTY : 42552 PCS / USD : 1.29 PER PCS)STEEL RECTANGLE CONTAINER LARGE (6862) (QTY : 42552 PCS / U,,,,,,,,,10638.0,KGS,469.5775729,4995366.22,5.391246531,57352.0806,1830302.1
INNSA1,2025-01-18,301049751,73239990,STEEL LUNCH BOX (6527) (QTY : 26316 PCS / USD : 1.73 PER PCS)STEEL LUNCH BOX (6527) (QTY : 26316 PCS / USD : 1.73 PER PC,,,,,,,,,9166.74,KGS,451.9690512,4143082.78,5.189082103,47566.96648,1518025.6
INNSA1,2025-01-18,301049751,73239990,STEEL LUNCH BOX (6561) (QTY : 21216 PCS / USD : 2.15 PER PCS)STEEL LUNCH BOX (6561) (QTY : 21216 PCS / USD : 2.15 PER PC,,,,,,,,,8309.6,KGS,499.5505452,4151065.21,5.735367912,47658.6132,1520950.3
INNSA1,2025-01-18,301049751,73239990,STEEL RECTANGLE CONTAINER (6901) (QTY : 55200 PCS / USD : 0.86 PER PCS)STEEL RECTANGLE CONTAINER (6901) (QTY : 55200 PCS / USD : 0.,,,,,,,,,8970.0,KGS,481.617961,4320113.11,5.529482904,49599.46165,1582889.5
INNSA1,2025-01-18,301049751,73239990,STEEL RECTANGLE CONTAINER BIG (6578) (QTY : 35400 PCS / USD: 1.53 PER PCS)STEEL RECTANGLE CONTAINER BIG (6578) (QTY : 35400 PCS / USD,,,,,,,,,10472.5,KGS,470.6541437,4928925.52,5.403606702,56589.27118,1805958.3
INNSA1,2025-01-17,301049751,73239990,STEEL DRAINER (AM-321) (QTY: 43416 PCS /USD 0.7133 PER PCS) STEEL DRAINER (AM-321) (QTY: 43416 PCS /USD 0.7133 PER PCS),,,,,,,,,5969.7,KGS,492.7873846,2941792.85,5.657719686,33774.88921,1077873.0
INNSA1,2025-01-17,301049751,73239990,STEEL TEA STRAINER BIG (SB-12) (QTY : 50400 PCS /USD 0.9876PER PCS)STEEL TEA STRAINER BIG (SB-12) (QTY : 50400 PCS /USD 0.9876,,,,,,,,,12320.0,KGS,383.787668,4728264.07,4.406287807,54285.46579,1732436.0
INNSA1,2025-01-15,301049751,73239990,RYX-02-026-3S MILD STEEL MULTI FUNCTION CLOTH STAND (QTY :848 NUM/CNY 81.50 PER NUM)RYX-02-026-3S MILD STEEL MULTI FUNCTION CLOTH STAND (QTY :84,,,,,,,,,3307.2,KGS,301.4711448,997025.37,3.481191048,11512.99503,365310.1
INNSA1,2025-01-14,301049751,73239990,STEEL SALT BOTTLE (NP-19) (QTY:612 PCS/USD:0.445 PER PCS) STEEL SALT BOTTLE (NP-19) (QTY:612 PCS/USD:0.445 PER PCS),,,,,,,,,95.2,KGS,269.460084,25652.6,3.111548314,296.2193995,9399.1
INNSA1,2025-01-14,301049751,73239990,STEEL SPRINKLER (AM-430) (QTY:50664 PCS/USD:0.566 PER PCS) STEEL SPRINKLER (AM-430) (QTY:50664 PCS/USD:0.566 PER PCS),,,,,,,,,8021.8,KGS,336.7162121,2701070.11,3.888177969,31190.18603,989672.1
INNSA1,2025-01-14,301049751,73239990,STEEL TEA STRAINER BIG (SB-12) (QTY: 25200 PCS/USD 0.988 PERPCS)STEEL TEA STRAINER BIG (SB-12) (QTY: 25200 PCS/USD 0.988 PER,,,,,,,,,6160.0,KGS,391.6578864,2412612.58,4.522608388,27859.26767,883981.3
INNSA1,2025-01-14,301049751,73239990,STEEL DRAINER (AM-321) (QTY: 20784 PCS/USD 0.713 PER PCS) STEEL DRAINER (AM-321) (QTY: 20784 PCS/USD 0.713 PER PCS),,,,,,,,,2857.8,KGS,502.4778326,1435981.15,5.802284441,16581.76848,526143.4
INNSA1,2025-01-13,301049751,73239990,STEEL HANGER WITH HOOK (SL-89) (QTY:70056 PCS/ CNY:7.45 PERPCS)STEEL HANGER WITH HOOK (SL-89) (QTY:70056 PCS/ CNY:7.45 PER,,,,,,,,,15568.0,KGS,411.7987693,6410883.24,4.755182093,74028.67483,2348947.6
INNSA1,2025-01-09,301049751,73239990,STEEL SALT BOTTLE (NP-19) (QTY: 2916 PCS/USD 0.438 PER PCS) STEEL SALT BOTTLE (NP-19) (QTY: 2916 PCS/USD 0.438 PER PCS),,,,,,,,,453.6,KGS,265.9902116402116,120653.16,3.071480503928541,1393.223556581986,44207.3
INNSA1,2025-01-08,301049751,73231000,STEEL SCRUBBER 2PCS SET (8001-2) (QTY: 168000 SET/USD 0.142PER SET)STEEL SCRUBBER 2PCS SET (8001-2) (QTY: 168000 SET/USD 0.142,,,,,,,,,4900.0,KGS,460.5525224489796,2256707.36,5.318158457840411,26058.97644341801,992048.5
INNSA1,2025-01-04,301049751,73231000,STEEL SCRUBBER 6 PCS SET (OKS-4156) (QTY: 98400 SET/USD: 0.238 PER SET)STEEL SCRUBBER 6 PCS SET (OKS-4156) (QTY: 98400 SET/USD: 0.2,,,,,,,,,9151.0,KGS,241.527206862638,2210215.47,2.788997769776421,25522.11859122402,971610.7
INNSA1,2025-01-03,301049751,73239990,STEEL ROUND CONTAINER (6856) (QTY : 122400 PCS / USD 0.55 PER PCS)STEEL ROUND CONTAINER (6856) (QTY : 122400 PCS / USD 0.55 P,,,,,,,,,10200.0,KGS,591.4582637254903,6032874.29,6.829772098446768,69663.67540415705,2210445.2
INNSA1,2025-01-03,301049751,73239990,STEEL RECTANGLE CONTAINER LARGE (6862) (QTY : 42684 PCS / USD 1.29 PER PCS)STEEL RECTANGLE CONTAINER LARGE (6862) (QTY : 42684 PCS / U,,,,,,,,,10671.0,KGS,462.412824477556,4934407.25,5.339640005514504,56979.29849884527,1807966.7
INNSA1,2025-01-03,301049751,73239990,STEEL ROUND CONTAINER MEDIUM (6581) (QTY : 87792 PCS / USD0.83 PER PCS)STEEL ROUND CONTAINER MEDIUM (6581) (QTY : 87792 PCS / USD,,,,,,,,,10608.2,KGS,615.5616211986952,6530000.79,7.108101861416807,75404.16616628176,2392592.3
INNSA1,2025-01-03,301049751,73239990,STEEL RECTANGLE CONTAINER BIG (6578) (QTY : 26364 PCS / USD1.53 PER PCS)STEEL RECTANGLE CONTAINER BIG (6578) (QTY : 26364 PCS / USD,,,,,,,,,7799.35,KGS,463.4730573701654,3614788.59,5.351882879563111,41741.20773672056,1324458.6
INNSA1,2025-01-03,301049751,73239990,STEEL ROUND CONTAINER (6857) (QTY : 66840 PCS / USD 0.69 PER PCS)STEEL ROUND CONTAINER (6857) (QTY : 66840 PCS / USD 0.69 PE,,,,,,,,,8522.1,KGS,484.9747163257882,4133003.03,5.600169934477925,47725.20819861432,1514332.3
INNSA1,2025-01-03,301049751,73239990,STEEL LUNCH BOX 2 LAYER (8504) (QTY : 22080 PCS / USD 2.12PER PCS)STEEL LUNCH BOX 2 LAYER (8504) (QTY : 22080 PCS / USD 2.12,,,,,,,,,10561.6,KGS,397.1782040599909,4194837.32,4.586353395611906,48439.23002309469,1536988.4
INNSA1,2025-01-03,301049751,73239990,STEEL LUNCH BOX SMALL (6587) (QTY : 54792 PCS / USD 1.37 PER PCS)STEEL LUNCH BOX SMALL (6587) (QTY : 54792 PCS / USD 1.37 PE,,,,,,,,,11118.21,KGS,605.0385035001137,6726945.14,6.986587800232263,77678.35034642032,2464752.7
INNSA1,2025-01-02,301049751,73239990,STEEL SALT BOTTLE (NP-19) (QTY : 112896 PCS/USD 0.438 PER PCS)STEEL SALT BOTTLE (NP-19) (QTY : 112896 PCS/USD 0.438 PER P,,,,,,,,,17561.6,KGS,257.9793697612974,4530530.5,3.001505174651512,52711.23327515998,1659986.4
INNSA1,2025-01-02,301049751,73239990,STEEL TEA STRAINER BIG (SB-12) (QTY : 2070 PCS / USD 0.994 PER PCS)STEEL TEA STRAINER BIG (SB-12) (QTY : 2070 PCS / USD 0.994 P,,,,,,,,,506.0,KGS,372.5654545454545,188518.12,4.334676609022159,2193.346364165212,69073.1
INNSA1,2025-01-02,301049751,73239990,STEEL TEA STRAINER (NP-55) (QTY : 201600 PCS / USD 0.274 PERPCS)STEEL TEA STRAINER (NP-55) (QTY : 201600 PCS / USD 0.274 PER,,,,,,,,,8400.0,KGS,602.5016511904762,5061013.87,7.009908681680932,58883.23292611983,1854355.5
INNSA1,2025-01-02,301049751,73239990,STEEL KITCHEN BASKET (AM-322) (QTY:15000 PCS / USD 1.186 PER PCS)STEEL KITCHEN BASKET (AM-322) (QTY:15000 PCS / USD 1.186 PE,,,,,,,,,4125.0,KGS,395.1376436363636,1629942.78,4.597296610079857,18963.8485165794,597211.1
INNSA1,2025-01-02,301049751,73239990,STEEL DRAINER (AM-321) (QTY : 20040 PCS / USD 0.716 PER PCS) STEEL DRAINER (AM-321) (QTY : 20040 PCS / USD 0.716 PER PCS),,,,,,,,,2755.5,KGS,477.0971076029758,1314641.08,5.550868034938637,15295.41687027342,481684.5
INNSA1,2024-12-20,301049751,73239990,STEEL SALT BOTTLE (NP-19) (QTY: 28800 PCS/USD 0.441 PER PCS) STEEL SALT BOTTLE (NP-19) (QTY: 28800 PCS/USD 0.441 PER PCS),,,,,,,,,4480.0,KGS,268.1586361607143,1201350.69,3.119937593492894,13977.32041884817,440174.8
INNSA1,2024-12-20,301049751,73239990,STEEL SALT BOTTLE (NP-19) (QTY: 7200 PC/USD 0.441 PER PC) STEEL SALT BOTTLE (NP-19) (QTY: 7200 PC/USD 0.441 PER PC),,,,,,,,,1120.0,KGS,262.0184375,293460.65,3.048498400232694,3414.318208260617,107523.9
INNSA1,2024-12-04,301049751,73239990,RYX-02-020 MILD STEEL MULTI FUNCTION CLOTH STAND (QTY :1232NUM/CNY 101.00 PER NUM),,,,,,,,,4004.0,KGS,412.0053346653347,1649669.36,4.82724469438002,19328.2877562976,604438.9
INNSA1,2024-11-30,301049751,73239990,RYX-02-020 MILD STEEL MULTI FUNCTION CLOTH STAND (QTY :1232NUM/CNY 101.00 PER NUM),,,,,,,,,4004.0,KGS,412.0053347,1649669.36,4.827244694,19328.28776,604438.9
INNSA1,2024-11-27,301049751,73239990,GS-47 STEEL GIFT BOX HEART SHAPE (QTY:44280 PCS/USD 0.212 PER PCS),,,,,,,,,3075.0,KGS,292.7933756,900339.63,3.43050235,10548.79473,329884.4
INNSA1,2024-11-27,301049751,73239990,GS-47 STEEL GIFT BOX HEART SHAPE (QTY:6120 PCS/UDS 0.211 PERPCS),,,,,,,,,425.0,KGS,282.3745412,120009.18,3.308430477,1406.082953,43971.3
INNSA1,2024-11-19,301049751,73231000,SS SCRUBBER 3PCS SET (SS410) (QTY: 119160 SET/USD 0.16 PER SET),,,,,,,,,7447.5,KGS,247.0289869083585,1839748.38,2.896002191188259,21567.97631887456,808753.4
INNSA1,2024-11-12,301049751,73231000,STEEL SCRUBBER (8001-12) (QTY: 278640 NOS/USD 0.084 PER NOS),,,,,,,,,4838.0,KGS,446.5811451012817,2160559.58,5.241562735930534,25358.68051643193,949782.0
INNSA1,2024-11-12,301049751,73231000,STEEL SCRUBBER 2 PCS SET (8001-2) (QTY:168000 SETS/USD:0.148PER SET),,,,,,,,,4900.0,KGS,466.2892346938776,2284817.25,5.472878341477437,26817.10387323944,1004405.6
INNSA1,2024-11-05,301049751,73239990,HOUSEHOLD STEEL HOOK 3PCS SET (3888) (QTY: 181872 PCS / USD0.260 PER PCS),,,,,,,,,6062.4,KGS,680.6434415413038,4126332.8,8.012283008137771,48573.66450853444,1511888.4
INNSA1,2024-11-05,301049751,73231000,STEEL SCRUBBER 6PCS SET (OKS-4156) (QTY: 98400 NOS /USD 0.238 PER NOS),,,,,,,,,9151.0,KGS,229.7309725713037,2102268.13,2.704308093835241,24747.12336668628,924157.1
INNSA1,2024-10-30,301049751,73239990,MILD STEEL MULTI FUNCTION CLOTH STAND (RYX-02-020) (QTY: 1232 NOS/CNY 101 PER NOS),,,,,,,,,4004.0,KGS,413.8107067932068,1656898.07,4.871226683851757,19504.39164214244,607087.5
INNSA1,2024-10-22,301049751,73239990,MILD STEEL MULTI FUNCTION CLOTH STAND (RYX-02-021A) (QTY: 3888 NOS/CNY 61.50 PER NOS),,,,,,,,,14256.0,KGS,214.7052160493828,3060837.56,2.527430442017454,36031.04838140083,1121490.9
INNSA1,2024-10-18,301049751,73239990,HOUSEHOLD STEEL HOOK 3PCS SET (3888) (QTY: 30288 SET/USD 0.26PER SET),,,,,,,,,1009.6,KGS,672.8216323296355,679280.72,7.920207561267045,7996.241553855209,248888.4
INNSA1,2024-10-16,301049751,73231000,STEEL SCRUBBER 2PCS SET (8001-2) (QTY: 168000 NOS /USD 0.148PER NOS),,,,,,,,,4914.0,KGS,439.3085958485958,2158762.44,5.174423979370975,25427.11943462897,948991.9
INNSA1,2024-10-14,301049751,73231000,STEEL SCRUBBER 6PCS SET (OKS-4156) (QTY: 98400 SET/USD 0.238PER SET),,,,,,,,,9151.0,KGS,222.5063785378647,2036155.87,2.620805400917134,23982.99022379269,895094.1
INNSA1,2024-10-13,301049751,73239990,MILD STEEL MULTI FUNCTION CLOTH STAND (RYX-02-020) (QTY:1232NOS / CNY 101.00 PER NOS),,,,,,,,,4004.0,KGS,399.8823226773227,1601128.82,4.710039136364225,18858.99670200235,586653.7
INNSA1,2024-10-08,301049751,73239990,HOUSEHOLD STEEL HOOK 2PCS SET (2758) (QTY: 2400 SET/USD 0.265 PER SET),,,,,,,,,64.0,KGS,854.61203125,54695.17,10.06610166372202,644.2305064782096,20040.3
INNSA1,2024-10-05,301049751,73239990,RYX-02-020 MILD STEEL MULTI FUNCTION CLOTH STAND (QTY :1232NUM/CNY 101.00 PER NUM),,,,,,,,,4004.0,KGS,393.9698276723277,1577455.19,4.640398441370173,18580.15535924617,577979.5
INNSA1,2024-10-01,301049751,73231000,STEEL SCRUBBER 6PCS SET (OKS-4156) (QTY: 89160 SET/USD 0.238PER SET),,,,,,,,,7250.0,KGS,257.4036744827586,1866176.64,3.04259662509171,22058.8255319149,820371.2
INNSA1,2024-09-28,301049751,73239990,RYX-02-026-3S MILD STEEL MULTI FUNCTION CLOTH STAND (QTY :848 NUM/CNY 82.00 PER NUM),,,,,,,,,3307.2,KGS,283.3451681180455,937079.14,3.349233665697937,11076.58557919622,343345.8
INNSA1,2024-09-28,301049751,73239990,RYX-02-021A MILD STEEL MULTI FUNCTION CLOTH STAND (QTY :3888NUM/CNY 61.50 PER NUM),,,,,,,,,14256.0,KGS,222.983730359147,3178856.06,2.635741493606939,37575.13073286053,1164732.8
INNSA1,2024-09-25,301049751,73239990,RYX-02-020 MILD STEEL MULTI FUNCTION CLOTH STAND (QTY :1232NUM/CNY 101.00 PER NUM),,,,,,,,,4004.0,KGS,399.2651923076924,1598657.83,4.719446717585017,18896.6646572104,585748.3
INNSA1,2024-09-11,301049751,73231000,STEEL WIRE CLEANING CLOTH 3PCS SET (AM-793) (QTY: 1250 SET /USD 0.184 PER SET),,,,,,,,,50.0,KGS,420.5412,21027.06,4.953371025,247.6685512,9243.4
INNSA1,2024-09-06,301049751,73239990,RYX-02-020 MILD STEEL MULTI FUNCTION CLOTH STAND (QTY :2464NUM/CNY 101.00 PER NUM),,,,,,,,,8008.0,KGS,406.7741021478521,3257447.01,4.791214395145492,38368.04487632508,1193528.5
INNSA1,2024-09-05,301049751,73231000,SS SCRUBBER 3PCS SET (SS410) (QTY: 118680 SET/USD 0.16 PER SET),,,,,,,,,7417.5,KGS,234.1158328277722,1736554.19,2.759173044522949,20466.16605774897,763389.2
INNSA1,2024-09-03,301049751,73231000,STEEL SCRUBBER 6PCS SET (OKS-4156) (QTY: 98400 SET/USD 0.238 PER SET),,,,,,,,,9151.0,KGS,230.3877259315921,2108278.08,2.715235426418293,24847.1193871538,926799.1
INNSA1,2024-08-29,301049751,73239990,AM-625 STEEL HANGER (QTY:10500 PCS/USD 0.5610 PER PCS),,,,,,,,,1750.0,KGS,307.56428,538237.49,3.6248,6343.400000000001,197210.2
INNSA1,2024-08-26,301049751,73239990,RYX-02-020 MILD STEEL MULTI FUNCTION CLOTH STAND (QTY :1232NUM/CNY 101.00 PER NUM),,,,,,,,,4004.0,KGS,419.5406618381618,1679840.81,4.944498077055532,19797.77030053035,615493.7
INNSA1,2024-08-26,301049751,73239990,RYX-02-021A MILD STEEL MULTI FUNCTION CLOTH STAND (QTY :3888NUM/CNY 61.50 PER NUM),,,,,,,,,14256.0,KGS,241.0090551346801,3435825.09,2.840413142424044,40492.92975839717,1258886.3
INNSA1,2024-08-24,301049751,73239990,HOUSEHOLD STEEL HOOK 3PCS SET (2628) (QTY: 167040 NOS/USD 0.375 PER NOS),,,,,,,,,5660.8,KGS,969.7585376625212,5489609.13,11.42909296007686,64697.80942840307,2011392.8
INNSA1,2024-08-20,301049751,73231000,STEEL SCRUBBER 2PCS SET (8001-2) (QTY: 168000 SET/USD 0.148PER SET),,,,,,,,,4914.0,KGS,461.7556084656085,2269067.06,5.442022492228738,26742.09852681203,997481.8
INNSA1,2024-08-16,301049751,73239990,STEEL SPRINKLER (AM-430) (QTY: 38496 PC/ USD 0.572 PER PC),,,,,,,,,7057.6,KGS,293.6619516549535,2072548.59,3.460954056039523,24426.02934590454,759381.8
INNSA1,2024-08-16,301049751,73239990,RYX-02-020 MILD STEEL MULTI FUNCTION CLOTH STAND (QTY :1232NUM/CNY 101.00 PER NUM),,,,,,,,,4004.0,KGS,419.5306893106893,1679800.88,4.944380545794807,19797.29970536241,615479.1
INNSA1,2024-08-13,301049751,73239990,RYX-02-021A MILD STEEL MULTI FUNCTION CLOTH STAND (QTY :3888NUM/CNY 61.50 PER NUM),,,,,,,,,14256.0,KGS,238.3682877384961,3398178.31,2.817592053646526,40167.59231678488,1245092.6
INNSA1,2024-08-12,301049751,73231000,STEEL SCRUBBER 6PCS SET (OKS-4156) (QTY:98400 PCS/USD:0.238PER PCS),,,,,,,,,8856.0,KGS,247.6240401987353,2192958.5,2.926998111096162,25921.49527186761,964024.6
INNSA1,2024-08-10,301049751,73239990,HOUSEHOLD STEEL HOOK 3PCS SET (3888) (QTY:3168 SET/USD 0.265PER SET),,,,,,,,,146.5,KGS,533.2972013651877,78128.04,6.303749425120423,923.4992907801418,28626.2
INNSA1,2024-08-05,301049751,73239990,STEEL CUTLERY HOLDER (H2740) (QTY: 960 NOS/USD 1.95 PER NOS),,,,,,,,,460.0,KGS,390.5511304347826,179653.52,4.616443622160551,2123.564066193853,65825.1
INNSA1,2024-08-02,301049751,73239990,AM-430 STEEL SPRINKLER (QTY: 62400 PCS/USD 0.5712 PER PCS),,,,,,,,,11440.0,KGS,290.5159895104895,3323502.92,3.433995147878127,39284.90449172576,1217731.5
INNSA1,2024-08-02,301049751,73231000,STEEL SCRUBBER 2PCS SET (8001-2) (QTY: 168480 SET/USD 0.148PER SET),,,,,,,,,4914.0,KGS,472.3843650793651,2321296.77,5.583739539945213,27438.49609929079,1020442.1
INNSA1,2024-08-02,301049751,73239990,STEEL HANGER WITH HOOK (SM1168) (QTY: 57792 NOS/USD 1.23 PERNOS),,,,,,,,,10836.0,KGS,574.5712532299741,6226054.1,6.791622378604895,73594.02009456264,2281226.2
INNSA1,2024-07-30,301049751,73239990,RYX-02-020 MILD STEEL MULTI FUNCTION CLOTH STAND (QTY :1232NUM/CNY 101.00 PER NUM),,,,,,,,,4004.0,KGS,411.6056768231768,1648069.13,4.882629618305775,19550.04899169632,603852.5
INNSA1,2024-07-30,301049751,73239990,SY604A-4 STEEL HOOK 4PCS SET(QTY :25200 SET/USD 0.5207 PERSET),,,,,,,,,2940.0,KGS,414.1170408163266,1217504.1,4.912420413005059,14442.51601423488,446093.5
INNSA1,2024-07-26,301049751,73239990,MILD STEEL MULTI FUNCTION CLOTH STAND (RYX-02-020) (QTY: 1232 NOS/CNY 101 PER NOS),,,,,,,,,4004.0,KGS,444.9483616383616,1781573.24,5.278153756089699,21133.72763938316,652768.4
INNSA1,2024-07-26,301049751,73239990,HOUSEHOLD STEEL HOOK 3PCS SET (2628) (QTY: 167040 SET/USD 0.375 PER SET),,,,,,,,,5660.8,KGS,982.0263549321652,5559054.79,11.64918570500789,65943.71043890866,2036837.7
INNSA1,2024-07-19,301049751,73231000,STEEL SCRUBBER 6PCS SET (OKS-4156) (QTY: 98400 SET/USD 0.238PER SET),,,,,,,,,8856.0,KGS,255.776303071364,2265154.94,3.0341198466354,26870.1653618031,995762.1
INNSA1,2024-07-18,301049751,73231000,STEEL SCRUBBER 2PCS SET (8001-2) (QTY: 166320 SET/USD 0.151PER SET),,,,,,,,,4851.0,KGS,509.081708925995,2469555.37,6.03892893150646,29294.8442467378,1085616.6
INNSA1,2024-07-18,301049751,73231000,STEEL SCRUBBER 2PCS SET (8001-2) (QTY: 166920 SET/USD 0.151PER SET),,,,,,,,,4869.0,KGS,508.771285684946,2477207.39,6.0352465680302,29385.615539739,1088980.3
INNSA1,2024-07-15,301049751,73239990,STEEL HANGER WITH HOOK (SL-89) (QTY: 70056 PCS/CNY 7.45 PERPCS),,,,,,,,,15568.0,KGS,409.112718396711,6369066.8,4.85305715773086,75552.393831554,2333626.1
INNSA1,2024-07-07,301049751,73239990,MILD STEEL MULTI FUNCTION CLOTH STAND (RYX-02-021A) (QTY: 3888 NOS/CNY 61.50 PER NOS),,,,,,,,,14256.0,KGS,280.6824116,4001408.46,3.329565974,47466.29253,1466116.1
INNSA1,2024-07-02,301049751,73239990,STEEL HANGER 10PCS SET (SY772-42) (QTY: 10080 SET/USD 1.2326PER SET),,,,,,,,,5264.0,KGS,224.3292401,1180869.12,2.661082326,14007.93737,432670.4
INNSA1,2024-06-29,301049751,73239990,MILD STEEL MULTI FUNCTION CLOTH STAND (RYX-02-020) (QTY: 1232 NOS / CNY 101.00 PER NOS),,,,,,,,,4004.0,KGS,463.6565284715285,1856480.74,5.500077443315877,22022.31008303677,680214.5
INNSA1,2024-06-27,301049751,73239990,RYX-02-020 MILD STEEL MULTI FUNCTION CLOTH STAND (QTY :1232NUM/CNY 101.00 PER NUM),,,,,,,,,4004.0,KGS,395.2312462537462,1582505.91,4.688389635275756,18772.31209964413,579830.2
INNSA1,2024-06-27,301049751,73231000,STEEL SCRUBBER 2PCS SET (8001-2) (QTY: 167880 SET/USD 0.151PER SET),,,,,,,,,4896.0,KGS,507.5635375816994,2485031.08,6.02091978151482,29478.42325029656,1092419.6
INNSA1,2024-06-24,301049751,73239990,STEEL HANGER 10PCS SET (SY772-42) (QTY: 5040 SET/USD 1.2517PER SET),,,,,,,,,2632.0,KGS,230.5358738601824,606770.42,2.734707874972508,7197.75112692764,222320.7
INNSA1,2024-06-22,301049751,73239990,STEEL GIFT BOX HEART SHAPE (GS-47) (QTY: 1008 PCS/USD 0.222PER PCS),,,,,,,,,60.9,KGS,366.3,22307.67,4.345195729537366,264.6224199288256,8173.5
INNSA1,2024-06-22,301049751,73239990,STEEL GIFT BOX SQUARE SHAPE (GS-48) (QTY: 480 PCS/USD 0.776PER PCS),,,,,,,,,108.0,KGS,343.8049074074074,37130.93,4.078350028557622,440.4618030842231,13604.8
INNSA1,2024-06-21,301049751,73239990,STEEL LUNCH BOX (6717) (QTY: 336 NOS/USD 2.960 PER NOS),,,,,,,,,128.8,KGS,724.9812111801242,93377.58,8.600014367498508,1107.681850533808,34213.6
INNSA1,2024-06-21,301049751,73239990,STEEL ROUND CONTAINER (6856) (QTY: 16056 NOS/USD 0.568 PER NOS),,,,,,,,,1338.0,KGS,639.9429671150971,856243.69,7.59125702390388,10157.10189798339,313727.7
INNSA1,2024-06-21,301049751,73239990,STEEL ROUND CONTAINER (6857) (QTY: 27984 NOS/USD 0.718 PER NOS),,,,,,,,,3567.96,KGS,528.7201229834415,1886452.25,6.27188757987475,22377.84400948992,691196.1
INNSA1,2024-06-20,301049751,73231000,SS SCRUBBER 3PCS SET (SS410) (QTY: 120360 SET/USD 0.16 PER SET),,,,,,,,,7522.5,KGS,258.4188434695913,1943955.75,3.065466707824333,23059.97330960854,854563.0
INNSA1,2024-06-20,301049751,73239990,MILD STEEL MULTI FUNCTION CLOTH STAND (RYX-02-020) (QTY: 1232 NOS/CNY 101 PER NOS),,,,,,,,,4004.0,KGS,443.655322177822,1776395.91,5.262815209701332,21072.31209964413,650871.5
INNSA1,2024-06-17,301049751,73231000,STEEL SCRUBBER 6PCS SET (OKS-4156) (QTY: 98400 SET/USD 0.239PER SET),,,,,,,,,8782.0,KGS,246.8992780687771,2168269.46,2.928817058941602,25720.87141162515,953171.3
INNSA1,2024-06-15,301049751,73231000,STEEL SCRUBBER (8001-2) (QTY: 168000 SET/0.151 PER SET),,,,,,,,,4900.0,KGS,474.342393877551,2324277.73,5.626837412545089,27571.50332147094,1021752.5
INNSA1,2024-06-11,301049751,73239990,STEEL HOOK 4PCS SET (SY604A-4) (QTY: 10200 SET/USD 0.5285 PER SET),,,,,,,,,1164.5,KGS,419.7833319021039,488837.69,4.979636202871934,5798.786358244365,179110.1
INNSA1,2024-06-06,301049751,73239990,STEEL SPRINKLER (AM-430) (QTY: 30120 PCS/ USD 0.5744 PER PCS),,,,,,,,,5522.0,KGS,283.3059416877942,1564415.41,3.358695218586773,18546.71499703616,573201.8
INNSA1,2024-06-04,301049751,73239990,STEEL ROUND CONTAINER (6857) (QTY: 30936 NOS/USD 0.718 PER NOS),,,,,,,,,3944.34,KGS,504.6247737264029,1990411.68,5.982510654729139,23597.05607587433,729286.8
INNSA1,2024-06-04,301049751,73239990,STEEL ROUND CONTAINER MEDIUM (6581) (QTY: 79752 NOS/USD 0.875 PER NOS),,,,,,,,,9636.7,KGS,648.896679361192,6253222.63,7.69290669070767,74134.23390634263,2291180.8
INNSA1,2024-06-01,301049751,73239990,STAINLESS STEEL GRATER WITH HANDLE (KL324H-9S) (QTY: 59040 NOS/USD 0.62 PER NOS),,,,,,,,,9676.0,KGS,333.0922591980157,3223000.7,3.94893016239497,38209.84825133374,1180907.4
INNSA1,2024-05-31,301049751,73231000,SS SCRUBBER 3PCS SET (SS410) (QTY: 118560 SET/USD 0.16 PER SET),,,,,,,,,7410.0,KGS,237.0249851551957,1756355.14,2.810017607056262,20822.2304682869,772093.7
INNSA1,2024-05-28,301049751,73239990,MILD STEEL MULTI FUNCTION CLOTH STAND (RYX-02-021A) (QTY: 6480 NOS/CNY 61.50 PER NOS),,,,,,,,,23760.0,KGS,228.0457066498317,5418365.99,2.703564986957103,64236.70409010077,1985289.3
INNSA1,2024-05-28,301049751,73239990,MILD STEEL MULTI FUNCTION CLOTH STAND (RYX-02-020) (QTY: 1232 NOS/CNY 100 PER CNY),,,,,,,,,4004.0,KGS,418.3452697302697,1675054.46,4.959635681449551,19858.38126852401,613740.0
INNSA1,2024-05-24,301049751,73239990,HOUSEHOLD STEEL HOOK 3PCS SET (3888) (QTY: 208992 SET/USD 0.265 PER SET),,,,,,,,,6966.4,KGS,692.1781479673863,4821989.85,8.206024279399957,57166.44754001185,1766777.1
INNSA1,2024-05-23,301049751,73239990,STEEL TEA STRAINER (AM-603) (QTY: 10080 PCS/USD 0.5547 PER PCS),,,,,,,,,560.0,KGS,887.0260714285713,496734.6,10.51601744432213,5888.969768820391,182003.6
INNSA1,2024-05-23,301049751,73239990,STEEL HAND BLENDER (AM-474) (QTY: 15000 PCS/USD 0.6518 PER PCS),,,,,,,,,1500.0,KGS,579.0549266666667,868582.39,6.864907251531318,10297.36087729698,318248.6
INNSA1,2024-05-23,301049751,73239990,STEEK HANGER WITH HOOK (AM-624) (QTY: 1440 PCS/USD 0.3190 PER PCS),,,,,,,,,195.0,KGS,209.2781538461538,40809.24,2.48106880671196,483.8084173088322,14952.5
INNSA1,2024-05-23,301049751,73231000,STEEL SCRUBBER 2PCS SET (8001-2) (QTY: 168000 SET/USD 0.151PER SET),,,,,,,,,4900.0,KGS,463.8649102040816,2272938.06,5.499287613563506,26946.50930646118,999183.6
INNSA1,2024-05-23,301049751,73239990,STEEL TEA STRAINER (NP-55) (QTY: 50400 PCS/USD 0.2787 PER PCS),,,,,,,,,2310.0,KGS,540.2078744588745,1247880.19,6.404361285819496,14794.07457024304,457223.3
INNSA1,2024-05-23,301049751,73239990,STEEL HANGER (AM-625) (QTY: 750 PCS/USD 0.5825 PER PCS),,,,,,,,,125.0,KGS,310.49712,38812.14,3.681056550088916,460.1320687611145,14220.7
INNSA1,2024-05-23,301049751,73239990,STEEL FOLDABLE HANGER (AM-623) (QTY: 360 PCS/USD 1.0540 PERPCS),,,,,,,,,120.0,KGS,280.9100833333333,33709.21,3.330291444378581,399.6349733254298,12351.0
INNSA1,2024-05-22,301049751,73239990,STEEL SALT BOTTLE (NP-19) (QTY: 18000 PCS / USD : 0.4450 PER PCS),,,,,,,,,3730.0,KGS,195.9894235924933,731040.55,2.323526065115511,8666.752222880854,267853.2
INNSA1,2024-05-22,301049751,73239990,STEEL BASKET SMALL (SY-845-3) (QTY: 7600 PCS / USD : 0.9666PER PCS),,,,,,,,,1330.0,KGS,504.1011278195489,670454.5,5.976302641606983,7948.482513337286,245654.5
INNSA1,2024-05-22,301049751,73239990,SLEEL GRATER (SY320F) (QTY: 25200 PCS/USD 0.3755 PER PCS),,,,,,,,,2520.0,KGS,341.8951468253968,861575.77,4.053291604331912,10214.29484291642,315681.4
INNSA1,2024-05-22,301049751,73239390,NON STICK SAUCE PAN 16CM (AN-02) (QTY: 18210 PCS/USD 0.5674PER PCS),,,,,,,,,4673.9,KGS,199.2951304050151,931485.51,2.362716424481507,11043.10029638412,341296.3
INNSA1,2024-05-22,301049751,73239990,STEEL BASKET SMALL (SY-845-3) (QTY: 840 PCS/USD 0.9666 PER PCS),,,,,,,,,147.0,KGS,502.9091836734692,73927.65,5.962171709229037,876.4392412566687,27087.1
INNSA1,2024-05-22,301049751,73239990,STEEL HAND BLENDER (AM-474) (QTY: 15000 PCS/USD 0.6536 PER PCS),,,,,,,,,1500.0,KGS,589.2358133333332,883853.72,6.985605374431932,10478.4080616479,323844.0
INNSA1,2024-05-22,301049751,73239990,STEEL SOAP DISPENSER (SY-XL8168) (QTY: 2040 PCS / USD : 2.3504 PER PCS),,,,,,,,,357.0,KGS,1225.781456582633,437603.98,14.53208602943252,5187.95471250741,160338.1
INNSA1,2024-05-22,301049751,73239990,STEEL FRUIT BASKET (SD1078-B) (QTY: 20160 PCS/USD 0.8762 PERPCS),,,,,,,,,3864.0,KGS,412.1295238095238,1592468.48,4.885945747593643,18879.29436870184,583480.5
INNSA1,2024-05-22,301049751,73239990,STEEL LEMON SQUEEZER (AM-217) (QTY: 6000 PCS/USD 1.8080 PERPCS),,,,,,,,,1750.0,KGS,558.8415771428572,977972.76,6.625270624100264,11594.22359217546,358329.3
INNSA1,2024-05-22,301049751,73239390,NON STICK FRY PAN 16CM (AN-01) (QTY: 14100 PCS/USD 0.5048 PER PCS),,,,,,,,,3196.0,KGS,200.7746214017522,641675.69,2.380256329599908,7607.299229401304,235109.9
INNSA1,2024-05-19,301049751,73239990,STEEL SALT BOTTLE (NP-19) (QTY: 23976 PCS/USD 0.4450 PER PCS,,,,,,,,,3729.6,KGS,262.8018715143715,980145.86,3.115611991871624,11619.98648488441,359125.5
INNSA1,2024-05-19,301049751,73239990,STEEL SPRINKLER (AM-430) (QTY: 71592PCS/USD 0.5744 PER PCS),,,,,,,,,13125.2,KGS,287.8240118245817,3777747.72,3.412258587131971,44786.57640782455,1384166.8
INNSA1,2024-05-17,301049751,73239990,STEEL BASKET SQUARE (SY-845-6) (QTY: 20000 PCS/USD 0.7975 PER PCS),,,,,,,,,3500.0,KGS,413.4393342857143,1447037.67,4.901474028283513,17155.1590989923,530194.6
INNSA1,2024-05-17,301049751,73239990,STEEL BASKET ROUND (SY-845-7) (QTY: 20400 PCS/USD 0.5686 PERPCS),,,,,,,,,2635.0,KGS,399.3701366223909,1052340.31,4.734678561024197,12475.87800829875,385577.5
INNSA1,2024-05-17,301049751,73239990,STEEL CUTLERY HOLDER (SY-845-2) (QTY: 20000 PCS/USD 0.8321 PER PCS),,,,,,,,,2800.0,KGS,539.2207428571429,1509818.08,6.392658480819716,17899.4437462952,553197.4
INNSA1,2024-05-17,301049751,73239390,NON STICK FRY PAN 16CM (AN-01) (QTY: 26400 PCS/USD 0.5034 PER PCS),,,,,,,,,5984.0,KGS,211.8011062834225,1267417.82,2.510979327604298,15025.70029638412,464382.0
INNSA1,2024-05-17,301049751,73239390,NON STICK SAUCE PAN 16CM (AN-02) (QTY: 41790 PCS/USD 0.5658PER PCS),,,,,,,,,10726.1,KGS,210.230681235491,2254955.31,2.492361366158756,26733.31724955542,826215.7
INNSA1,2024-05-17,301049751,73239990,STEEL BASKET BIG (SY-845-4) (QTY: 10000 PCS/USD 1.1026 PER PCS),,,,,,,,,2250.0,KGS,444.5847555555557,1000315.7,5.270714351577422,11859.1072910492,366515.6
INNSA1,2024-05-17,301049751,73239990,STEEL BASKET SMALL (SY-845-3) (QTY: 2700 PCS/USD 0.9639 PERPCS),,,,,,,,,612.5,KGS,385.4862040816328,236110.3,4.570079479331745,2799.173681090693,86510.9
INNSA1,2024-05-15,301049751,73231000,STEEL SCRUBBER 2PCS SET (8001-2) (QTY: 168960 SET/USD 0.151PER SET),,,,,,,,,4928.0,KGS,463.7218932629871,2285221.49,5.497592095589652,27092.1338470658,1004583.3
INNSA1,2024-05-07,301049751,73239990,STEEL RECTANGLE CONTAINER BIG (6578) (QTY:9132 PCS/USD 1.598 PER PCS),,,,,,,,,2701.55,KGS,469.0563491,1267179.18,5.560834015,15022.87113,464294.4
INNSA1,2024-05-07,301049751,73239990,STEEL ROUND CONTAINER (6857) (QTY:46296 PCS/USD 0.718 PER PCS),,,,,,,,,5902.74,KGS,489.0008098,2886444.64,5.797282867,34219.85347,1057593.3
INNSA1,2024-05-07,301049751,73239990,STEEL LUNCH BOX SMALL (6587) (QTY:51000 PCS/USD 1.470 PER PCS),,,,,,,,,10348.75,KGS,629.0640802,6510026.9,7.457783998,77178.74215,2385273.8
INNSA1,2024-05-07,301049751,73239990,STEEL RECTANGLE CONTAINER LARGE (6862) (QTY:43200 PCS/USD 1.380 PER PCS),,,,,,,,,10800.0,KGS,479.3297241,5176761.02,5.68262862,61372.38909,1896765.2
INNSA1,2024-05-07,301049751,73239990,STEEL ROUND CONTAINER MEDIUM (6581) (QTY:8040 PCS/USD 0.875PER PCS),,,,,,,,,971.5,KGS,628.8058363,610884.87,7.454722422,7242.262833,223828.2
INNSA1,2024-05-06,301049751,73239990,HOUSEHOLD STEEL HOOK 3PCS SET (3888) (QTY:215808 PCS/USD 0.265 PER PCS),,,,,,,,,7193.6,KGS,687.9634564,4948933.92,8.156057574,58671.41577,1813289.4
INNSA1,2024-05-04,301049751,73239990,STEEL TEA STRAINER BIG (SB-12) (QTY: 24372 PCS/USD 1.0347 PER PCS),,,,,,,,,5957.6,KGS,379.329663,2259894.4,4.49709144,26791.87196,828025.3
INNSA1,2024-05-04,301049751,73239990,STEEL DRAINER (AM-321) (QTY: 25200 PCS/USD 0.7277 PER PCS),,,,,,,,,3465.0,KGS,474.2771429,1643370.3,5.622728427,19482.754,602130.9
INNSA1,2024-05-04,301049751,73239990,STEEL HAND BLENDER (AM-474) (QTY: 15000 PCS/USD 0.6527 PER PCS),,,,,,,,,1500.0,KGS,584.9195,877379.25,6.934433906,10401.65086,321471.8
INNSA1,2024-04-30,301049751,73239990,MILD STEEL MULTI FUNCTION CLOTH STAND (RYX-02-020) (QTY:1232NOS/ CNY 100.00 PER NOS),,,,,,,,,4004.0,KGS,387.9460564435565,1553336.01,4.596517256440242,18404.45509478673,569142.3
INNSA1,2024-04-30,301049751,73239990,STEEL SALT BOTTLE (NP-19) (QTY: 36720 PCS/USD 0.4444 PER PCS),,,,,,,,,5712.0,KGS,265.3941631652661,1515931.46,3.144480606223532,17961.27322274881,555437.3
INNSA1,2024-04-27,301049751,73239990,MILD STEEL MULTI FUNCTION CLOTH STAND (RYX-02-021A) (QTY: 6480 NOS/ CNY 61.50 PER NOS),,,,,,,,,23760.0,KGS,217.9782798821549,5179163.93,2.582681041257759,61364.50154028435,1897645.7
INNSA1,2024-04-20,301049751,73231000,STEEL SCRUBBER 2PCS SET (8001-2) (QTY: 168000 NOS / USD 0.151 PER NOS),,,,,,,,,4900.0,KGS,451.8355632653061,2213994.26,5.353501934423058,26232.15947867298,973271.9
INNSA1,2024-04-17,301049751,73231000,STEEL SCRUBBER 6PCS SET (OKS-4156) (QTY: 98400 NOS /USD: 0.239 PER NOS),,,,,,,,,8782.0,KGS,234.1808767934411,2056576.46,2.776299665600962,24381.46366330765,904071.0
INNSA1,2024-04-17,301049751,73239990,STEEL TEA STRAINER BIG (SB-12) (QTY: 12006 NOS/ USD 1.0347 PER NOS),,,,,,,,,2934.8,KGS,376.0516593975739,1103636.41,4.458229512715755,13084.0119739182,404372.4
INNSA1,2024-04-17,301049751,73239990,STEEL DRAINER (AM-321) (QTY: 50400 PCS/CNY 0.7277 PER PCS),,,,,,,,,6930.0,KGS,470.1786464646465,3258338.02,5.574139258620587,38628.78506224067,1193855.1
INNSA1,2024-04-17,301049751,73239990,STEEL TEA STRAINER (NP-55) (QTY: 50400 NOS/ USD 0.2791 PER NOS),,,,,,,,,2310.0,KGS,540.9929696969697,1249693.76,6.413668876075516,14815.57510373444,457887.9
INNSA1,2024-04-13,301049751,73239990,STEEL SALT BOTTLE (NP-19) (QTY:13932 PCS/USD 0.4450 PER PCS),,,,,,,,,2167.2,KGS,263.6085225175342,571292.39,3.125175133580726,6772.879549496148,209321.5
INNSA1,2024-04-12,301049751,73239990,STEEL LUNCH BOX (6561) (QTY: 19524 PCS/CNY 2.350 PER PCS),,,,,,,,,7646.9,KGS,524.3423661876054,4009593.64,6.216269901453533,47535.19430942502,1469115.1
INNSA1,2024-04-12,301049751,73239990,STEEL LUNCH BOX (6717) (QTY: 204 PCS/ USD 2.960 PER PCS),,,,,,,,,78.2,KGS,674.8057544757032,52769.81,8.00006822140727,625.6053349140486,19334.9
INNSA1,2024-04-12,301049751,73239990,STEEL LUNCH BOX (6728) (QTY: 2268 PCS/ USD 1.930 PER PCS),,,,,,,,,786.24,KGS,486.5292404354904,382528.75,5.767981510794196,4535.017783046829,140158.6
INNSA1,2024-04-11,301049751,73239990,STEEL RECTANGLE CONTAINER BIG (6578) (QTY: 37200 PCS / USD 1.598 PER PCS),,,,,,,,,11005.0,KGS,464.8086051794639,5115218.7,5.510475461522987,60642.78245406047,1874216.1
INNSA1,2024-04-11,301049751,73239990,STEEL LUNCH BOX (6717) (QTY: 24960 PCS / USD 2.960 PER PCS),,,,,,,,,9568.0,KGS,664.4458925585284,6357418.3,7.877248281666016,75369.51155898045,2329358.1
INNSA1,2024-04-11,301049751,73239990,STEEL LUNCH BOX (6728) (QTY: 31296 PCS / USD 1.930 PER PCS),,,,,,,,,10849.28,KGS,479.0598251681217,5197454.18,5.67942886980583,61617.714048607,1904347.2
INNSA1,2024-04-11,301049751,73239990,STEEL LUNCH BOX (6561) (QTY: 19812 PCS / USD 2.350 PER PCS),,,,,,,,,7759.7,KGS,516.2924249648827,4006274.33,6.120834913632279,47495.84267931239,1467899.0
INNSA1,2024-04-11,301049751,73239990,DS-25 STAINLESS STEEL GRATER WITH HANDLE (QTY:51000 PCS USD0.2067 PER PCS),,,,,,,,,1615.0,KGS,581.197399380805,938633.8,6.890307046601126,11127.84588026082,343915.5
INNSA1,2024-04-06,301049751,73239990,STEEL SHOWER CADDY (B57894 ) (QTY:400 NOS/ USD 2.71 PER NOS),,,,,,,,,338.0,KGS,296.9714793,100376.36,3.535374753,1194.956667,36777.9
INNSA1,2024-04-06,301049751,73239990,STEEL SPOON HOLDER (B51539-DL) (QTY:960 NOS/ USD 1.18 PER NOS),,,,,,,,,279.2,KGS,375.6989613,104895.15,4.472606682,1248.751786,38433.6
INNSA1,2024-04-06,301049751,73239990,STEEL HOOK (B52693) (QTY:720 NOS/ USD 1.78 PER NOS),,,,,,,,,435.6,KGS,272.4374197,118673.74,3.243302615,1412.782619,43482.0
INNSA1,2024-04-06,301049751,73239990,STEEL HOOK (B66988-5) (QTY:240 NOS/ USD 1.72 PER NOS),,,,,,,,,99.6,KGS,383.7802209,38224.51,4.568812153,455.0536905,14005.5
INNSA1,2024-04-06,301049751,73239990,STEEL KITCHEN DISH HOLDER (B52193) (QTY:720 NOS/ USD 1.12 PER NOS),,,,,,,,,255.6,KGS,292.1405321,74671.12,3.477863477,888.9419048,27359.5
INNSA1,2024-04-06,301049751,73239990,STEEL CORNER RACK (B68261-2 ) (QTY:600 NOS/ USD 1.45 PER NOS),,,,,,,,,198.0,KGS,406.8705556,80560.37,4.84369709,959.0520238,29517.3
INNSA1,2024-04-06,301049751,73239990,STEEL SPOON HOLDER ROUND (B60157) (QTY:708 NOS/ USD 1.00 PERNOS),,,,,,,,,179.95,KGS,364.3205335,65559.48,4.337149208,780.47,24021.0
INNSA1,2024-04-06,301049751,73239990,STEEL BASKET (B62152 ) (QTY:720 NOS/ USD 1.80 PER NOS),,,,,,,,,360.0,KGS,333.3532778,120007.18,3.968491402,1428.656905,43970.6
INNSA1,2024-04-06,301049751,73239990,STEEL CUTLERY HOLDER (B53773) (QTY:696 NOS/ USD 1.22 PER NOS),,,,,,,,,198.36,KGS,396.3849062,78626.91,4.718867931,936.0346429,28808.9
INNSA1,2024-04-06,301049751,73239990,MILD STEEL MULTI FUNCTION CLOTH STAND (RYX-02-020) (QTY: 1232 NOS/ CNY 100 PER NOS),,,,,,,,,4004.0,KGS,384.770482,1540621.01,4.580600976,18340.72631,564483.5
INNSA1,2024-04-06,301049751,73239990,STEEL BASKET SMALL (B54091) (QTY:720 NOS/ USD 1.33 PER NOS),,,,,,,,,258.0,KGS,343.6897287,88671.95,4.091544389,1055.618452,32489.4
INNSA1,2024-04-06,301049751,73239990,STEEL BASKET (B66053) (QTY:720 NOS/ USD 1.53 PER NOS),,,,,,,,,273.6,KGS,372.8292398,102006.08,4.438443331,1214.358095,37375.0
INNSA1,2024-04-03,301049751,73239990,MILD STEEL MULTI FUNCTION CLOTH STAND (RYX-02-021A) (QTY:6480 NOS/ CNY 61.50 PER NOS),,,,,,,,,23760.0,KGS,216.5640543,5145561.93,2.578143503,61256.68964,1885333.9
INNSA1,2024-03-23,301049751,73239990,MILD STEEL MULTI FUNCTION CLOTH STAND (RYX-02-026-3S) (QTY:848 NOS/ CNY 82.00 PER NOS),,,,,,,,,3307.2,KGS,273.906083696178,905862.2,3.270520402342424,10816.26507462686,331907.8
INNSA1,2024-03-21,301049751,73239990,STEEL SPRINKLER (AM-430) (QTY: 408 PCS / USD : 0.5776 PER PCS),,,,,,,,,74.8,KGS,276.8823529411765,20710.8,3.306057945566286,247.2931343283582,7588.5
INNSA1,2024-03-21,301049751,73239990,MILD STEEL MULTI FUNCTION CLOTH STAND (RYX-02-021A) (QTY:6480 PCS/CNY 61.50 PER PCS),,,,,,,,,23760.0,KGS,214.0511426767677,5085855.15,2.555834539424092,60726.62865671643,1863457.3
INNSA1,2024-03-21,301049751,73239990,MILD STEEL MULTI FUNCTION CLOTH STAND (RYX-02-020) (QTY:1232PCS/CNY 100 PER PCS),,,,,,,,,4004.0,KGS,392.672524975025,1572260.79,4.688627163880897,18773.2631641791,576076.4
INNSA1,2024-03-21,301049751,73239990,STEEL SALT BOTTLE (NP-19) (QTY: 4752 PCS / USD : 0.4475 PERPCS),,,,,,,,,739.2,KGS,252.8240665584415,186887.55,3.018794824578406,2231.493134328358,68475.6
INNSA1,2024-03-20,301049751,73239990,STEEL ROUND CONTAINER (6856) (QTY: 116424 NOS/ USD 0.568 PERNOS),,,,,,,,,9702.0,KGS,585.7882148010721,5683317.26,6.994486146878471,67860.50459701492,2082367.5
INNSA1,2024-03-20,301049751,73239990,STEEL LUNCH BOX (6728) (QTY: 31332 NOS/ USD 1.930 PER NOS),,,,,,,,,10861.76,KGS,478.4717449105854,5197045.26,5.71309546161893,62054.27176119402,1904197.4
INNSA1,2024-03-20,301049751,73239990,STEEL RECTANGLE CONTAINER BIG (6578) (QTY: 28068 NOS/ USD 1.598 PER NOS),,,,,,,,,8303.45,KGS,464.2380203409425,3854777.19,5.543140541384388,46027.19032835821,1412390.3
INNSA1,2024-03-20,301049751,73239990,RYX-02-026-3S MILD STEEL MULTI FUNCTION CLOTH STAND (QTY :848 NUM/CNY 82.00 PER NUM),,,,,,,,,3307.2,KGS,267.4232583454282,884422.2,3.193113532482724,10560.26507462686,324052.2
INNSA1,2024-03-20,301049751,73239990,STEEL LUNCH BOX (6561) (QTY: 4260 NOS/ USD 2.350 PER NOS),,,,,,,,,1668.5,KGS,515.6586394965536,860376.44,6.15711808354094,10273.15152238806,315241.9
INNSA1,2024-02-27,301049751,73239990,NP-19 STEEL SALT BOTTLE (QTY:53424 PCS/ USD 0.4481 PER PCS),,,,,,,,,8310.4,KGS,254.57875312861,2115651.27,3.034311717861859,25216.34410011919,775174.7
INNSA1,2024-02-27,301049751,73239990,AM-430 STEEL SPRINKLER (QTY:57840 PCS/ USD 0.5784 PER PCS),,,,,,,,,10604.0,KGS,278.81729158808,2956578.56,3.323209673278665,35239.31537544696,1083290.4
INNSA1,2024-02-27,301049751,73239990,SM1168 STEEL HANGER WITH HOOK (QTY:57792 PCS/ USD 1.23 PER PCS),,,,,,,,,10836.0,KGS,557.0314341085273,6035992.62,6.639230442294721,71942.70107270559,2211587.7
INNSA1,2024-02-26,301049751,73231000,SS SCRUBBER 3PCS SET (SS410) (QTY:120000 SETS/USD 0.16 PER SET),,,,,,,,,7500.0,KGS,227.413,1705597.5,2.710524433849821,20328.93325387366,749780.7
INNSA1,2024-02-26,301049751,73239990,MILD STEEL MULTI FUNCTION CLOTH STAND (RYX-02-021A) (QTY:6480 PCS/CNY 61.50 PER PCS),,,,,,,,,23760.0,KGS,216.1649654882155,5136079.58,2.576459660169434,61216.68152562574,1881859.6
INNSA1,2024-02-26,301049751,73239990,MILD STEEL MULTI FUNCTION CLOTH STAND (RYX-02-020) (QTY:1232PCS/CNY 100.00 PER PCS),,,,,,,,,4004.0,KGS,396.5502897102897,1587787.36,4.726463524556492,18924.7599523242,581765.3
INNSA1,2024-02-23,301049751,73239990,RYX-02-020 MILD STEEL MULTI FUNCTION CLOTH STAND (QTY :1232NUM/CNY 100.00 PER NUM),,,,,,,,,4004.0,KGS,380.8358166833166,1524866.61,4.539163488478149,18174.81060786651,558711.1
INNSA1,2024-02-20,301049751,73231000,STEEL SCRUBBER (8001-12) (QTY: 290016 NOS / USD 0.073 PER NOS),,,,,,,,,4229.0,KGS,439.9442137621189,1860524.08,5.231203493009737,22122.75957193817,817886.4
INNSA1,2024-02-17,301049751,73239990,STEEL LUNCH BOX (6561) (QTY: 19836 NOS/ USD 2.350 PER NOS),,,,,,,,,7769.1,KGS,516.9073843817173,4015905.16,6.146342263754071,47751.54768133175,1471427.6
INNSA1,2024-02-17,301049751,73239990,SY604A STEEL HOOK 4PCS SET(QTY :600 SET/USD 0.9090 PER SET),,,,,,,,,70.0,KGS,702.4198571428572,49169.39,8.352198063529812,584.6538644470867,18015.7
INNSA1,2024-02-17,301049751,73239990,STEEL ROUND CONTAINER (6857) (QTY: 59568 NOS/ USD 0.718 PERNOS),,,,,,,,,7594.92,KGS,485.1496289625171,3684672.62,5.768723293252284,43812.99191438764,1350064.1
INNSA1,2024-02-17,301049751,73239990,STEEL RECTANGLE CONTAINER (6901 ) (QTY: 2472 NOS/ USD 0.885PER NOS),,,,,,,,,401.7,KGS,469.1928802588997,188474.78,5.578987874659925,2241.079429250892,69057.2
INNSA1,2024-02-17,301049751,73239990,STEEL ROUND CONTAINER MEDIUM (6581) (QTY: 87792 NOS/ USD 0.875 PER NOS),,,,,,,,,10608.2,KGS,623.8537141079541,6617964.97,7.417998978691489,78691.61676575505,2424822.4
INNSA1,2024-02-17,301049751,73239990,STEEL ROUND CONTAINER (6856) (QTY: 112320 NOS/ USD 0.568 PERNOS),,,,,,,,,12480.0,KGS,440.4050921474359,5496255.55,5.236683616497454,65353.81153388822,2013828.0
INNSA1,2024-02-17,301049751,73239990,STEEL RECTANGLE CONTAINER LARGE (6862) (QTY: 792 NOS/ USD 1.380 PER NOS),,,,,,,,,198.0,KGS,475.554797979798,94159.85,5.654634934361451,1119.617717003567,34500.2
INNSA1,2024-02-17,301049751,73239990,SY772-42 STEEL HANGER 10PCS SET(QTY :540 SET/USD 1.3986 PERSET),,,,,,,,,273.0,KGS,249.4031135531136,68087.05,2.965554263413955,809.5963139120096,24947.0
INNSA1,2024-02-17,301049751,73239990,STEEL RECTANGLE CONTAINER BIG (6578) (QTY: 37200 NOS/ USD 1.598 PER NOS),,,,,,,,,11005.0,KGS,465.3622417083143,5121311.47,5.533439259314084,60895.49904875149,1876448.5
INNSA1,2024-02-17,301049751,73239990,SY604A-4 STEEL HOOK 4PCS SET(QTY :960 SET/USD 0.5734 PER SET),,,,,,,,,112.0,KGS,443.0853571428571,49625.56,5.268553592661797,590.0780023781213,18182.8
INNSA1,2024-02-17,301049751,73239990,SD1078-B STEEL FRUIT BASKET(QTY :408 PCS/USD 0.9090 PER PCS),,,,,,,,,83.3,KGS,401.3805522208884,33435.0,4.772658171473108,397.5624256837099,12250.6
INNSA1,2024-02-17,301049751,73239990,SY722-9602 STEEL HOOK 3PCS SET(QTY :2880 SET/USD 0.1538 PERSET),,,,,,,,,78.0,KGS,511.9528205128205,39932.32,6.08742949480167,474.8195005945303,14631.2
INNSA1,2024-02-17,301049751,73239990,SY592A-0085 STEEL CLIP 6PCS SET BIG(QTY :1200 SET/USD 0.3776PER SET),,,,,,,,,95.0,KGS,430.0008421052632,40850.08,5.112970774141061,485.7322235434008,14967.5
INNSA1,2024-02-15,301049751,73239990,HOUSEHOLD STEEL HOOK 3PCS SET (2628) (QTY: 2628 NOS/ USD 0.380 PER NOS),,,,,,,,,89.06,KGS,960.118122613968,85508.12,11.41638671360247,1016.743400713436,31330.2
INNSA1,2024-02-12,301049751,73231000,STEEL SCRUBBER 6PCS SET (OKS-4156) (QTY: 98400 NOS / USD 0.239 PER NOS),,,,,,,,,8782.0,KGS,234.4178342063312,2058657.42,2.787370204593711,24478.68513674197,904985.8
INNSA1,2024-02-10,301049751,73239990,NP-55 STEEL TEA STRAINER (QTY: 100800 PCS/ USD 0.2815 PER PCS),,,,,,,,,4620.0,KGS,547.6300476190477,2530050.82,6.523288238463937,30137.59166170339,927010.6
INNSA1,2024-02-10,301049751,73239990,AM-603 STEEL TEA STRAINER (QTY: 900 PCS/ USD 0.6022 PER PCS),,,,,,,,,50.0,KGS,966.5038,48325.19,11.51285050625372,575.6425253126862,17706.3
INNSA1,2024-02-10,301049751,73239990,SB-12 STEEL TEA STRAINER BIG (QTY: 14022 PCS/ USD 1.0434 PERPCS),,,,,,,,,3427.6,KGS,380.5930301085307,1304520.67,4.533567958410134,15539.25753424657,477976.3
INNSA1,2024-02-10,301049751,73239990,AM-321 STEEL DRAINER (QTY: 15048 PCS/ USD 0.7338 PER PCS),,,,,,,,,2069.1,KGS,475.8446957614422,984570.26,5.668191730332843,11728.05550923168,360746.6
INNSA1,2024-02-10,301049751,73239990,AM-322 STEEL KITCHEN BASKET (QTY: 20400 PCS/ USD 1.2745 PERPCS),,,,,,,,,5610.0,KGS,413.2353155080214,2318250.12,4.922398040595847,27614.65300774271,849406.8
INNSA1,2024-02-08,301049751,73231000,8001-2 STEEL SCRUBBER 2 PCS SET (QTY- 167640 SETS/USD 0.151PER SETS),,,,,,,,,4900.0,KGS,447.4847122448979,2192675.09,5.320864592686064,26072.23650416171,963900.0
INNSA1,2024-02-08,301049751,73239990,580F STEEL EGG SLICER (QTY:480 PCS/USD 0.7713 PER PCS),,,,,,,,,40.0,KGS,823.6854999999998,32947.42,9.794120095124851,391.7648038049941,12071.9
INNSA1,2024-02-08,301049751,73231000,8001-2 STEEL SCRUBBER 2 PCS SET (QTY- 168000 SETS/USD 0.151PER SETS),,,,,,,,,4900.0,KGS,448.4160530612246,2197238.66,5.331938799776749,26126.50011890607,965906.1
INNSA1,2024-02-08,301049751,73239990,DS-25 STAINLESS STEEL GRATER WITH HANDLE-(QTY:51000 PCS USD0.2067 PER PCS),,,,,,,,,1615.0,KGS,576.6403467492262,931274.16,6.856603409622188,11073.41450653984,341218.8
INNSA1,2024-02-08,301049751,73239990,320F SLEEL GRATER (QTY:480 PCS/USD 0.4207 PER PCS),,,,,,,,,50.0,KGS,359.4296,17971.48,4.273835909631392,213.6917954815696,6584.7
INNSA1,2024-02-08,301049751,73239990,NP-19 STEEL SALT BOTTLE (QTY:30888 PCS/USD 0.4488 PER PCS),,,,,,,,,4804.8,KGS,256.7607413419913,1233684.01,3.053040919643179,14669.25101070155,452021.8
INNSA1,2024-02-07,301049751,73239990,HOUSEHOLD STEEL HOOK 3PCS SET (2628) (QTY: 160740 NOS/USD 0.38 PER NOS),,,,,,,,,5447.3,KGS,956.2697262864173,5209088.08,11.37062694751982,61939.21617122474,1908609.9
INNSA1,2024-02-06,301049751,73239990,MILD STEEL MULTI FUNCTION CLOTH STAND (RYX-02-021A) (QTY: 6480 NOS/ CNY 61.50 PER NOS),,,,,,,,,23760.0,KGS,218.6714090909091,5195632.68,2.600135661009621,61779.22330558858,1903679.8
INNSA1,2024-02-04,301049751,73239990,STEEL RECTANGLE CONTAINER LARGE (6862) (QTY: 42408 NOS/USD 1.380 PER NOS),,,,,,,,,10602.0,KGS,474.6632654216186,5032379.94,5.644034071600696,59838.04922711058,1843864.0
INNSA1,2024-02-04,301049751,73239990,STEEL LUNCH BOX (6728) (QTY: 31584 NOS/USD 1.93 PER NOS),,,,,,,,,10949.12,KGS,478.731267900982,5241686.1,5.692405088002165,62326.82639714625,1920553.7
INNSA1,2024-02-04,301049751,73239990,STEEL LUNCH BOX (6561) (QTY: 21144 NOS/USD 2.35 PER NOS),,,,,,,,,8281.4,KGS,515.9383316830488,4272691.7,6.134819639513066,50804.89536266351,1565514.2
INNSA1,2024-02-04,301049751,73239990,STEEL RECTANGLE CONTAINER (6901) (QTY: 52728 NOS/USD 0.885 PER NOS),,,,,,,,,8568.3,KGS,468.3132686764002,4012648.58,5.568528759529135,47712.82497027348,1470234.5
INNSA1,2024-02-03,301049751,73239990,MILD STEEL MULTI FUNCTION CLOTH STAND (RYX-02-026-3S) (QTY:848 NOS/ CNY 82 PER NOS),,,,,,,,,3307.2,KGS,277.7619587566522,918614.35,3.302758130281239,10922.88168846611,336580.3
INNSA1,2024-02-02,301049751,73239990,RYX-02-020 MILD STEEL MULTI FUNCTION CLOTH STAND (QTY :1232NUM/CNY 100.00 PER NUM),,,,,,,,,4004.0,KGS,381.46253996004,1527376.01,4.535820926992153,18161.42699167658,559630.6
INNSA1,2024-01-29,301049751,73239990,STEEL SOAP DISPENSER (SY-XL8168) (QTY: 168 PCS / USD 2.5280PER PCS),,,,,,,,,29.4,KGS,1316.971428571429,38718.96,15.65958892474945,460.3919143876338,14186.7
INNSA1,2024-01-29,301049751,73239990,STEEL SOAP DISPENSER (SY-SH158) (QTY: 168 PCS / USD 2.4578 PER PCS),,,,,,,,,21.0,KGS,1792.575714285714,37644.09,21.31481229828436,447.6110582639715,13792.8
INNSA1,2024-01-29,301049751,73239990,STEEL SPRINKLER (AM-430) (QTY: 13464 PCS / USD : 0.580 PERPCS),,,,,,,,,2468.4,KGS,282.3942229784476,697061.9,3.357838560980352,8288.4887039239,255403.5
INNSA1,2024-01-27,301049751,73239990,AM-430 STEEL SPRINKLER (QTY:55272 PCS /USD 0.5849 PER PCS),,,,,,,,,10133.2,KGS,282.8993615047566,2866675.81,3.36384496438474,34086.51379310346,1050350.0
INNSA1,2024-01-20,301049751,73239990,STEEL TEA STRAINER (NP-55) (QTY: 100800 PCS/USD 0.2823 PERPCS),,,,,,,,,4620.0,KGS,554.6568614718615,2562514.7,6.595206438428793,30469.85374554103,938905.4
INNSA1,2024-01-20,301049751,73239990,STEEL DRAINER (AM-321) (QTY: 10152 PCS/USD 0.7359 PER PCS),,,,,,,,,1395.9,KGS,481.9603051794541,672768.39,5.730800299398979,7999.624137931035,246502.4
INNSA1,2024-01-20,301049751,73239990,STEEL TEA STRAINER BIG (SB-12) (QTY: 6012 PCS/USD 1.0463 PERPCS),,,,,,,,,1469.6,KGS,385.4529259662493,566461.62,4.583269036459563,6735.572175980977,207551.5
INNSA1,2024-01-20,301049751,73239990,STEEL HAND BLENDER (AM-474) (QTY: 21000 PCS/USD 0.6601 PERPCS),,,,,,,,,2100.0,KGS,594.4355047619048,1248314.56,7.068198629749165,14843.21712247325,457382.5
INNSA1,2024-01-19,301049751,73239990,STEEL TEA STRAINER BIG (SB-12) (QTY: 44388 PCS/ USD 1.0434 PER PCS),,,,,,,,,10850.4,KGS,383.8975208287253,4165441.66,4.564774326144176,49529.62734839477,1526217.8
INNSA1,2024-01-18,301049751,73239990,RYX-0237F STEEL HUNGER WITH CLOTH CLIP (QTY :504 NUM/CNY 13.00 PER NUM),,,,,,,,,176.4,KGS,464.5975056689342,81955.0,5.514510453043729,972.7596439169141,30028.3
INNSA1,2024-01-18,301049751,73239990,RYX-02-021A MILD STEEL MULTI FUNCTION CLOTH STAND (QTY :1050NUM/CNY 61.50 PER NUM),,,,,,,,,3850.0,KGS,209.7998753246753,807729.52,2.490206235307719,9587.294005934718,295952.1
INNSA1,2024-01-18,301049751,73239990,RYX-08010D MILD STEEL MULTI FUNCTION CLOTH STAND (QTY :510 NUM/CNY 62.00 PER NUM),,,,,,,,,1479.0,KGS,267.420831643002,395515.41,3.174134500213674,4694.544925816023,144916.9
INNSA1,2024-01-17,301049751,73239990,HOUSEHOLD STEEL HOOK 3PCS SET (2628) (QTY: 972 PKT/USD 0.380PER PKT),,,,,,,,,32.94,KGS,963.2179720704312,31728.4,11.43285426789829,376.5982195845697,11625.3
INNSA1,2024-01-17,301049751,73239990,STEEL LUNCH BOX (M417-680ML) (QTY: 200 PCS / USD: 2.7426 PER PCS),,,,,,,,,60.0,KGS,812.0696666666665,48724.18,9.638809099901088,578.3285459940653,17852.5
INNSA1,2024-01-17,301049751,73239990,STEEL VEGETABLE STRAINER WITH HANDLE (SY-845-5) (QTY: 224 PCS / USD: 0.9563 PER PCS),,,,,,,,,46.2,KGS,411.8625541125541,19028.05,4.888576309941294,225.8522255192878,6971.9
INNSA1,2024-01-17,301049751,73239990,RYX-02-021A MILD STEEL MULTI FUNCTION CLOTH STAND (QTY :6480NUM/CNY 61.50 PER NUM),,,,,,,,,23760.0,KGS,212.9805521885522,5060417.92,2.527959076421984,60064.30765578635,1854137.2
INNSA1,2024-01-17,301049751,73239990,STEEL CUTLERY HOLDER (SY-845-2) (QTY: 280 PCS / USD : 0.9142 PER PCS),,,,,,,,,35.0,KGS,649.6557142857142,22737.95,7.711047053836372,269.886646884273,8331.2
INNSA1,2024-01-17,301049751,73239990,STEEL BASKET SQUARE (SY-845-6) (QTY: 280 PCS / USD: 0.8720PER PCS),,,,,,,,,42.0,KGS,516.3892857142856,21688.35,6.129249682068673,257.4284866468843,7946.7
INNSA1,2024-01-17,301049751,73239990,STEEL LUNCH BOX (M417-1200ML) (QTY: 200 PCS / USD: 3.0239PER PCS),,,,,,,,,66.0,KGS,813.9645454545455,53721.66,9.661300242783925,637.6458160237389,19683.6
INNSA1,2024-01-17,301049751,73239990,STEEL LUNCH BOX (RY304-1) (QTY: 168 PCS / USD: 2.8129 PERPCS),,,,,,,,,39.2,KGS,1070.852295918367,41977.41,12.71041300793314,498.2481899109792,15380.5
INNSA1,2024-01-17,301049751,73239990,RYX-02-020 MILD STEEL MULTI FUNCTION CLOTH STAND (QTY :1232NUM/CNY 100.00 PER NUM),,,,,,,,,4004.0,KGS,381.52248001998,1527616.01,4.528456736142196,18131.94077151336,559718.5
INNSA1,2024-01-17,301049751,73239990,STEEL LUNCH BOX (RY304-2) (QTY: 168 PCS / USD: 3.3755 PERPCS),,,,,,,,,50.4,KGS,999.4680555555556,50373.19,11.86312232113419,597.9013649851632,18456.7
INNSA1,2024-01-17,301049751,73239990,STEEL BASKET SMALL (SY-845-3) (QTY: 280 PCS / USD: 1.0548PER PCS),,,,,,,,,42.0,KGS,624.6416666666668,26234.95,7.414144411473787,311.3940652818992,9612.5
INNSA1,2024-01-17,301049751,73239990,STEEL BASKET ROUND (SY-845-7) (QTY: 336 PCS / USD: 0.6329PER PCS),,,,,,,,,36.4,KGS,518.9494505494505,18889.76,6.159637395245702,224.2108011869436,6921.3
INNSA1,2024-01-17,301049751,73231000,STEEL SCRUBBER 6PCS SET (OKS-4156) (QTY: 98880 NOS/ USD 0.239 PER NOS),,,,,,,,,8825.0,KGS,235.6816135977337,2079890.24,2.797407876530964,24687.12451038576,914319.7
INNSA1,2024-01-17,301049751,73239990,STEEL BASKET BIG (SY-845-4) (QTY: 224 PCS / USD: 1.1954 PER PCS),,,,,,,,,40.6,KGS,585.8512315270938,23785.56,6.953723816345326,282.3211869436202,8715.0
INNSA1,2024-01-12,301049751,73239990,STEEL HANGER WITH HOOK (SL-89) (QTY: 70056 PCS/ USD 7.45 PERPCS),,,,,,,,,15568.0,KGS,402.6528661356629,6268499.82,4.779262506061281,74403.55869436201,2296778.4
INNSA1,2024-01-09,301049751,73239990,HOUSEHOLD STEEL HOOK 3PCS SET (2628) (QTY: 167076 PKT/USD 0.38 PER PKT),,,,,,,,,5662.02,KGS,953.805754836613,5400467.26,11.32113655592419,64100.50160237389,1978731.2
INNSA1,2024-01-08,301049751,73231000,8001-2 STEEL SCRUBBER 2 PCS SET (QTY- 168000 SETS/USD 0.151PER SETS),,,,,,,,,4900.0,KGS,450.0187877551021,2205092.06,5.341469290861744,26173.19952522255,969358.4
INNSA1,2024-01-04,301049751,73239990,AM-430 STEEL SPRINKLER (QTY: 32208 PCS/USD 0.5816 PER PCS),,,,,,,,,5904.8,KGS,281.3105321094702,1661082.43,3.356927590805133,19821.98603818616,608620.6
INNSA1,2024-01-02,301049751,73239990,RYX-02-021A MILD STEEL MULTI FUNCTION CLOTH STAND (QTY :6480NUM/CNY 61.50 PER NUM),,,,,,,,,23760.0,KGS,212.0665370370371,5038700.92,2.530626933616193,60127.69594272076,1846180.0
INNSA1,2023-12-30,301049751,73239990,MILD STEEL MULTI FUNCTION CLOTH STAND (RYX-02-026-3S) (QTY:848 NOS/ CNY: 82.00 PER NOS),,,,,,,,,3307.2,KGS,272.85885341074,902398.8,3.25607223640501,10768.4821002387,330639.0
INNSA1,2023-12-27,301049751,73239390,AN-01 NON STICK FRY PAN 16CM (QTY:10140 PCS/ USD 0.4718 PERPCS),,,,,,,,,2298.4,KGS,185.020810128785,425251.83,2.207885562396,5074.60417661098,155812.3
INNSA1,2023-12-27,301049751,73239990,STAINLESS STEEL GRATER WITH HANDLE (KL324H-9S) (QTY: 59040 NOS /USD 0.624 PER NOS),,,,,,,,,9512.0,KGS,330.359134777124,3142376.09,3.94223311189885,37498.5213603819,1151366.6
INNSA1,2023-12-27,301049751,73239390,AN-02 NON STICK SAUCE PAN 16CM (QTY:18630 PCS/ USD 0.5352 PER PCS),,,,,,,,,4781.7,KGS,185.352014973754,886297.73,2.21183788751497,10576.3452267303,324739.5
INNSA1,2023-12-23,301049751,73239990,STEEL RECTANGLE CONTAINER (6901) (QTY:27960 NOS/USD 0.90 PERNOS),,,,,,,,,4543.5,KGS,472.73367227908,2147865.44,5.64121327302005,25630.8525059666,786977.9
INNSA1,2023-12-23,301049751,73239990,STEEL LUNCH BOX 3LAYER (8505) (QTY:11100 NOS/USD 3.30 PER NOS),,,,,,,,,7215.0,KGS,433.339157311157,3126542.02,5.17111166242431,37309.5706443914,1145565.0
INNSA1,2023-12-23,301049751,73239990,STEEL LUNCH BOX SMALL (6587) (QTY:51000 NOS/USD 1.47 PER NOS),,,,,,,,,10348.75,KGS,618.339460321295,6399040.49,7.37875250980066,76360.8650357995,2344608.4
INNSA1,2023-12-21,301049751,73239390,AN-01 NON STICK FRY PAN 16CM(QTY: 10110 PCS /USD 0.4705 PERPCS),,,,,,,,,2291.6,KGS,184.38649851632,422540.1,2.18726570007498,5012.33807829181,154818.7
INNSA1,2023-12-21,301049751,73239990,AM-321 STEEL DRAINER(QTY:25200 PCS/USD 0.7359 PER PCS),,,,,,,,,3465.0,KGS,475.415018759019,1647313.04,5.63956131386736,19541.0799525504,603575.5
INNSA1,2023-12-21,301049751,73239390,AN-02 NON STICK SAUCE PAN 16CM(QTY: 21870 PCS /USD 0.5337 PER PCS),,,,,,,,,5613.3,KGS,184.707528548269,1036818.77,2.19107388550735,12299.1550415184,379890.5
INNSA1,2023-12-12,301049751,73239990,STAINLESS STEELSPORTS BOTTLE 1.45L (AM-398) (QTY: 1956 NOS/USD 1.610 PER NOS),,,,,,,,,570.5,KGS,483.2544785,275696.68,5.732556092,3270.42325,101015.2
INNSA1,2023-12-12,301049751,73239990,STAINLESS STEEL SPORTS BOTTLE 900ML (AM-324) (QTY: 11448 NOS/ USD 1.368 PER NOS),,,,,,,,,2321.4,KGS,590.6122685,1371047.32,7.006076731,16263.90652,502351.7
INNSA1,2023-12-12,301049751,73239990,STAINLESS STEEL SPORTS BOTTLE 750ML S-308-C6 (NP-20) (QTY: 35424 NOS/ USD 0.976 PER NOS),,,,,,,,,6199.2,KGS,488.2570445,3026803.07,5.791898511,35905.13725,1109020.7
INNSA1,2023-12-12,301049751,73239990,STAINLESS STEELSPORTS BOTTLE 650ML S115 (NP-21) (QTY: 46320NOS/ USD 0.990 PER NOS),,,,,,,,,7720.0,KGS,520.0238472,4014584.1,6.16872891,47622.58719,1470943.6
INNSA1,2023-12-12,301049751,73239990,STAINLESS STEEL SPORTS BOTTLE 750ML SG-702 (SB-01) (QTY: 27408 NOS/USD 1.045 PER NOS),,,,,,,,,4796.4,KGS,522.7753336,2507439.61,6.201368133,29744.24211,918725.9
INNSA1,2023-12-11,301049751,73239990,STEEL LUNCH BOX 2 LAYER (8504) (QTY: 22080 NOS/ USD 2.32 PERNOS),,,,,,,,,10561.6,KGS,418.2879043,4417789.53,4.961896848,52405.56975,1618678.1
INNSA1,2023-12-11,301049751,73239990,STEEL LUNCH BOX (6527) (QTY: 25680 NOS/ USD 1.86 PER NOS),,,,,,,,,8945.2,KGS,460.506646,4119324.05,5.46271229,48865.05397,1509320.3
INNSA1,2023-12-09,301049751,73239990,STAINLESS STEEL COLA BOTTLE 750ML SK750 (SL-01) (QTY: 7296 NOS/ USD 1.128 PER NOS),,,,,,,,,1398.4,KGS,514.7612343,719842.11,6.106301711,8539.052313,263750.1
INNSA1,2023-12-09,301049751,73239990,STAINLESS STEEL SPORTS BOTTLE 750ML SG-702 (SB-01) (QTY: 17256 NOS/ USD 1.045 PER NOS),,,,,,,,,2876.0,KGS,548.4167942,1577246.7,6.505537297,18709.92527,577903.1
INNSA1,2023-12-09,301049751,73239990,STAINLESS STEELSPORTS BOTTLE 650ML S115 (NP-21) (QTY: 18864NOS/ USD 0.990 PER NOS),,,,,,,,,3144.0,KGS,519.5527513,1633473.85,6.163140584,19376.914,598504.9
INNSA1,2023-12-07,301049751,73239990,STAINLESS STEELSPORTS BOTTLE 650ML S115 (NP-21) (QTY: 14136NOS/ 0.990 NOS),,,,,,,,,2356.0,KGS,519.5257852,1224002.75,6.177476638,14554.13496,448474.6
INNSA1,2023-12-07,301049751,73239990,STAINLESS STEEL SPORTS BOTTLE 750ML S-308-C6 (NP-20) (QTY: 8808 NOS/ USD 0.976 PER NOS),,,,,,,,,1468.0,KGS,512.1790395,751878.83,6.090119376,8940.295244,275488.5
INNSA1,2023-12-07,301049751,73239990,SS OIL POT 600ML (KWP-600B) (QTY: 39060 PCS/ USD 1.18 PER PCS),,,,,,,,,6850.0,KGS,575.5661766,3942628.31,6.843830876,46880.2415,1444579.1
INNSA1,2023-12-07,301049751,73239990,3888-HOUSEHOLD STEEL HOOK 3PCS SET (QTY:208512 PCS / USD 0.287 PER PCS),,,,,,,,,6964.8,KGS,732.1172051,5099049.91,8.70531754,60630.7956,1868291.9
INNSA1,2023-12-07,301049751,73239990,STAINLESS STEEL SPORTS BOTTLE 750ML #SG210 (AM-457) (QTY: 486 NOS/ USD 1.0247 PER NOS),,,,,,,,,75.6,KGS,576.1402116,43556.2,6.8506565,517.9096314,15958.9
INNSA1,2023-12-07,301049751,73239990,STAINLESS STEELSPORTS BOTTLE 1.45L (AM-398) (QTY: 10164 NOS/USD 1.610 PER NOS),,,,,,,,,2879.8,KGS,496.9913952,1431235.82,5.909529075,17018.26183,524404.8
INNSA1,2023-12-07,301049751,73239990,NP-55 STEEL TEA STRAINER (QTY:150000 PCS/USD 0.2768 PER PCS),,,,,,,,,6875.0,KGS,531.0378618,3650885.3,6.314362209,43411.24019,1337684.4
INNSA1,2023-12-06,301049751,73239990,STAINLESS STEELSPORTS BOTTLE 1.45L (AM-398) (QTY: 5868 PER NOS/ USD 1.610 PER NOS),,,,,,,,,1662.6,KGS,495.9202995,824517.09,5.896793098,9804.008205,302103.0
INNSA1,2023-12-06,301049751,73239990,STAINLESS STEEL SPORTS BOTTLE 750ML SG-702 (SB-01) (QTY: 46632 NOS/USD 1.045 PER NOS),,,,,,,,,7772.0,KGS,546.4036104,4246648.86,6.497070278,50495.2302,1555972.2
INNSA1,2023-12-06,301049751,73239990,STAINLESS STEEL SPORTS BOTTLE 750ML SG-702 (SB-01) (QTY: 1944 NOS/ USD 1.045 PER NOS),,,,,,,,,340.2,KGS,525.1708701,178663.13,6.24460012,2124.412961,65462.2
INNSA1,2023-12-06,301049751,73239990,STAINLESS STEEL SPORTS BOTTLE 750ML SG-702 (SB-01) (QTY: 47160 NOS /USD 1.045 PER NOS),,,,,,,,,7860.0,KGS,546.3092036,4293990.34,6.495947724,51058.14911,1573318.1
INNSA1,2023-12-06,301049751,73239990,STAINLESS STEEL SPORTS BOTTLE 750ML #SG707 (AM-459) (QTY: 2250 NOS/ USD 1.066 PER NOS),,,,,,,,,375.0,KGS,558.20296,209326.11,6.6373717,2489.014388,76697.0
INNSA1,2023-12-06,301049751,73239990,STAINLESS STEELSPORTS BOTTLE 650ML S115 (NP-21) (QTY: 43464NOS/USD 0.99 PER NOS),,,,,,,,,7244.0,KGS,518.7049903,3757498.95,6.167716889,44678.94114,1376747.7
INNSA1,2023-12-06,301049751,73239990,STAINLESS STEELSPORTS BOTTLE 1.45L (AM-398) (QTY: 22452 NOS/USD 1.610 PER NOS),,,,,,,,,6361.4,KGS,499.7474172,3179093.22,5.942299848,37801.34625,1164819.8
INNSA1,2023-12-06,301049751,73239990,STAINLESS STEEL SPORTS BOTTLE 900ML (AM-324) (QTY: 23868 NOS/ USD 1.368 PER NOS),,,,,,,,,4508.4,KGS,632.06727,2849612.08,7.515663139,33883.6157,1044097.8
INNSA1,2023-12-05,301049751,73239990,STEEL LUNCH BOX (6527) (QTY: 25680 NOS/ USD 1.86 PER NOS),,,,,,,,,8945.2,KGS,461.6628158,4129666.22,5.489450842,49104.23567,1513109.6
INNSA1,2023-12-05,301049751,73239990,STEEL LUNCH BOX SMALL (6587) (QTY: 51000 NOS/ USD 1.47 PER NOS),,,,,,,,,10348.75,KGS,626.3348617,6481782.9,7.447501328,77072.32937,2374925.3
INNSA1,2023-12-05,301049751,73239990,STEEL LUNCH BOX 3LAYER (8505) (QTY: 11100 NOS/ USD 3.30 PERNOS),,,,,,,,,7215.0,KGS,438.9424241,3166969.59,5.219291607,37657.18894,1160377.7
INNSA1,2023-12-05,301049751,73239990,STEEL RECTANGLE CONTAINER (6901) (QTY: 5760 NOS/ USD 0.90 PER NOS),,,,,,,,,936.0,KGS,478.8463248,448200.16,5.693773184,5329.3717,164220.5
INNSA1,2023-12-05,301049751,73239990,STEEL RECTANGLE CONTAINER BIG (6578) (QTY: 8700 NOS/ USD 1.61 PER NOS),,,,,,,,,2573.75,KGS,470.5283419,1211022.32,5.594867324,14399.78977,443718.6
INNSA1,2023-12-05,301049751,73239990,STAINLESS STEEL SPORTS BOTTLE (KWB-600F) (QTY: 50400 PCS/ USD 0.88 PER PCS),,,,,,,,,7680.0,KGS,494.3183854,3796365.2,5.877745368,45141.08442,1390988.2
INNSA1,2023-12-05,301049751,73239990,STAINLESS STEEL SPORTS BOTTLE (KWB-600F) (QTY: 50148 PCS/ USD 0.88 PER PCS),,,,,,,,,7600.0,KGS,497.0673013,3777711.49,5.910431645,44919.2805,1384153.5
INNSA1,2023-12-01,301049751,73239990,AM-515 STEEL LUNCH BOX MEDIUM (QTY:360 PCS/USD 2.206 PER PCS),,,,,,,,,91.4,KGS,766.7696937,70082.75,9.117356643,833.3263971,25678.4
INNSA1,2023-12-01,301049751,73239990,AM-514 STEEL LUNCH BOX SMALL (QTY:480 PCS/USD 1.698 PER PCS),,,,,,,,,93.1,KGS,772.5603652,71925.37,9.186211239,855.2362663,26353.5
INNSA1,2023-11-30,301049751,73239990,STAINLESS STEEL SPORTS BOTTLE 650ML S115 (NP-21) (QTY: 42648NOS/ USD 0.99 PER NOS),,,,,,,,,7108.0,KGS,521.1854108,3704585.9,6.197210592,44049.77289,1357360.3
INNSA1,2023-11-30,301049751,73239990,STEEL LUNCH BOX (6527) (QTY: 51360 NOS/ USD 1.86 PER NOS),,,,,,,,,17890.4,KGS,460.8662814,8245082.12,5.479979564,98039.0264,3020998.0
INNSA1,2023-11-30,301049751,73239990,STEEL LUNCH BOX 2 LAYER (8504) (QTY: 22080 NOS/ USD 2.320 PER NOS),,,,,,,,,10561.6,KGS,418.6145688,4421239.63,4.97758108,52571.22033,1619942.2
INNSA1,2023-11-29,301049751,73239990,STAINLESS STEEL SPORTS BOTTLE 750ML SG-702 (SB-01) (QTY: 31848 NOS/ USD 1.045 PER NOS),,,,,,,,,5175.3,KGS,563.5502638,2916541.68,6.700954385,34679.44923,1068620.8
INNSA1,2023-11-29,301049751,73239990,STAINLESS STEEL COLA BOTTLE 750ML SK750 (SL-01) (QTY: 33288NOS/ USD 1.128 PER NOS),,,,,,,,,6657.6,KGS,494.6905777,3293451.99,5.882170959,39161.14138,1206720.8
INNSA1,2023-11-29,301049751,73239990,STAINLESS STEEL SPORTS BOTTLE 750ML S-308-C6 (NP-20) (QTY: 6216 NOS/ USD 0.9760 PER NOS),,,,,,,,,1036.0,KGS,514.0607625,532566.95,6.112494204,6332.543995,195132.5
INNSA1,2023-11-29,301049751,73239990,STAINLESS STEELSPORTS BOTTLE 650ML S115 (NP-21) (QTY: 56712NOS/ USD 0.990 PER NOS),,,,,,,,,9452.0,KGS,520.5425,4920167.71,6.189565993,58503.77776,1802749.5
INNSA1,2023-11-29,301049751,73239990,STAINLESS STEEL SPORTS BOTTLE 750ML #SG707 (AM-459) (QTY: 26280 NOS/USD 1.066 PER NOS),,,,,,,,,4380.0,KGS,561.0002648,2457181.16,6.670633351,29217.37408,900311.1
INNSA1,2023-11-29,301049751,73239990,STAINLESS STEELSPORTS BOTTLE 1.45L (AM-398) (QTY: 3756 NOS/USD 1.6100 PER NOS),,,,,,,,,1064.2,KGS,498.8170645,530841.12,5.93123739,6312.02283,194500.1
INNSA1,2023-11-29,301049751,73239990,STAINLESS STEEL SPORTS BOTTLE (KWB-600F) (QTY: 50400 PCS/ USD 0.88 PER PCS),,,,,,,,,7680.0,KGS,496.453737,3812764.7,5.903135993,45336.08442,1396997.0
INNSA1,2023-11-29,301049751,73239990,STAINLESS STEEL SPORTS BOTTLE 750ML #SG210 (AM-457) (QTY: 28512 NOS/ USD 1.0247 PER NOS),,,,,,,,,4435.2,KGS,578.2616049,2564705.87,6.875881152,30495.90809,939708.2
INNSA1,2023-11-29,301049751,73239990,STAINLESS STEEL SPORTS BOTTLE 750ML S-308-C6 (NP-20) (QTY: 15792 NOS/ USD 0.976 PER NOS),,,,,,,,,2632.0,KGS,513.6361778,1351890.42,6.107445634,16074.79691,495332.7
INNSA1,2023-11-29,301049751,73239990,STAINLESS STEEL SPORTS BOTTLE 750ML SG-702 (SB-01) (QTY: 4608 NOS /USD 1.045 PER NOS),,,,,,,,,806.4,KGS,523.7606647,422360.6,6.227831923,5022.123662,154752.9
INNSA1,2023-11-23,301049751,73239990,SL-01 STAINLESS STEEL COLA BOTTLE 750ML SK750 (QTY:16992 PCS/USD 1.1280 PER PCS),,,,,,,,,3256.8,KGS,510.7240297,1663326.02,6.072818427,19777.95505,609442.6
INNSA1,2023-11-23,301049751,73239990,SB-01 STAINLESS STEEL SPORTS BOTTLE 750ML SG-702 (QTY :26328PCS/USD 1.0450 PER PCS),,,,,,,,,4388.0,KGS,544.1156335,2387579.4,6.469864846,28389.76694,874809.1
INNSA1,2023-11-23,301049751,73239990,AM-395 -STAINLESS STEEL BOTTLE 500ML (QTY: 37440 PCS/USD 1.0520 PER PCS),,,,,,,,,5200.0,KGS,657.3125135,3418025.07,7.815844393,40642.39084,1252364.4
INNSA1,2023-11-23,301049751,73239990,AM-06 STAINLESS STEEL BOTTLE 750ML SG805 (QTY:25824 PCS/USD0.9900 PER PCS),,,,,,,,,4949.6,KGS,448.2416781,2218617.01,5.329865376,26380.70166,812901.2
INNSA1,2023-11-23,301049751,73239990,AM-314 STAINLESS STEEL SPORTS BOTTLE 500ML S116-500 (QTY: 10824 PCS/ USD 0.9170 PER PCS),,,,,,,,,1307.9,KGS,658.5766496,861352.4,7.830875738,10242.00238,315599.5
INNSA1,2023-11-23,301049751,73239990,AM-459 STAINLESS STEEL SPORTS BOTTLE 750ML SG-707 (QTY: 21582 PCS/ USD 1.0660 PER PCS),,,,,,,,,3477.1,KGS,574.1896092,1996514.69,6.827462653,23739.77039,731523.0
INNSA1,2023-11-23,301049751,73239990,NP-20 STAINLESS STEEL SPORTS BOTTLE 750ML S-308-C6(QTY:20640PCS/USD 0.9760 PER PCS),,,,,,,,,3440.0,KGS,508.1883808,1748168.03,6.042668024,20786.778,640528.8
INNSA1,2023-11-23,301049751,73239990,AM-457 STAINLESS STEEL SPORTS BOTTLE 750ML SG-210 (QTY: 21600 PCS/ USD 1.0247 PER PCS),,,,,,,,,3360.0,KGS,571.656131,1920764.6,6.797338061,22839.05589,703768.1
INNSA1,2023-11-22,301049751,73239990,NP-20 STAINLESS STEEL SPORTS BOTTLE 750ML S-308-C6 (QTY: 27720 PCS/ USD 0.976 PER PCS),,,,,,,,,4620.0,KGS,508.5421212,2349464.6,6.046874212,27936.55886,860843.8
INNSA1,2023-11-22,301049751,73239990,AM-06 STAINLESS STEEL SPORTS BOTTLE 750ML SG805 (QTY: 16992PCS/ USD 0.99 PER PCS),,,,,,,,,2478.0,KGS,588.5167756,1458344.57,6.997821351,17340.60131,534337.4
INNSA1,2023-11-22,301049751,73239990,NP-21 STAINLESS STEEL SPORTS BOTTLE 650ML S115 (QTY: 7320 PCS/ USD 0.99 PER PCS),,,,,,,,,1220.0,KGS,515.8367869,629320.88,6.13361221,7483.006897,230583.2
INNSA1,2023-11-22,301049751,73239990,SL-01 STAINLESS STEEL COLA BOTTLE 750ML SK750 (QTY: 10776 PCS/ USD 1.128 PER PCS),,,,,,,,,2065.4,KGS,511.0794471,1055583.49,6.077044555,12551.52782,386765.8
INNSA1,2023-11-22,301049751,73239990,AM-314 STAINLESS STEEL SPORTS BOTTLE 500ML S116-500 (QTY: 816 PCS/ USD 0.917 PER PCS),,,,,,,,,102.0,KGS,636.3357843,64906.25,7.566418363,771.774673,23781.7
INNSA1,2023-11-22,301049751,73239990,SB-12 STEEL TEA STRAINER BIG - (QTY:25200 PCS/USD 1.0302 PERPCS),,,,,,,,,6160.0,KGS,372.2396299,2292996.12,4.426154933,27265.11439,840153.7
INNSA1,2023-11-22,301049751,73239990,SB-01 STAINLESS STEEL SPORTS BOTTLE 750ML SG-702 (QTY: 47208 PCS/ USD 1.045 PER PCS),,,,,,,,,7671.3,KGS,557.8162306,4279175.65,6.632773254,50881.99346,1567889.9
INNSA1,2023-11-22,301049751,73239990,DS-25 STAINLESS STEEL GRATER WITH HANDLE-(QTY:51000 PCS USD0.2032 PER PCS),,,,,,,,,1700.0,KGS,538.4261529,915324.46,6.402213471,10883.7629,335374.9
INNSA1,2023-11-22,301049751,73239990,SL-01 STAINLESS STEEL COLA BOTTLE 750ML SK750 (QTY: 15096 PCS/ USD 1.128 PER PCS),,,,,,,,,2956.3,KGS,499.632632,1477063.95,5.940934982,17563.18609,541196.3
INNSA1,2023-11-22,301049751,73239990,AM-393 STAINLESS STEEL SPORTS BOTTLE 750ML (QTY: 25152 PCS/USD 1.200 PER PCS),,,,,,,,,5030.4,KGS,520.4505685,2618074.54,6.188472872,31130.49394,959262.5
INNSA1,2023-11-22,301049751,73239990,AM-314 STAINLESS STEEL SPORTS BOTTLE 500ML S116-500 (QTY: 24144 PCS/ USD 0.917 PER PCS),,,,,,,,,2917.4,KGS,657.9048502,1919371.61,7.822887636,22822.49239,703257.7
INNSA1,2023-11-22,301049751,73239990,NP-21 STAINLESS STEEL SPORTS BOTTLE 650ML S115 (QTY: 12504PCS/ USD 0.99 PER PCS),,,,,,,,,2084.0,KGS,514.9522121,1073160.41,6.12309408,12760.52806,393206.0
INNSA1,2023-11-22,301049751,73239990,SB-01 STAINLESS STEEL SPORTS BOTTLE 750ML SG-702 (QTY: 19920 PCS/ USD 1.045 PER PCS),,,,,,,,,3486.0,KGS,518.5661159,1807721.48,6.166065587,21494.90464,662349.1
INNSA1,2023-11-22,301049751,73239990,BLCR-3 STAINLESS STEEL SPORTS BOTTLE 750ML SG705-1 (QTY: 19704 PCS/ USD 1.052 PER PCS),,,,,,,,,2791.4,KGS,644.8726589,1800097.54,7.667926978,21404.25137,659555.8
INNSA1,2023-11-21,301049751,73239990,SS OIL POT 900ML (KWP-1000B) (QTY: 27000 PCS/USD 1.38 PER PCS),,,,,,,,,7315.0,KGS,439.6726411,3216205.37,5.22797433,38242.63222,1178417.7
INNSA1,2023-11-21,301049751,73239990,STAINLESS STEEL SPORTS BOTTLE (KWB-600F) (QTY: 50400 PCS/USD0.88 PER PCS),,,,,,,,,7680.0,KGS,496.453737,3812764.7,5.903135993,45336.08442,1396997.0
INNSA1,2023-11-17,301049751,73239990,STAINLESS STEEL SPORTS BOTTLE 750ML SG-702 (SB-01) (QTY:34704 NOS/USD 1.045 PER NOS),,,,,,,,,5784.0,KGS,548.9940439,3175381.55,6.527872104,37757.21225,1163459.8
INNSA1,2023-11-17,301049751,73239990,STAINLESS STEEL SPORTS BOTTLE 750ML S-308-C6 (NP-20) (QTY:8472 NOS/0.976 PER NOS),,,,,,,,,1412.0,KGS,512.7445892,723995.36,6.096844105,8608.743876,265271.9
INNSA1,2023-11-17,301049751,73239990,STAINLESS STEELSPORTS BOTTLE 750ML (AM-393) (QTY:1728 NOS/USD 1.200 PER NOS),,,,,,,,,345.6,KGS,525.3531539,181562.05,6.246767585,2158.882878,66524.3
INNSA1,2023-11-13,301049751,73239990,STAINLESS STEEL BOTTLE 500ML (AM-395) (QTY: 15984 NOS/USD 1.052 PER NOS),,,,,,,,,2042.4,KGS,721.058681,1472690.25,8.568730612,17500.7754,539593.8
INNSA1,2023-11-13,301049751,73239990,STAINLESS STEEL SPORTS BOTTLE 750ML SG705-1 (BLCR-3) (QTY: 16392 NOS/USD 1.052 PER NOS),,,,,,,,,2322.2,KGS,650.366493,1510281.07,7.728657076,17947.48746,553367.0
INNSA1,2023-11-13,301049751,73239990,STAINLESS STEEL BOTTLE 750ML SG805 (AM-06) (QTY: 3456 NOS/USD 0.990 PER PCS),,,,,,,,,662.4,KGS,452.375151,299653.3,5.375818787,3560.942365,109793.0
INNSA1,2023-11-13,301049751,73239990,STAINLESS STEELSPORTS BOTTLE 500ML S116-500 (AM-314) (QTY: 67776 NOS/USD 0.917 PER NOS),,,,,,,,,8189.6,KGS,660.7620946,5411377.25,7.852193638,64306.32501,1982728.5
INNSA1,2023-11-13,301049751,73239990,STAINLESS STEELSPORTS BOTTLE 650ML S115 (NP-21) (QTY: 10032NOS/USD 0.990 PER NOS),,,,,,,,,1672.0,KGS,520.2314653,869827.01,6.182192101,10336.62519,318704.6
INNSA1,2023-11-11,301049751,73239990,SS OIL POT 900ML (KWP-1000B) (QTY: 27000 PCS/USD 1.40 PER PCS),,,,,,,,,7300.0,KGS,447.0641274,3263568.13,5.31270502,38782.74664,1195771.4
INNSA1,2023-11-07,301049751,73239990,STEEL ROUND CONTAINER (6856) (QTY: 122400 NOS/ USD 0.585 PERNOS),,,,,,,,,10200.0,KGS,603.2993696,6153653.57,7.169332972,73127.19632,2254698.7
INNSA1,2023-11-07,301049751,73239990,STEEL RECTANGLE CONTAINER (6901) (QTY: 9216 NOS/ USD 0.900 PER NOS),,,,,,,,,1497.6,KGS,475.9758747,712821.47,5.656278963,8470.843375,261177.8
INNSA1,2023-11-07,301049751,73239990,AM-296 STAINLESS STEEL BOTTLE 750ML SG2318 (QTY:42048 PCS/USD 1.070 PER PCS),,,,,,,,,6657.6,KGS,587.0810367,3908550.71,6.976601743,46447.42377,1432092.9
INNSA1,2023-11-07,301049751,73239990,STEEL RECTANGLE CONTAINER BIG (6578) (QTY: 28500 NOS/USD 1.610 PER NOS),,,,,,,,,8431.25,KGS,467.7077503,3943360.97,5.558024365,46861.09293,1444847.5
INNSA1,2023-11-07,301049751,73239990,AM-458 STAINLESS STEEL SPORTS BOTTLE 750ML (QTY:36954 PCS/USD 1.037 PER PCS),,,,,,,,,6159.0,KGS,540.5260383,3329099.87,6.423363498,39561.49578,1219782.2
INNSA1,2023-11-07,301049751,73239990,AM-393 STAINLESS STEEL SPORTS BOTTLE 750ML (QTY:5304 PCS/USD1.200 PER PCS),,,,,,,,,1060.8,KGS,521.2401489,552931.55,6.194178835,6570.784908,202594.1
INNSA1,2023-10-28,301049751,73239990,STAINLESS STEEL SPORTS BOTTLE 750ML SG705-1 (BLCR-3) (QTY: 6000 NOS/USD 1.052 PER NOS),,,,,,,,,850.0,KGS,648.6048,551314.08,7.703144893,6547.673159,202001.5
INNSA1,2023-10-28,301049751,73239990,STAINLESS STEELSPORTS BOTTLE 750ML (AM-393) (QTY: 9000 NOS/USD 1.200 PER NOS),,,,,,,,,1800.0,KGS,524.0628389,943313.11,6.224024215,11203.24359,345629.9
INNSA1,2023-10-28,301049751,73239990,STAINLESS STEELSPORTS BOTTLE 650ML S115 (NP-21) (QTY: 9168 NOS/USD 1.008 PER NOS),,,,,,,,,1528.0,KGS,528.2550785,807173.76,6.273813284,9586.386698,295748.5
INNSA1,2023-10-28,301049751,73239990,STEEL RECTANGLE CONTAINER (6901) (QTY: 67440 NOS/USD 0.900 PER NOS),,,,,,,,,10959.0,KGS,478.1220339,5239739.37,5.678408954,62229.68373,1919840.5
INNSA1,2023-10-28,301049751,73239990,STEEL ROUND CONTAINER MEDIUM (6581) (QTY: 1008 NOS/USD 0.900PER NOS),,,,,,,,,121.8,KGS,642.9916256,78316.38,7.636480114,930.1232779,28695.1
INNSA1,2023-10-28,301049751,73239990,STEEL LUNCH BOX 3LAYER (8505) (QTY: 11100 NOS/USD 3.350 PERNOS),,,,,,,,,7215.0,KGS,444.9190644,3210091.05,5.2840744,38124.59679,1176177.3
INNSA1,2023-10-28,301049751,73239990,STEEL RECTANGLE CONTAINER LARGE (6862) (QTY: 43542 NOS/USD 1.430 PER NOS),,,,,,,,,10885.5,KGS,493.7937706,5375192.09,5.864534093,63838.38587,1969470.3
INNSA1,2023-10-28,301049751,73239990,MILD STEEL MULTI FUNCTION CLOTH STAND (RYX-02-021A) (QTY: 2592 NOS /CNY: 63.00 PER NOS),,,,,,,,,9504.0,KGS,217.095726,2063277.78,2.578334038,24504.4867,755985.1
INNSA1,2023-10-28,301049751,73239990,STEEL LUNCH BOX 2 LAYER (8504) (QTY: 22080 NOS/USD 2.400 PERNOS),,,,,,,,,10561.6,KGS,433.1419103,4574671.6,5.14420321,54331.01663,1676159.6
INNSA1,2023-10-28,301049751,73239990,STEEL ROUND CONTAINER (6857) (QTY: 68400 NOS/USD 0.735 PER NOS),,,,,,,,,8721.0,KGS,497.6531315,4340032.96,5.910369733,51544.33444,1590188.1
INNSA1,2023-10-28,301049751,73239990,STAINLESS STEELSPORTS BOTTLE 500ML S116-500 (AM-314) (QTY: 28560 NOS/USD 0.917 PER NOS),,,,,,,,,3451.0,KGS,662.8491742,2287492.5,7.872317983,27167.36936,838137.3
INNSA1,2023-10-26,301049751,73239990,AM-461 STAINLESS STEEL SPORTS BOTTLE 750ML (QTY:10098 PCS/USD 1.167 PER PCS),,,,,,,,,1683.0,KGS,608.2838265,1023741.68,7.224273474,12158.45226,375098.9
INNSA1,2023-10-26,301049751,73239990,AM-393 STAINLESS STEEL SPORTS BOTTLE 750ML (QTY:816 PCS/USD1.230 PER PCS),,,,,,,,,163.2,KGS,534.2680147,87192.54,6.345225828,1035.540855,31947.4
INNSA1,2023-10-26,301049751,73239990,NP-21 STAINLESS STEEL SPORTS BOTTLE 650ML S115 (QTY:16584 PCS/USD 1.008 PER PCS),,,,,,,,,2764.0,KGS,525.4068741,1452224.6,6.239986628,17247.32304,532095.1
INNSA1,2023-10-26,301049751,73239990,WB-750 STAINLESS STEEL SPORTS BOTTLE 750ML SG902 (QTY:14568PCS/USD 1.180 PER PCS),,,,,,,,,2549.4,KGS,585.7711618,1493365.0,6.95690216,17735.92637,547168.9
INNSA1,2023-10-26,301049751,73239990,AM-394 STAINLESS STEEL SPORTS BOTTLE 800ML (QTY:456 PCS/USD1.210 PER PCS),,,,,,,,,85.5,KGS,560.6194152,47932.96,6.658187829,569.2750594,17562.7
INNSA1,2023-10-24,301049751,73239990,HOUSEHOLD STEEL HOOK 3PCS SET (2628) (QTY: 167580 NOS/USD 0.407 PER NOS),,,,,,,,,5679.1,KGS,1022.925115,5809294.02,12.14875433,68993.99074,2128525.3
INNSA1,2023-10-17,301049751,73231000,8001-2 STEEL SCRUBBER 2 PCS SET (QTY- 168000 SETS/USD 0.156PER SETS),,,,,,,,,4900.0,KGS,459.5340347,2251716.77,5.460891678,26758.36922,989854.7
INNSA1,2023-10-16,301049751,73239990,RYX-02-021A MILD STEEL MULTI FUNCTION CLOTH STAND (QTY :3888NUM/CNY 63.00 PER NUM),,,,,,,,,14256.0,KGS,208.1419346,2967271.42,2.473463275,35261.69245,1087208.2
INNSA1,2023-10-16,301049751,73239990,AM-398 STAINLESS STEEL SPORTS BOTTLE 1.45L (QTY:3324 PCS/USD1.63 PER PCS),,,,,,,,,941.8,KGS,499.7562646,470670.45,5.938874208,5593.231729,172453.7
INNSA1,2023-10-16,301049751,73239990,RYX-02-020 MILD STEEL MULTI FUNCTION CLOTH STAND (QTY :1232NUM/CNY 102.00 PER NUM),,,,,,,,,4004.0,KGS,374.0212113,1497580.93,4.44469651,17796.56482,548713.7
INNSA1,2023-10-16,301049751,73239990,WB-750 STAINLESS STEEL SPORTS BOTTLE 750ML SG902 (QTY:9264 PCS/USD 1.18 PER PCS),,,,,,,,,1621.2,KGS,585.7499753,949617.86,6.960784021,11284.82305,347940.1
INNSA1,2023-10-16,301049751,73239990,AM-394 STAINLESS STEEL SPORTS BOTTLE 800ML (QTY:24000 PCS/USD 1.21 PER PCS),,,,,,,,,4500.0,KGS,560.5991111,2522696.0,6.661902687,29978.56209,924315.8
INNSA1,2023-10-16,301049751,73231000,"STEEL SCRUBBER 6PCS SET (OKS-4156) (QTY:100,800 NOS / USD 0.245 PER NOS)",,,,,,,,,9273.0,KGS,233.0034315,2160640.82,2.7689059,25676.06441,949817.7
INNSA1,2023-10-14,301049751,73239990,STAINLESS STEEL SPORTS BOTTLE 750ML SG902 (WB-750) (QTY: 240NOS/USD 1.180 PER NOS),,,,,,,,,42.0,KGS,592.642381,24890.98,7.042690207,295.7929887,9120.0
INNSA1,2023-10-14,301049751,73239990,STAINLESS STEELSPORTS BOTTLE 800ML (AM-394) (QTY: 11568 NOS/USD 1.210 PER NOS),,,,,,,,,2169.0,KGS,567.195657,1230247.38,6.740293012,14619.69554,450762.6
INNSA1,2023-10-14,301049751,73239990,STAINLESS STEEL SPORTS BOTTLE 750ML SG-702 (SB-01) (QTY: 552NOS/USD 1.055 PER NOS),,,,,,,,,96.6,KGS,529.8625259,51184.72,6.296643207,608.2557338,18754.0
INNSA1,2023-10-14,301049751,73239990,STAINLESS STEELSPORTS BOTTLE 1.45L (AM-398) (QTY: 15540 NOS/USD 1.630 PER NOS),,,,,,,,,4403.0,KGS,505.6368771,2226319.17,6.00875671,26456.55579,815723.3
INNSA1,2023-10-13,301049751,73239990,STEEL SPRINKLER (AM-430) (QTY: 38688 PCS/USD 0.5673 PER PCS),,,,,,,,,7092.8,KGS,272.9822355,1936208.4,3.243995669,23009.01248,709426.8
INNSA1,2023-10-08,301049751,73239990,STEEL DRAINER (AM-321) (QTY: 25200 PCS/USD 0.7290 PER PCS),,,,,,,,,3465.0,KGS,477.1615123,1653364.64,5.670368536,19647.82698,605792.8
INNSA1,2023-10-08,301049751,73239990,STEEL HAND BLENDER (AM-474) (QTY: 600 PCS/USD 0.6602 PER PCS),,,,,,,,,60.0,KGS,594.1773333,35650.64,7.060930877,423.6558526,13062.4
INNSA1,2023-10-08,301049751,73239990,STEEL TEA STRAINER BIG (SB-12) (QTY: 25200 PCS/USD 1.0316 PER PCS),,,,,,,,,6160.0,KGS,379.8147029,2339658.57,4.513543707,27803.42923,857250.9
INNSA1,2023-10-08,301049751,73239990,STEEL KITCHEN BASKET (AM-322) (QTY: 6000 PCS/USD 1.2792 PERPCS),,,,,,,,,1650.0,KGS,418.6453939,690764.9,4.974989827,8208.733214,253096.3
INNSA1,2023-10-06,301049751,73239990,AM-398 STAINLESS STEEL SPORTS BOTTLE 1.45L (QTY:3648 PCS/USD1.63 PER PCS),,,,,,,,,1033.6,KGS,499.473007,516255.3,5.935508104,6134.941176,189156.0
INNSA1,2023-10-06,301049751,73239990,AM-460 STAINLESS STEEL SPORTS BOTTLE 750ML (QTY:4584 PCS/USD1.16 PER PCS),,,,,,,,,744.9,KGS,619.7645724,461662.63,7.36499789,5486.186928,169153.2
INNSA1,2023-10-06,301049751,73239990,AM-393 STAINLESS STEEL SPORTS BOTTLE 750ML (QTY:13440 PCS/USD 1.23 PER PCS),,,,,,,,,2688.0,KGS,533.9458482,1435246.44,6.345167537,17055.81034,525874.3
INNSA1,2023-10-06,301049751,73239990,RYX-02-021A MILD STEEL MULTI FUNCTION CLOTH STAND (QTY :3888NUM/CNY 63.00 PER NUM),,,,,,,,,14256.0,KGS,206.9956587,2950930.11,2.459841458,35067.49982,1081220.8
INNSA1,2023-10-06,301049751,73239990,AM-06 STAINLESS STEEL BOTTLE 750ML SG805 (QTY:19488 PCS/USD1.00 PER PCS),,,,,,,,,2842.0,KGS,595.3403308,1691957.22,7.074751405,20106.44349,619933.0
INNSA1,2023-10-06,301049751,73239990,RYX-02-020 MILD STEEL MULTI FUNCTION CLOTH STAND (QTY :1232NUM/CNY 102.00 PER NUM),,,,,,,,,4004.0,KGS,378.101958,1513920.24,4.493190232,17990.73369,554700.3
INNSA1,2023-10-05,301049751,73239990,AM-393 STAINLESS STEEL SPORTS BOTTLE 750ML (QTY: 6312 NUM/USD 1.1230 PER NUM),,,,,,,,,1262.4,KGS,533.5933856,673608.29,6.348523327,8014.375848,246810.2
INNSA1,2023-10-05,301049751,73239990,BLCR-3 STAINLESS STEEL SPORTS BOTTLE 750ML SG705-1 (QTY: 9480 NUM/USD 1.065 PER NUM),,,,,,,,,1343.0,KGS,652.254758,875978.14,7.760318358,10422.10756,320958.4
INNSA1,2023-10-05,301049751,73239990,NP-21 STAINLESS STEEL SPORTS BOTTLE 650ML S115 (QTY: 27072 NUM/USD 1.008 PER NUM),,,,,,,,,4512.0,KGS,524.7436348,2367643.28,6.243231823,28169.46199,867504.6
INNSA1,2023-10-03,301049751,73239990,STEEL SPRINKLER (AM-430) (QTY: 36480 PCS/USD 0.5688 PER PCS),,,,,,,,,6688.0,KGS,276.057174,1846270.38,3.284439905,21966.33409,676473.5
INNSA1,2023-10-03,301049751,73239390,NON STICK CAKE MOULD (AN-04) (QTY: 360 SET/USD 1.033 PER SET),,,,,,,,,99.0,KGS,334.2324242,33089.01,3.976590413,393.6824509,12123.8
INNSA1,2023-09-29,301049751,73231000,SS SCRUBBER 3PCS SET (SS410) (QTY: 121680 SETS/USD 0.165 PERSETS),,,,,,,,,7605.0,KGS,234.6472268,1784492.16,2.791757606,21231.3166,784462.7
INNSA1,2023-09-27,301049751,73239990,STAINLESS STEELSPORTS BOTTLE 750ML (AM-460) (QTY: 43416 NOS/USD 1.160 PER NOS),,,,,,,,,7055.1,KGS,624.4192754,4405340.43,7.429140695,52413.33052,1614116.7
INNSA1,2023-09-27,301049751,73239990,STAINLESS STEELSPORTS BOTTLE 650ML S115 (NP-21) (QTY: 3240 NOS/USD 1.008 PER NOS),,,,,,,,,553.5,KGS,516.1305691,285678.27,6.140756325,3398.908626,104672.6
INNSA1,2023-09-26,301049751,73239990,RYX-02-021A MILD STEEL MULTI FUNCTION CLOTH STAND (QTY :1296NUM/CNY 63.00 PER NUM),,,,,,,,,4752.0,KGS,206.0837774,979310.11,2.451918826,11651.51826,358819.2
INNSA1,2023-09-26,301049751,73239990,RYX-02-020 MILD STEEL MULTI FUNCTION CLOTH STAND (QTY :1232NUM/CNY 102.00 PER NUM),,,,,,,,,4004.0,KGS,376.4363037,1507250.96,4.478718664,17932.78953,552256.7
INNSA1,2023-09-25,301049751,73239990,STEEL LUNCH BOX (6717) (QTY: 1200 NOS/USD 3.15 PER NOS),,,,,,,,,460.0,KGS,722.4468261,332325.54,8.595441119,3953.902915,121764.1
INNSA1,2023-09-25,301049751,73239990,STEEL FOOD CONTAINER (6571) (QTY: 192 NOS/USD 3.90 PER NOS),,,,,,,,,77.6,KGS,848.351933,65832.11,10.09341979,783.2493754,24120.8
INNSA1,2023-09-23,301049751,73239990,STAINLESS STEELSPORTS BOTTLE 1.45L (AM-398) (QTY: 9936 NOS/USD 1.630 PER NOS),,,,,,,,,2815.2,KGS,506.39843,1425612.86,6.024966448,16961.48554,522344.6
INNSA1,2023-09-23,301049751,73239990,STAINLESS STEELSPORTS BOTTLE 650ML S115 (NP-21) (QTY: 22848NOS/USD 1.008 PER NOS),,,,,,,,,3998.4,KGS,507.0197054,2027267.59,6.032358184,24119.78096,742790.9
INNSA1,2023-09-23,301049751,73239990,STAINLESS STEELSPORTS BOTTLE 750ML (AM-458) (QTY: 1350 NOS/USD 1.037 PER NOS),,,,,,,,,225.0,KGS,547.6870222,123229.58,6.516204904,1466.146104,45151.3
INNSA1,2023-09-23,301049751,73239990,STAINLESS STEEL GRATER WITH HANDL (DS-25) (QTY: 51000 PCS/USD 0.2035 PER PCS),,,,,,,,,1615.0,KGS,573.2054985,925726.88,6.819815568,11014.00214,339186.3
INNSA1,2023-09-20,301049751,73239990,HOUSEHOLD STEEL HOOK 3PCS SET (QTY: 720 NOS/USD 0.407 PER NOS),,,,,,,,,24.4,KGS,1026.464344,25045.73,12.22709165,298.3410363,9176.7
INNSA1,2023-09-20,301049751,73239990,HOUSEHOLD STEEL HOOK 3PCS SET (2628) (QTY: 167364 NOS/USD 0.407 PER NOS),,,,,,,,,5671.78,KGS,1022.493475,5799358.04,12.17979124,69081.09637,2124884.8
INNSA1,2023-09-18,301049751,73239990,STAINLESS STEEL SPORT BOTTLE (KWB-600F) (QTY: 49716 PCS/USD0.94 PER PCS),,,,,,,,,7600.0,KGS,528.4719171,4016386.57,6.295079418,47842.60357,1471604.0
INNSA1,2023-09-16,301049751,73239990,BCLR-3 STAINLESS STEEL SPORTS BOTTLE 750ML SG705-1 (QTY: 14520 NUM/USD 1.0650 PER NUM),,,,,,,,,2178.0,KGS,615.7635629,1341133.04,7.334884609,15975.37868,491391.2
INNSA1,2023-09-16,301049751,73239990,NP-20 STAINLESS STEEL SPORTS BOTTLE 750ML S-308-C6 (QTY: 1008 NUM/USD 1.0050 PER NUM),,,,,,,,,168.0,KGS,522.9654167,87858.19,6.229486798,1046.553782,32191.2
INNSA1,2023-09-16,301049751,73239990,NP-21 STAINLESS STEEL SPORTS BOTTLE 650ML S115 (QTY: 9720 NUM/USD 1.0042 PER NUM),,,,,,,,,1701.0,KGS,497.6655732,846529.14,5.928118799,10083.73008,310168.3
INNSA1,2023-09-16,301049751,73239990,AM-398 STAINLESS STEELSPORTS BOTTLE 1.45L (QTY: 9876 NUM/USD1.6300 PER NUM),,,,,,,,,2798.2,KGS,498.9368237,1396125.02,5.943261747,16630.43502,511540.2
INNSA1,2023-09-13,301049751,73239990,SS OIL POT 900ML (KWP-1000B) (QTY: 26424 PCS/USD: 1.47 PER PCS),,,,,,,,,7215.0,KGS,464.8330381,3353770.37,5.537022491,39949.61727,1228821.5
INNSA1,2023-09-13,301049751,73231000,STEEL SCRUBBER 6PCS SET (OKS-4156) (QTY: 99000 NOS/USD: 0.248 PER NOS),,,,,,,,,9108.0,KGS,233.0286572,2122425.01,2.775802945,25282.01322,933018.0
INNSA1,2023-09-12,301049751,73239990,AM-456 STAINLESS STEEL SPORTS BOTTLE 750ML SP750 (QTY: 1350NUM/USD 1.076 PER NUM),,,,,,,,,210.0,KGS,599.460619,125886.73,7.14068635,1499.544133,46124.8
INNSA1,2023-09-12,301049751,73239990,NP-21 STAINLESS STEEL SPORTS BOTTLE 650ML S115 (QTY: 13416 NUM/USD 1.00 PER NUM),,,,,,,,,2068.3,KGS,562.1385969,1162671.26,6.696111935,13849.56831,426002.8
INNSA1,2023-09-12,301049751,73239990,NP-20 STAINLESS STEEL SPORTS BOTTLE 750ML S-308-C6 (QTY: 7896 NUM/USD 1.005 PER NUM),,,,,,,,,1250.2,KGS,550.0822108,687712.78,6.552498045,8191.933055,251978.1
INNSA1,2023-09-12,301049751,73239990,BCLR-3 STAINLESS STEEL SPORTS BOTTLE 750ML SG705-1 (QTY: 18168 NUM/USD 1.065 PER NUM),,,,,,,,,2573.8,KGS,651.5021408,1676836.21,7.76059727,19974.22525,614392.7
INNSA1,2023-09-12,301049751,73239990,AM-457 STAINLESS STEEL SPORTS BOTTLE 750ML SG210 (QTY: 1350NUM/USD 1.032 PER NUM),,,,,,,,,210.0,KGS,574.947381,120738.95,6.848688278,1438.224538,44238.8
INNSA1,2023-09-12,301049751,73239390,NON STICK SAUCE PAN 16CM (AN-02) (QTY: 720 PCS/USD 0.566 PERPCS),,,,,,,,,176.0,KGS,203.3855114,35795.85,2.42269817,426.3948779,13115.6
INNSA1,2023-09-12,301049751,73239990,AM-459 STAINLESS STEEL SPORTS BOTTLE 750ML SG707 (QTY: 1350NUM/USD 1.083 PER NUM),,,,,,,,,225.0,KGS,563.1364444,126705.7,6.707998147,1509.299583,46424.9
INNSA1,2023-09-12,301049751,73239390,NON STICK FRY PAN 16CM (AN-01) (QTY: 720 PCS/USD 0.497 PER PCS),,,,,,,,,156.0,KGS,201.4874359,31432.04,2.400088575,374.4138177,11516.7
INNSA1,2023-09-11,301049751,73239990,STEEL SPRINKLER (AM-430) (QTY: 10824 PCS/USD 0.5724 PER PCS),,,,,,,,,1758.9,KGS,314.5721872,553301.02,3.747137429,6590.840024,202729.5
INNSA1,2023-09-08,301049751,73239990,MILD STEEL MULTI FUNCTION CLOTH STAND (RYX-02-021A) (QTY: 1296 NOS /CNY: 63.00 PER NOS),,,,,,,,,4752.0,KGS,217.9239036,1035574.39,2.595877351,12335.60917,379434.5
INNSA1,2023-09-07,301049751,73231000,8001-2 STEEL SCRUBBER 2 PCS SET (QTY- 167160 SETS/USD 0.158PER SETS),,,,,,,,,4875.0,KGS,464.2940554,2263433.52,5.530602208,26961.68577,995005.4
INNSA1,2023-09-07,301049751,73239990,STEEL HANGER WITH HOOK (SL-89) (QTY: 70056 NOS/CNY: 7.48 PERNOS),,,,,,,,,15568.0,KGS,392.8973895,6116626.56,4.68013567,72860.35211,2241131.9
INNSA1,2023-09-04,301049751,73239990,STAINLESS STEEL SPORTS BOTTLE 750ML SG902 (WB-750)(QTY:16728NOS/USD: 1.180 PER NOS),,,,,,,,,2927.4,KGS,585.1833675,1713065.79,6.974771961,20417.94744,627667.3
INNSA1,2023-09-04,301049751,73239990,SL-01 STAINLESS STEEL COLA BOTTLE 750ML SK750 (QTY:29616 PCS/USD 1.139 PER PCS),,,,,,,,,5676.4,KGS,514.4829205,2920410.85,6.132096788,34808.23421,1070038.6
INNSA1,2023-09-04,301049751,73239990,SB-01 STAINLESS STEEL SPORTS BOTTLE 750ML SG-702 (QTY: 5712NUM/USD 1.055 PER NUM),,,,,,,,,999.6,KGS,521.9251901,521716.42,6.220800835,6218.312515,191156.9
INNSA1,2023-09-04,301049751,73239990,STAINLESS STEEL SPORTS BOTTLE 500ML S116-500 (AM-314) (QTY:12216 NOS/USD: 0.943 PER NOS),,,,,,,,,1476.1,KGS,677.2874399,999743.99,8.072555898,11915.89976,366306.2
INNSA1,2023-09-04,301049751,73239990,AM-06 STAINLESS STEEL BOTTLE 750ML SG805 (QTY:6720 PCS/USD 1.028 PER PCS),,,,,,,,,980.0,KGS,610.2814898,598075.86,7.273915254,7128.436949,219135.0
INNSA1,2023-09-04,301049751,73239990,STAINLESS STEEL SPORTS BOTTLE (KWB-600F) (QTY: 49716 PCS/USD0.94 PER PCS),,,,,,,,,7600.0,KGS,524.0138711,3982505.42,6.245695722,47467.28749,1459190.0
INNSA1,2023-09-04,301049751,73239990,STAINLESS STEEL BOTTLE 750ML SG805 (AM-06) (QTY:19848 NOS /USD: 1.000 PER NOS),,,,,,,,,3308.0,KGS,520.7140266,1722522.0,6.206365037,20530.65554,631132.0
INNSA1,2023-09-02,301049751,73239990,RYX-02-026-3S MILD STEEL MULTI FUNCTION CLOTH STAND (QTY :848 NUM/CNY 84.00 PER NUM),,,,,,,,,3307.2,KGS,261.8192187,865888.52,3.120610473,10320.48296,317261.6
INNSA1,2023-09-02,301049751,73239990,RYX-02-026-3S MILD STEEL MULTI FUNCTION CLOTH STAND (QTY :848 NUM/CNY 84.00 PER NUM),,,,,,,,,3307.2,KGS,261.8192187,865888.52,3.120610473,10320.48296,317261.6
INNSA1,2023-09-02,301049751,73239990,RYX-02-026-3S MILD STEEL MULTI FUNCTION CLOTH STAND (QTY :848 NUM/CNY 84.00 PER NUM),,,,,,,,,3307.2,KGS,261.8192187,865888.52,3.120610473,10320.48296,317261.6
INNSA1,2023-08-31,301049751,73239990,STEEL SPRINKLER (AM-430) (QTY: 15624 PCS / USD: 0.572 PER PCS),,,,,,,,,2538.9,KGS,310.4148923,788112.37,3.699819932,9393.472825,288764.4
INNSA1,2023-08-30,301049751,73239990,STEEL RECTANGLE CONTAINER LARGE (6862) (QTY: 45018 NOS/USD 1.47 PER NOS),,,,,,,,,11254.5,KGS,501.2746635,5641595.7,5.974668218,67241.90346,2067080.6
INNSA1,2023-08-30,301049751,73239990,STEEL FOOD CONTAINER (6571) (QTY: 1008 NOS/USD 3.9 PER NOS),,,,,,,,,407.4,KGS,822.6262396,335137.93,9.80484195,3994.49261,122794.6
INNSA1,2023-08-30,301049751,73239990,STEEL LUNCH BOX (6728) (QTY: 2400 NOS/USD 2.25 PER NOS),,,,,,,,,832.0,KGS,553.3104688,460354.31,6.594880438,5486.940524,168673.9
INNSA1,2023-08-30,301049751,73239990,STEEL FOOD CONTAINER (6713) (QTY: 2400 NOS/USD 1.68 PER NOS),,,,,,,,,707.333,KGS,485.9538152,343731.17,5.792059776,4096.915018,125943.0
INNSA1,2023-08-30,301049751,73239990,STEEL LUNCH BOX (6564) (QTY: 1200 NOS/USD 3.7 PER NOS),,,,,,,,,678.0,KGS,558.2795723,378513.55,6.65410694,4511.484505,138687.4
INNSA1,2023-08-30,301049751,73239990,STEEL LUNCH BOX (6720) (QTY: 1200 NOS/USD 2.72 PER NOS),,,,,,,,,376.667,KGS,738.7389657,278258.59,8.804993632,3316.550536,101954.0
INNSA1,2023-08-30,301049751,73239990,STEEL LUNCH BOX (6588) (QTY: 1200 NOS/USD 2.45 PER NOS),,,,,,,,,345.0,KGS,726.4850145,250637.33,8.658939386,2987.334088,91833.5
INNSA1,2023-08-30,301049751,73239990,STEEL LUNCH BOX (6585) (QTY: 1200 NOS/USD 3.65 PER NOS),,,,,,,,,738.0,KGS,505.9599593,373398.45,6.03051203,4450.517878,136813.2
INNSA1,2023-08-30,301049751,73239990,STEEL LUNCH BOX (6122) (QTY: 2400 NOS/USD 2.02 PER NOS),,,,,,,,,748.0,KGS,552.5345187,413295.82,6.585631927,4926.052682,151431.6
INNSA1,2023-08-29,301049751,73239990,NP-19 STEEL SALT BOTTLE (QTY:15480 PCS /USD 0.4475 PER PCS),,,,,,,,,2408.0,KGS,251.9536628,606704.42,3.003023394,7231.280334,222296.5
INNSA1,2023-08-29,301049751,73239990,NP-55 STEEL TEA STRAINER (QTY:100800 PCS/USD 0.2839 PER PCS),,,,,,,,,4620.0,KGS,542.4966732,2506334.63,6.465991337,29872.87998,918321.0
INNSA1,2023-08-29,301049751,73239990,SB-12 STEEL TEA STRAINER BIG - (QTY:15300 PCS/USD 1.0489 PERPCS),,,,,,,,,3740.0,KGS,375.8089144,1405525.34,4.479248086,16752.38784,514984.5
INNSA1,2023-08-29,301049751,73239990,AM-217 STEEL LEMON SQUEEZER (QTY:15000 PCS/USD 1.8461 PER PCS),,,,,,,,,4375.0,KGS,554.3468206,2425267.34,6.607232665,28906.64291,888617.9
INNSA1,2023-08-29,301049751,73239990,SB-01 STAINLESS STEEL SPORTS BOTTLE 750ML SG-702 (QTY: 34872NUM/USD 1.0582 PER NUM),,,,,,,,,5957.3,KGS,536.6618116,3197055.41,6.396445907,38105.5472,1171401.1
INNSA1,2023-08-29,301049751,73239990,NP-20 STAINLESS STEEL SPORTS BOTTLE 750ML S-308-C6 (QTY: 50544 NUM/USD 1.0065 PER NUM),,,,,,,,,8424.0,KGS,523.2034651,4407465.99,6.236036533,52532.37175,1614895.5
INNSA1,2023-08-28,301049751,73239990,STEEL LUNCH BOX (6527) (QTY: 25680 NOS/USD: 1.90 PER NOS),,,,,,,,,8945.2,KGS,464.6091926,4156022.15,5.537654263,49535.42491,1522766.4
INNSA1,2023-08-28,301049751,73239990,STEEL ROUND CONTAINER MEDIUM (6581) (QTY: 87792 NOS/USD: 0.90 PER NOS),,,,,,,,,10608.2,KGS,634.4319272,6730180.77,7.561763137,80216.69571,2465938.3
INNSA1,2023-08-28,301049751,73239990,STEEL LUNCH BOX (6561) (QTY: 21144 NOS/USD: 2.45 PER NOS),,,,,,,,,8281.4,KGS,532.8178074,4412477.39,6.350629409,52592.10238,1616731.7
INNSA1,2023-08-25,301049751,73239990,HOUSEHOLD STEEL HOOK 3PCS SET (2628) (QTY: 166428 NOS/USD 0.416 PER NOS),,,,,,,,,5640.06,KGS,1040.901907,5870749.21,12.40645896,69973.17294,2151042.5
INNSA1,2023-08-25,301049751,73239990,STAINLESS STEEL BOTTLE 750ML SG805 (AM-06) (QTY: 7128 NOS/USD: 1.00 PER NOS),,,,,,,,,1039.5,KGS,594.8481674,618344.67,7.089966238,7370.019905,226561.5
INNSA1,2023-08-25,301049751,73239990,STAINLESS STEEL SPORTS BOTTLE 750ML SG-702 (SB-01) (QTY: 11640 NOS/USD: 1.055 PER NOS),,,,,,,,,2037.0,KGS,522.9706284,1065291.17,6.233261363,12697.1534,390322.6
INNSA1,2023-08-25,301049751,73239990,STAINLESS STEELSPORTS BOTTLE 500ML S116-500 (AM-314) (QTY: 24048 NOS/USD: 0.943 PER NOS),,,,,,,,,2905.8,KGS,676.998651,1967222.68,8.069113838,23447.23099,720790.4
INNSA1,2023-08-25,301049751,73239990,STAINLESS STEELSPORTS BOTTLE 650ML S115 (NP-21) (QTY: 6696 NOS/USD: 1.00 PER NOS),,,,,,,,,1116.0,KGS,520.4921326,580869.22,6.203720293,6923.351847,212830.5
INNSA1,2023-08-25,301049751,73239990,STAINLESS STEEL COLA BOTTLE 750ML SK750 (SL-01) (QTY: 3480 NOS/USD: 1.139 PER NOS),,,,,,,,,667.0,KGS,515.5135382,343847.53,6.14438067,4098.301907,125985.8
INNSA1,2023-08-25,301049751,73239990,HOUSEHOLD STEEL HOOK 3PCS SET (2628) (QTY: 1692 PKT/USD: 0.416 PER PKT),,,,,,,,,57.34,KGS,1040.12016,59640.49,12.39714136,710.8520858,21852.3
INNSA1,2023-08-24,301049751,73239990,NP-19 STEEL SALT BOTTLE (QTY:45720 PCS/USD 0.4507 PER PCS),,,,,,,,,6985.0,KGS,260.3482391,1818532.45,3.103077939,21674.9994,666310.3
INNSA1,2023-08-23,301049751,73239990,STAINLESS STEEL COLA BOTTLE 750ML SK750 (SL-01) (QTY: 5928 NOS/USD: 1.139 PER NOS),,,,,,,,,1136.2,KGS,515.3352843,585523.95,6.14225607,6978.831347,214536.0
INNSA1,2023-08-23,301049751,73231000,STEEL SCRUBBER 6PCS SET (OKS-4156) (QTY: 95280 NOS/USD: 0.248 PER NOS),,,,,,,,,8765.76,KGS,233.1507354,2043743.39,2.778912221,24359.27759,898429.7
INNSA1,2023-08-23,301049751,73231000,8001-2 STEEL SCRUBBER 2 PCS SET (QTY- 168000 SETS/USD 0.158PER SETS),,,,,,,,,4900.0,KGS,463.9228898,2273222.16,5.529474253,27094.42384,999308.4
INNSA1,2023-08-23,301049751,73239990,STAINLESS STEELSPORTS BOTTLE 750ML (AM-393) (QTY: 20232 NOS/USD: 1.230 PER NOS),,,,,,,,,4046.4,KGS,533.3201438,2158026.63,6.356616732,25721.41395,790700.9
INNSA1,2023-08-23,301049751,73239990,STAINLESS STEELSPORTS BOTTLE 500ML S116-500 (AM-314) (QTY: 23880 NOS/USD: 0.943 PER NOS),,,,,,,,,2885.5,KGS,676.7648761,1952805.05,8.066327486,23275.38796,715507.8
INNSA1,2023-08-21,301049751,73239990,STEEL LUNCH BOX (6561) (QTY: 20940 NOS/USD: 2.45 PER NOS),,,,,,,,,8201.5,KGS,537.3941876,4407438.43,6.405175061,52532.04327,1614885.5
INNSA1,2023-08-21,301049751,73239990,STEEL LUNCH BOX (6527) (QTY: 25680 NOS/USD: 1.90 PER NOS),,,,,,,,,8945.2,KGS,468.5997272,4191718.28,5.585217249,49960.88534,1535845.7
INNSA1,2023-08-21,301049751,73239990,STEEL ROUND CONTAINER (6857) (QTY: 70380 NOS/USD: 0.74 PER NOS),,,,,,,,,8973.45,KGS,498.6146911,4474294.0,5.942964137,53328.89154,1639381.3
INNSA1,2023-08-17,301049751,73239990,STAINLESS STEEL SPORT BOTTLE (KWB-600F) (QTY: 49716 PCS/USD0.94 PER PCS),,,,,,,,,7600.0,KGS,522.6386842,3972054.0,6.251658902,47512.60766,1455360.6
INNSA1,2023-08-16,301049751,73239990,STAINLESS STEEL SPORTS BOTTLE 750ML S-308-C6 (NP-20) (QTY:21216 PCS/1.005 USD PER PCS),,,,,,,,,3536.0,KGS,523.7076046,1851830.09,6.264445032,22151.07763,678510.5
INNSA1,2023-08-16,301049751,73239990,STAINLESS STEEL SPORTS BOTTLE 750ML SG-702 (SB-01) (QTY:8880PCS/1.080 USD PER PCS),,,,,,,,,1554.0,KGS,535.9907658,832929.65,6.411372796,9963.273325,305185.4
INNSA1,2023-08-16,301049751,73239990,STAINLESS STEEL BOTTLE 750ML SG805 (AM-06) (QTY:12912 PCS/1.028 USD PER PCS),,,,,,,,,1883.0,KGS,612.2207063,1152811.59,7.32321419,13789.61232,422390.1
INNSA1,2023-08-11,301049751,73239990,HOUSEHOLD STEEL HOOK 3PCS SET (3888) (QTY: 2400 NOS/USD 0.3PER NOS),,,,,,,,,80.0,KGS,792.524125,63401.93,9.479953648,758.3962919,23230.4
INNSA1,2023-08-08,301049751,73239990,SS OIL POT 900ML (KWP-1000B) (QTY: 27000 PCS/USD: 1.47 PER PCS),,,,,,,,,7315.0,KGS,463.1215038,3387733.8,5.539730906,40523.13158,1241265.7
INNSA1,2023-08-07,301049751,73239990,STEEL HANGER WITH HOOK (SM1168) (QTY:57792 PCS/1.27 USD PERPCS),,,,,,,,,10836.0,KGS,572.7315347,6206118.91,6.850855678,74235.87213,2273922.0
INNSA1,2023-08-05,301049751,73239990,STAINLESS STEEL SPORTS BOTTLE 750ML SG-702 (SB-01) (QTY: 13824 NOS/USD 1.080 PER NOS),,,,,,,,,2419.2,KGS,535.721474,1296017.39,6.408151603,15502.60036,474860.8
INNSA1,2023-08-05,301049751,73239990,STAINLESS STEELSPORTS BOTTLE 650ML S115 (NP-21) (QTY: 17328NOS/USD 1.00 PER NOS),,,,,,,,,2888.0,KGS,520.8402874,1504186.75,6.230146978,17992.66447,551133.9
INNSA1,2023-08-05,301049751,73239990,STAINLESS STEEL BOTTLE 750ML SG805 (AM-06) (QTY: 7584 NOS/USD 1.028 PER NOS),,,,,,,,,1106.0,KGS,611.9127667,676775.52,7.319530702,8095.400957,247970.5
INNSA1,2023-08-05,301049751,73239990,STAINLESS STEEL SPORTS BOTTLE 750ML S-308-C6 (NP-20) (QTY: 5376 NOS/USD 1.005 PER NOS),,,,,,,,,896.0,KGS,523.4444866,469006.26,6.261297687,5610.122727,171843.9
INNSA1,2023-08-02,301049751,73239990,STEEL TEA STRAINER BIG (SB-12) (QTY: 35100 PCS/USD: 1.0518 PER PCS),,,,,,,,,8580.0,KGS,377.2526119,3236827.41,4.547951921,39021.42749,1185973.5
INNSA1,2023-08-02,301049751,73239990,STEEL TEA STRAINER (NP-55) (QTY: 100800 PCS/USD: 0.2847 PERPCS),,,,,,,,,4620.0,KGS,544.6095801,2516096.26,6.565516336,30332.68547,921897.7
INNSA1,2023-07-31,301049751,73239990,STAINLESS STEEL GRATER WITH HANDLE (KL324H-9S) (QTY: 59040 NOS /USD 0.64 PER NOS),,,,,,,,,9512.0,KGS,336.9922403,3205470.19,4.06259482,38643.40193,1174484.2
INNSA1,2023-07-29,301049751,73239990,STAINLESS STEEL BOTTLE 750ML SG805 (AM-06) (QTY:22416 PCS/USD 1.028 PER PCS),,,,,,,,,3269.0,KGS,606.7444173,1983447.5,7.314580075,23911.36227,726735.1
INNSA1,2023-07-29,301049751,73239990,STEEL LUNCH BOX (6561) (QTY: 20736 NOS/USD 2.45 PER NOS),,,,,,,,,8121.0,KGS,535.7587089,4351217.93,6.458815056,52455.91236,1594286.3
INNSA1,2023-07-29,301049751,73231000,SS SCRUBBER 3PCS SET (SS410) (QTY: 113640 SET/USD: 0.173 PERSET),,,,,,,,,7230.0,KGS,241.0917635,1743093.45,2.906470928,21013.78481,766263.9
INNSA1,2023-07-29,301049751,73239990,"STAINLESS STEEL COLA BOTTLE 750ML SK750 (SL-01) (QTY:20,760PCS/USD 1.168 PER PCS)",,,,,,,,,3979.0,KGS,524.5244257,2087082.69,6.32338066,25160.73165,764707.1
INNSA1,2023-07-29,301049751,73239990,HOUSEHOLD STEEL HOOK 3PCS SET (2628) (QTY: 168480 NOS/USD 0.416 PER NOS),,,,,,,,,5709.0,KGS,1034.799441,5908290.89,12.4749782,71227.1355,2164797.8
INNSA1,2023-07-24,301049751,73231000,8001-2 STEEL SCRUBBER 2 PCS SET (QTY- 167760 SETS/USD 0.158PER SETS),,,,,,,,,4893.0,KGS,458.6840691,2244341.15,5.529645197,27056.55395,986612.3
INNSA1,2023-07-24,301049751,73239990,STAINLESS STEEL SPORTS BOTTLE 750ML S-308-C6 (NP-20) (QTY:39600 PCS/USD 1.02 PER PCS),,,,,,,,,6600.0,KGS,534.2525348,3526066.73,6.440657442,42508.33912,1291950.8
INNSA1,2023-07-20,301049751,73239990,STAINLESS STEEL SPORTS BOTTLE 750ML S-308-C6 (NP-20) (QTY: 8784 NOS /USD 1.020 PER NOS),,,,,,,,,1464.0,KGS,534.8174249,782972.71,6.424233332,9405.077598,286881.2
INNSA1,2023-07-20,301049751,73239990,STAINLESS STEELSPORTS BOTTLE 650ML S115 (NP-21) (QTY: 33984NOS /USD 1.033 PER NOS),,,,,,,,,5522.0,KGS,555.5217641,3067813.39,6.672934103,36850.61129,1124046.9
INNSA1,2023-07-19,301049751,73239990,STEEL SALT BOTTLE (NP-19) (QTY:12288 PCS / 0.4438 USD PER PCS),,,,,,,,,1920.0,KGS,248.9022448,477892.31,2.989816754,5740.448168,175099.7
INNSA1,2023-07-19,301049751,73239990,STEEL LUNCH BOX (6527) (QTY: 25680 NOS /USD 1.90 PER NOS),,,,,,,,,8945.0,KGS,467.6787719,4183480.15,5.617763025,50252.01381,1532827.1
INNSA1,2023-07-19,301049751,73239990,STEEL LEMON SQUEEZER (AM-217) (QTY:5100 PCS / 1.872 USD PERPCS),,,,,,,,,1487.0,KGS,562.4462185,836638.75,6.756110733,10049.71471,306544.5
INNSA1,2023-07-19,301049751,73239990,STEEL TEA STRAINER BIG (SB-12) (QTY:15300 PCS / 1.04 USD PERPCS),,,,,,,,,3740.0,KGS,372.8336684,1394397.92,4.478482504,16749.52456,510907.5
INNSA1,2023-07-18,301049751,73239990,SB-01 STAINLESS STEEL SPORTS BOTTLE 750ML SG-702 (QTY: 29904NUM/USD 1.090 PER NUM),,,,,,,,,4984.0,KGS,561.3955076,2797995.21,6.743489581,33609.55207,1025185.4
INNSA1,2023-07-18,301049751,73239990,NP-20 STAINLESS STEEL SPORTS BOTTLE 750ML S-308-C6 (QTY: 8640 NUM/USD 1.040 PER NUM),,,,,,,,,1440.0,KGS,535.6434236,771326.53,6.434155239,9265.183544,282614.0
INNSA1,2023-07-18,301049751,73239990,STAINLESS STEEL SPORT BOTTLE (KWB-600F) (QTY:50400 PCS /USD0.94 PER PCS),,,,,,,,,7800.0,KGS,519.6266538,4053087.9,6.241761608,48685.74054,1485051.5
INNSA1,2023-07-18,301049751,73239990,NP-21 STAINLESS STEEL SPORTS BOTTLE 650ML S115 (QTY: 7416NUM/USD 1.033 PER NUM),,,,,,,,,1236.0,KGS,532.038301,657599.34,6.390850462,7899.091171,240944.4
INNSA1,2023-07-17,301049751,73231000,STEEL SCRUBBER 6PCS SET (OKS-4156) (QTY:95520 SET/USD:0.248PER SET),,,,,,,,,8735.0,KGS,237.912672,2078167.19,2.857809874,24962.96925,913562.2
INNSA1,2023-07-13,301049751,73239990,SY-01-STAINLESS STEEL BOTTLE 650ML (QTY: 360 NUM/USD 1.130 PER NUM),,,,,,,,,63.0,KGS,554.3950794,34926.89,6.659400353,419.5422222,12797.2
INNSA1,2023-07-13,301049751,73239990,SL-01 STAINLESS STEEL COLA BOTTLE 750ML SK750 (QTY: 26208 NUM/USD 1.180 PER NUM),,,,,,,,,4804.0,KGS,552.6109807,2655185.24,6.637969738,31894.117,972859.8
INNSA1,2023-07-13,301049751,73239990,AM-396-STAINLESS STEEL KIDS BOTTLE 450ML (QTY: 720 NUM/USD 1.250 PER NUM),,,,,,,,,108.0,KGS,715.4802778,77271.87,8.594357691,928.1906306,28312.4
INNSA1,2023-07-13,301049751,73239990,SY-04-STAINLESS STEEL SPORTS BOTTLE 1000 ML (QTY: 360 NUM/USD 1.275 PER NUM),,,,,,,,,69.0,KGS,571.1398551,39408.65,6.8605388,473.3771772,14439.3
INNSA1,2023-07-13,301049751,73239990,SY-03-STAINLESS STEEL SPORTS BOTTLE 1000 ML (QTY: 360 NUM/USD 1.230 PER NUM),,,,,,,,,60.0,KGS,633.6293333,38017.76,7.611163163,456.6697898,13929.8
INNSA1,2023-07-13,301049751,73239990,AM-395 -STAINLESS STEEL BOTTLE 500ML (QTY: 720 NUM/USD 1.125PER NUM),,,,,,,,,92.0,KGS,755.9204348,69544.68,9.080125343,835.3715315,25481.1
INNSA1,2023-07-13,301049751,73239990,SB-01 STAINLESS STEEL SPORTS BOTTLE 750ML SG-702 (QTY: 11904NUM/USD 1.090 PER NUM),,,,,,,,,2083.0,KGS,534.7703629,1114033.62,6.423668023,13381.78523,408181.9
INNSA1,2023-07-13,301049751,73239990,SY-02-STAINLESS STEEL BOTTLE 750 ML (QTY: 360 NUM/USD 1.145PER NUM),,,,,,,,,60.0,KGS,589.842,35390.52,7.085189189,425.1113514,12967.1
INNSA1,2023-07-13,301049751,73239990,NP-21-STAINLESS STEEL SPORTS BOTTLE 650ML S115 (QTY: 888 NUM/USD 1.033 PER NUM),,,,,,,,,148.0,KGS,532.1433108,78757.21,6.392111842,946.0325526,28856.6
INNSA1,2023-07-13,301049751,73239990,AM-397-STAINLESS STEEL BOTTLE 500ML (QTY: 720 NUM/USD 1.100PER NUM),,,,,,,,,106.0,KGS,641.5022642,67999.24,7.705732903,816.8076877,24914.9
INNSA1,2023-07-07,301049751,73239990,NP-19 STEEL SALT BOTTLE (QTY:38400 PCS/USD 0.4494 PER PCS),,,,,,,,,6000.0,KGS,253.1129567,1518677.74,3.040395876,18242.37526,556443.5
INNSA1,2023-07-06,301049751,73239990,AM-06 STAINLESS STEEL BOTTLE 750ML SG805 (QTY:42804 NUM/USD1.039 PER NUM),,,,,,,,,6420.0,KGS,593.5016868,3810636.93,7.146317721,45883.64756,1396217.4
INNSA1,2023-07-06,301049751,73239990,NP-20 STAINLESS STEEL SPORTS BOTTLE 750ML S-308-C6 (QTY:2844NUM/USD 1.025 PER NUM),,,,,,,,,505.0,KGS,494.0194422,249776.23,5.948458064,3007.540397,91517.9
INNSA1,2023-07-04,301049751,73239990,STAINLESS STEEL COLA BOTTLE 750ML SK750 (SL-01) (QTY:6720 PCS /USD 1.18 PER PCS),,,,,,,,,1288.0,KGS,537.4207842,692197.97,6.471050983,8334.713666,253621.4
INNSA1,2023-07-04,301049751,73239990,STAINLESS STEEL SPORTS BOTTLE 750ML S-308-C6 (NP-20) (QTY:32856 PCS /USD 1.04 PER PCS),,,,,,,,,5476.0,KGS,544.7078232,2982820.04,6.558793778,35915.95473,1092905.3
INNSA1,2023-07-03,301049751,73239990,STEEL TEA STRAINER (NP-55) (QTY: 100800 PCS / USD 0.2881 PERPCS),,,,,,,,,4620.0,KGS,556.244539,2569849.77,6.69770667,30943.40482,941593.0
INNSA1,2023-07-03,301049751,73239990,STEEL TEA STRAINER BIG (SB-12) (QTY: 35100 PCS / USD 1.0593PER PCS),,,,,,,,,8580.0,KGS,383.4800361,3290258.71,4.617459797,39617.80506,1205550.8
INNSA1,2023-06-30,301049751,73239990,STAINLESS STEEL BOTTLE 750ML SG805 (AM-06) (QTY:2520 PCS/USD1.0390 PER PCS),,,,,,,,,367.0,KGS,620.915483,228186.44,7.476405575,2747.579049,83607.5
INNSA1,2023-06-30,301049751,73239990,STAINLESS STEEL SPORTS BOTTLE 750ML S-308-C6 (NP-20) (QTY:22356 PCS/USD 1.0250 PER PCS),,,,,,,,,3912.0,KGS,510.4575135,1997062.93,6.146387881,24046.51331,731723.9
INNSA1,2023-06-30,301049751,73239990,STAINLESS STEEL COLA BOTTLE 750ML SK750 (SL-01) (QTY:13368 PCS/USD 1.1888 PER PCS),,,,,,,,,2562.0,KGS,540.5501522,1384997.6,6.508731514,16676.67188,507463.2
INNSA1,2023-06-30,301049751,73239990,STAINLESS STEEL SPORTS BOTTLE 650 ML S115 (NP-21) (QTY:45888PCS/USD 1.0395 PER PCS),,,,,,,,,7648.0,KGS,543.5626255,4157166.96,6.545004522,50056.19458,1523185.9
INNSA1,2023-06-29,301049751,73239990,STAINLESS STEEL GRATER WITH HANDLE (KL324H-9S) (QTY: 59040 NOS /USD 0.640 PER NOS),,,,,,,,,9512.0,KGS,339.4799317,3229133.11,4.087657215,38881.79542,1183154.4
INNSA1,2023-06-29,301049751,73239990,STAINLESS STEEL GRATER WITH HANDLE (KL326D-9S) (QTY: 37560 NOS /USD 0.935 PER NOS),,,,,,,,,8138.0,KGS,368.7900111,3001213.11,4.440578098,36137.42456,1099644.5
INNSA1,2023-06-27,301049751,73239990,SS OIL POT 900ML (KWP-1000B) (QTY: 27000 PCS / USD 1.47 PERPCS),,,,,,,,,7315.0,KGS,462.913609,3386213.05,5.573914618,40773.18543,1240708.5
INNSA1,2023-06-21,301049751,73239990,RYX-02-020 MILD STEEL MULTI FUNCTION CLOTH STAND (QTY :2464NUM/CNY 103.00 PER NUM),,,,,,,,,8008.0,KGS,379.0137025,3035141.73,4.563680946,36545.95701,1112075.9
INNSA1,2023-06-20,301049751,73239990,STEEL DRAINER (AM-321) (QTY: 900 PCS / USD 0.7779 PER PCS),,,,,,,,,125.0,KGS,488.52392,61065.49,5.882286815,735.2858519,22374.4
INNSA1,2023-06-20,301049751,73239990,STEEL TEA STRAINER (NP-55) (QTY: 7848 PCS / USD 0.2885 PER PCS),,,,,,,,,359.0,KGS,549.0277731,197485.29,6.610810032,2377.908368,72358.7
INNSA1,2023-06-20,301049751,73239990,STEEL KITCHEN BASKET (AM-322) (QTY: 480 PCS / USD 1.3437 PERPCS),,,,,,,,,132.0,KGS,426.1886364,56256.9,5.131711455,677.3859121,20612.5
INNSA1,2023-06-17,301049751,73239990,STAINLESS STEEL SPORTS BOTTLE (KWB-600F) (QTY: 50400 PCS /USD 0.94 PER PCS),,,,,,,,,7800.0,KGS,515.9830064,4024667.45,6.212920005,48460.77604,1474638.1
INNSA1,2023-06-17,301049751,73239990,STAINLESS STEEL SPORTS BOTTLE 750ML SG-702 (SB-01) (QTY: 30024 PCS / USD 1.090 PER PCS),,,,,,,,,5004.0,KGS,565.9790568,2832159.2,6.814919407,34101.85671,1037703.1
INNSA1,2023-06-17,301049751,73239990,STAINLESS STEELSPORTS BOTTLE 650ML S115 (NP-21) (QTY: 11340PCS / USD 1.040 PER PCS),,,,,,,,,1984.0,KGS,514.3016226,1020631.57,6.192674564,12289.36267,373959.4
INNSA1,2023-06-17,301049751,73239990,STAINLESS STEEL COLA BOTTLE 750ML SK750 (SL-01) (QTY: 3960 PCS / USD 1.195 PER PCS),,,,,,,,,759.0,KGS,539.5652306,409530.01,6.496872132,4931.125948,150051.8
INNSA1,2023-06-14,301049751,73239990,STAINLESS STEELSPORTS BOTTLE 650ML S115 (NP-21) (QTY: 20340PCS / USD 1.040 PER PCS),,,,,,,,,3616.0,KGS,509.0275664,1840643.68,6.103448038,22070.06811,674411.8
INNSA1,2023-06-14,301049751,73239990,STAINLESS STEEL COLA BOTTLE 750ML SK750 (SL-01) (QTY: 21216PCS / USD 1.195 PER PCS),,,,,,,,,4066.0,KGS,542.5087891,2206057.74,6.504901548,26451.53165,808299.6
INNSA1,2023-06-13,301049751,73231000,STEEL SCRUBBER 2PCS SET (ITEM NO: 8001-2) (QTY: 168120 SETS& 0.16 USD PER SET),,,,,,,,,4903.0,KGS,466.9197226,2289307.4,5.598557825,27449.72902,1006379.5
INNSA1,2023-06-12,301049751,73239990,NP-20 STAINLESS STEEL SPORTS BOTTLE 750 ML S-308-C6 (QTY:19656 NUM/USD 1.025 PER NUM),,,,,,,,,3221.0,KGS,541.0456106,1742924.33,6.487357441,20898.37326,638607.5
INNSA1,2023-06-12,301049751,73239990,SL-01 STAINLESS STEEL COLA BOTTLE 750ML SK750 (QTY:5376 NUM/USD 1.195 PER NUM),,,,,,,,,1030.0,KGS,539.3626747,555759.3,6.467178354,6663.780576,203630.3
INNSA1,2023-06-12,301049751,73239990,NP-21 STAINLESS STEEL SPORTS BOTTLE 650ML S115 (QTY: 16992 NUM USD 1.040 PER NUM),,,,,,,,,2973.0,KGS,514.1085452,1528753.17,6.164371046,18330.37374,560135.2
INNSA1,2023-06-09,301049751,73239990,STAINLESS STEEL SPORTS BOTTLE 750ML S-308-C6 (NP-20) (QTY: 15840 PCS / USD 1.0245 PER PCS),,,,,,,,,2816.0,KGS,498.4211328,1403553.91,5.976272576,16829.18357,514262.2
INNSA1,2023-06-09,301049751,73239990,STAINLESS STEEL BOTTLE 750ML SG805 (AM-06) (QTY: 3276 PCS /USD 1.0390 PER PCS),,,,,,,,,491.0,KGS,599.0813594,294388.58,7.183229729,3529.839089,107864.0
INNSA1,2023-06-09,301049751,73239990,AM-253 STEEL KITCHEN TURNER (QTY:20160 PCS/ USD 0.5305 PER PCS),,,,,,,,,1960.0,KGS,474.5611224,930139.8,5.690181324,11152.7554,340803.3
INNSA1,2023-06-09,301049751,73239990,STAINLESS STEEL SPORTS BOTTLE 750ML SG-702 (SB-01) (QTY: 3096 PCS / USD 1.1100 PER PCS),,,,,,,,,490.0,KGS,606.3349449,297225.39,7.270203177,3563.853597,108903.4
INNSA1,2023-06-09,301049751,73239990,STAINLESS STEELSPORTS BOTTLE 650ML S115 (NP-21) (QTY: 20664PCS / USD 1.0400 PER PCS),,,,,,,,,3673.0,KGS,505.9619556,1858701.84,6.066690115,22286.59281,681028.4
INNSA1,2023-06-06,301049751,73239990,STEEL SALT BOTTLE (NP-19) (QTY:60672 PCS /USD 0.4584 PER PCS),,,,,,,,,9480.0,KGS,257.4740612,2440854.1,3.087218959,29266.83573,894328.9
INNSA1,2023-06-06,301049751,73239990,STAINLESS STEEL GRATER WITH HANDLE (DS-25) (QTY:75000 PCS /USD 0.2120 PER PCS),,,,,,,,,2500.0,KGS,558.16958,1395423.95,6.692680815,16731.70204,511283.4
INNSA1,2023-06-06,301049751,73239990,STEEL SPRINKLER (AM-430) (QTY:960 PCS /USD 0.6160 PER PCS),,,,,,,,,180.0,KGS,288.3290556,51899.23,3.45718292,622.2929257,19015.9
INNSA1,2023-06-02,301049751,73231000,STEEL SCRUBBER 6PCS SET (OKS-4156) (QTY:99000 SET /USD:0.255PER SET),,,,,,,,,8624.0,KGS,249.2383453,2149650.82,2.988469369,25775.18969,944986.5
INNSA1,2023-06-01,301049751,73239990,STEEL LUNCH BOX SMALL (6587) (QTY:102000 PCS /USD 1.55 PER PCS),,,,,,,,,20697.0,KGS,642.2112405,13292167.15,7.709618733,159569.8337,4870250.0
INNSA1,2023-06-01,301049751,73239990,STEEL RECTANGLE CONTAINER (6901) (QTY:55200 PCS /USD 0.94 PER PCS),,,,,,,,,8970.0,KGS,486.3382441,4362454.05,5.838394287,52370.39676,1598403.2
INNSA1,2023-06-01,301049751,73239990,STEEL LUNCH BOX (6561) (QTY:21888 PCS /USD 2.50 PER PCS),,,,,,,,,8341.0,KGS,551.5086277,4600552.61,6.620751833,55228.72281,1685642.5
INNSA1,2023-06-01,301049751,73239990,STEEL TEA STRAINER BIG (SB-12) (QTY:40800 PCS /USD 1.0838 PER PCS),,,,,,,,,9690.0,KGS,404.3782208,3918424.96,4.854480442,47039.91549,1435710.9
INNSA1,2023-06-01,301049751,73239990,STEEL TEA STRAINER (NP-55) (QTY:92952 PCS /USD 0.2947 PER PCS),,,,,,,,,4260.0,KGS,569.7717039,2427398.39,6.839996445,29140.43685,889398.8
INNSA1,2023-06-01,301049751,73239990,STEEL RECTANGLE CONTAINER LARGE (6862) (QTY:1032 PCS /USD 1.50 PER PCS),,,,,,,,,258.0,KGS,504.4466279,130147.23,6.055781848,1562.391717,47685.9
INNSA1,2023-06-01,301049751,73239990,STEEL ROUND CONTAINER (6856) (QTY:51840 PCS /USD 0.60 PER PCS),,,,,,,,,4320.0,KGS,605.3359398,2615051.26,7.266938053,31393.17239,958154.8
INNSA1,2023-06-01,301049751,73239990,STEEL LUNCH BOX (6527) (QTY:51360 PCS /USD1.90 PER PCS),,,,,,,,,17890.0,KGS,458.5877957,8204319.1,5.505255651,98491.22569,3006062.5
INNSA1,2023-06-01,301049751,73239990,STEEL ROUND CONTAINER (6857) (QTY:28980 PCS /USD 0.76 PER PCS),,,,,,,,,3694.0,KGS,501.1495528,1851722.54,6.016201114,22229.5623,678471.2
INNSA1,2023-06-01,301049751,73239990,STEEL RECTANGLE CONTAINER BIG (6578) (QTY:76800 PCS /USD 1.66 PER PCS),,,,,,,,,22688.0,KGS,472.4294742,10718479.91,5.671422259,128673.2282,3927251.1
INNSA1,2023-05-29,301049751,73239990,STAINLESS STEEL SPORTS BOTTLE 750ML SG705-1 (BCLR-3) (QTY:23976 PCS /USD 1.117 PER PCS),,,,,,,,,3596.4,KGS,639.2194083,2298888.68,7.673702381,27597.70324,842312.8
INNSA1,2023-05-29,301049751,73239990,MILD STEEL MULTI FUNCTION CLOTH STAND (ITEM NO: RYX-02-020)(QTY- 2464 PIECES & 103.00 CNY PER PIECE),,,,,,,,,8008.0,KGS,390.1400387,3124241.43,4.683553886,37505.89952,1144722.0
INNSA1,2023-05-29,301049751,73239990,STAINLESS STEEL SPORTS BOTTLE 750ML SG-702 (SB-01) (QTY:21888 PCS /USD 1.110 PER PCS),,,,,,,,,3465.6,KGS,601.7812904,2085533.24,7.224265191,25036.41345,764139.4
INNSA1,2023-05-20,301049751,73239990,STEEL LUNCH BOX (6527) (QTY:25680 NOS /USD 1.90 PER NOS),,,,,,,,,8945.2,KGS,458.0033683,4096931.73,5.498239715,49182.8539,1501115.7
INNSA1,2023-05-20,301049751,73239990,STEEL RECTANGLE CONTAINER BIG (6578) (QTY:38400 NOS /USD1.66 PER NOS),,,,,,,,,11344.0,KGS,471.8274066,5352410.1,5.664194557,64254.62305,1961123.0
INNSA1,2023-05-20,301049751,73239990,STEEL LUNCH BOX (6561) (QTY:21312 NOS /USD 2.50 PER NOS),,,,,,,,,8122.24,KGS,550.8057814,4473776.75,6.612314303,53706.80372,1639191.8
INNSA1,2023-05-20,301049751,73239990,STEEL RECTANGLE CONTAINER (6901) (QTY:55200 NOS /USD 0.94PER NOS),,,,,,,,,8970.0,KGS,485.7184515,4356894.51,5.8309538,52303.65558,1596366.2
INNSA1,2023-05-20,301049751,73239990,STEEL RECTANGLE CONTAINER LARGE (6862) (QTY:47040 NOS /USD 1.50 PER NOS),,,,,,,,,11760.0,KGS,503.8037466,5924732.06,6.048064185,71125.23481,2170821.8
INNSA1,2023-05-19,301049751,73239990,STAINLESS STEEL SPORTS BOTTLE 500ML S116-500 (AM-314) (QTY:720 PCS /USD 0.985 PER PCS),,,,,,,,,86.0,KGS,708.3077907,60914.47,8.503094726,731.2661465,22319.1
INNSA1,2023-05-19,301049751,73239990,STAINLESS STEEL SPORTS BOTTLE 800ML (AM-394) (QTY: 600 PCS /USD 1.285 PER PCS),,,,,,,,,126.0,KGS,525.5760317,66222.58,6.309436155,794.9889556,24264.0
INNSA1,2023-05-19,301049751,73239990,STAINLESS STEEL SPORTS BOTTLE 650ML S115 (NP-21) (QTY:7956 PCS /USD 1.040 PER PCS),,,,,,,,,1392.3,KGS,510.4427566,710689.45,6.127764185,8531.686074,260396.6
INNSA1,2023-05-19,301049751,73239990,STAINLESS STEEL SPORTS BOTTLE 1.5L (AM-398) (QTY:360 PCS /USD 1.760 PER PCS),,,,,,,,,98.0,KGS,555.3168367,54421.05,6.666468628,653.3139256,19939.8
INNSA1,2023-05-19,301049751,73239990,STAINLESS STEEL SPORTS BOTTLE 750ML (AM-392) (QTY:600 PCS /USD 1.260 PER PCS),,,,,,,,,126.0,KGS,515.350873,64934.21,6.18668515,779.5223289,23791.9
INNSA1,2023-05-19,301049751,73239990,STAINLESS STEEL SPORTS BOTTLE 700ML S119-136 (AM-315) (QTY:720 PCS /USD 1.275 PER PCS),,,,,,,,,130.0,KGS,606.5283077,78848.68,7.281252193,946.5627851,28890.2
INNSA1,2023-05-19,301049751,73239990,STAINLESS STEEL SPORTS BOTTLE 750ML (AM-393) (QTY 600 PCS /USD 1.295 PER PCS),,,,,,,,,120.0,KGS,556.1495,66737.94,6.676464586,801.1757503,24452.8
INNSA1,2023-05-19,301049751,73239990,STAINLESS STEEL SPORTS BOTTLE 750ML SG705-1 (BCLR-3) (QTY:18180 PCS /USD 1.117 PER PCS),,,,,,,,,2727.0,KGS,639.6076384,1744210.03,7.678363006,20938.89592,639078.6
INNSA1,2023-05-19,301049751,73239990,STAINLESS STEEL BOTTLE 750ML SG805 (AM-06) (QTY:14436 PCS /USD 1.039 PER PCS),,,,,,,,,2165.4,KGS,594.943724,1288291.14,7.142181561,15465.67995,472029.8
INNSA1,2023-05-15,301049751,73239990,STAINLESS STEEL GRATER WITH HANDLE (DS-25) (QTY: 51300 PCS/ USD : 0.215 PER PCS),,,,,,,,,3420.0,KGS,277.2848655,948314.24,3.356959631,11480.80194,347462.3
INNSA1,2023-05-10,301049751,73239990,STAINLESS STEEL BOTTLE 750ML SG805 (AM-06) (QTY:19116 NOS /USD 1.0390 PER NOS),,,,,,,,,2867.4,KGS,589.9051719,1691494.09,7.141709103,20478.13668,619763.4
INNSA1,2023-05-10,301049751,73239990,STAINLESS STEEL SPORTS BOTTLE 750ML S-308-C6 (NP-20) (QTY:29916 NOS /USD 1.0281 PER NOS),,,,,,,,,4986.0,KGS,525.3450321,2619370.33,6.360109347,31711.50521,959737.3
INNSA1,2023-05-10,301049751,73239990,STAINLESS STEEL SPORTS BOTTLE 650ML S115 (NP-21) (QTY:15120NOS /USD 1.0376 PER NOS),,,,,,,,,2688.0,KGS,497.0618564,1336102.27,6.017698019,16175.57228,489547.9
INNSA1,2023-05-10,301049751,73239990,STAINLESS STEEL SPORTS BOTTLE 750ML SG-702 (SB-01) (QTY:23436 NOS /USD 1.1090 PER NOS),,,,,,,,,3710.7,KGS,596.50916,2213466.54,7.221660533,26797.41574,811014.1
INNSA1,2023-05-04,301049751,73239990,STEEL SALT BOTTLE (NP-19) (QTY: 13728 PCS / USD : 0.4678 PERPCS),,,,,,,,,2145.0,KGS,260.1741399,558073.53,3.12897342,6711.647986,204478.2
INNSA1,2023-04-28,301049751,73239990,STAINLESS STEEL COLA BOTTLE 750ML SK750 (SL-01) (QTY:21240 NOS /USD 1.1800 PER NOS),,,,,,,,,4248.0,KGS,505.4971234,2147351.78,6.079340028,25825.03644,786789.7
INNSA1,2023-04-28,301049751,73239990,STAINLESS STEEL SPORTS BOTTLE 750ML S-308-C6 (NP-20) (QTY:14328 NOS /USD 1.050 PER NOS),,,,,,,,,2547.2,KGS,506.5329578,1290240.75,6.091797447,15517.02646,472744.3
INNSA1,2023-04-28,301049751,73239990,STAINLESS STEEL SPORTS BOTTLE 750ML SG902 (WB-750) (QTY:10080 NOS /USD 1.2450 PER NOS),,,,,,,,,1764.0,KGS,609.5340873,1075218.13,7.330536227,12931.0659,393959.9
INNSA1,2023-04-28,301049751,73239990,STAINLESS STEEL COLA BOTTLE 750ML SK750 (SL-01) (QTY:17244 NOS /USD 1.180 PER NOS),,,,,,,,,3448.8,KGS,505.9969468,1745082.27,6.085351134,20987.15899,639398.1
INNSA1,2023-04-28,301049751,73239990,STAINLESS STEEL SPORTS BOTTLE 750ML SG-702 (SB-01) (QTY:10476 NOS /USD 1.094 PER NOS),,,,,,,,,1658.7,KGS,592.5713933,982898.17,7.126535096,11820.78376,360133.9
INNSA1,2023-04-28,301049751,73239990,STAINLESS STEEL BOTTLE 750ML SG805 (AM-06) (QTY:10980 NOS /USD 1.0448 PER NOS),,,,,,,,,1647.0,KGS,596.7719976,982883.48,7.177053489,11820.6071,360128.5
INNSA1,2023-04-27,301049751,73239990,2628 HOUSEHOLD STEEL HOOK 3 PCS SET (QTY : 648 NUM/USD 0.421PER NUM),,,,,,,,,21.96,KGS,1045.211749,22952.85,12.57019541,276.0414913,8410.0
INNSA1,2023-04-27,301049751,73239990,2628 HOUSEHOLD STEEL HOOK 3 PCS SET (QTY : 167832 NUM/USD 0.421 PER NUM),,,,,,,,,5687.64,KGS,1043.414277,5934564.78,12.5485782,71371.79531,2174424.6
INNSA1,2023-04-26,301049751,73231000,STEEL SCRUBBER 2PCS SET ITEM NO: 8001-2) (168360 PCS & 0.16USD PER PIECE),,,,,,,,,4910.0,KGS,465.5069715,2285639.23,5.598400138,27488.14468,1004767.0
INNSA1,2023-04-24,301049751,73239990,STEEL MUFFIN PAN 6 PCS SET (AM-286) (QTY : 960 SET / USD : 0.526 PER SET ),,,,,,,,,186.0,KGS,236.2205376,43937.02,2.840896424,528.4067348,16098.5
INNSA1,2023-04-24,301049751,73239990,STEEL LEMON SQUEEZER (AM-217) (QTY :5040 PCS /USD:1.976 PERPCS),,,,,,,,,1470.0,KGS,589.4864966,866545.15,7.089434716,10421.46903,317502.1
INNSA1,2023-04-22,301049751,73239990,STEEL HANGER WITH HOOK (SL-89) (QTY:70056 PCS/1.11 USD PER PCS),,,,,,,,,15568.0,KGS,417.609526,6501345.1,5.022363511,78188.15514,2382092.8
INNSA1,2023-04-21,301049751,73239990,"STEEL ROUND CONTAINER (6856) (QTY: 1,680 PCS/ USD:0.60 PER PCS)",,,,,,,,,140.0,KGS,605.8141429,84813.98,7.285798471,1020.011786,31075.9
INNSA1,2023-04-21,301049751,73239990,STEEL RECTANGLE CONTAINER (6901) (QTY: 55896 PCS/ USD:0.94 PER PCS),,,,,,,,,9083.1,KGS,486.7224175,4420948.39,5.853546812,53168.35105,1619835.5
INNSA1,2023-04-21,301049751,73239990,STEEL LUNCH BOX SMALL (6587) (QTY: 51000 PCS/ USD:1.55 PER PCS),,,,,,,,,10348.75,KGS,642.7186259,6651334.38,7.729628694,79991.99495,2437049.0
INNSA1,2023-04-21,301049751,73239990,STEEL RECTANGLE CONTAINER LARGE (6862) (QTY: 432 PCS/ USD:1.50 PER PCS),,,,,,,,,108.0,KGS,504.8450926,54523.27,6.071498408,655.721828,19977.4
INNSA1,2023-04-19,301049751,73239990,"STAINLESS STEEL SPORTS BOTTLE 750ML S-308-C6 (NP-20) (QTY:24,552 NOS /USD 1.046 USD PER NOS)",,,,,,,,,4364.8,KGS,502.7282464,2194308.25,6.067932968,26485.31382,803994.6
INNSA1,2023-04-19,301049751,73239990,STAINLESS STEEL COLA BOTTLE 750ML SK750 (SL-01) (QTY:8784 NOS /USD 1.180 USD PER NOS),,,,,,,,,1756.8,KGS,504.1167065,885632.23,6.08469169,10689.58636,324495.6
INNSA1,2023-04-19,301049751,73239990,STAINLESS STEEL SPORTS BOTTLE (KWB-600F) (QTY :49920 PCS /USD:0.94 PER PCS),,,,,,,,,7750.0,KGS,507.35716,3932017.99,6.123803983,47459.48087,1440691.4
INNSA1,2023-04-19,301049751,73239990,STAINLESS STEELSPORTS BOTTLE 650ML S115 (NP-21) (QTY:30924 NOS /USD 1.036 USD PER NOS),,,,,,,,,5497.6,KGS,497.9219641,2737375.79,6.009921112,33040.14231,1002974.5
INNSA1,2023-04-19,301049751,73239990,STAINLESS STEEL SPORTS BOTTLE 750ML SG-702 (SB-01) (QTY:22644 NOS /USD 1.094 PER NOS),,,,,,,,,3396.6,KGS,623.1681358,2116652.89,7.52164316,25548.01316,775541.7
INNSA1,2023-04-15,301049751,73239990,STAINLESS STEEL BOTTLE 750ML SG805 (ITEM NO. AM-06),,,,,,,,,44352.0,NOS,91.92192979,4076921.43,1.109498247,49208.46626,1493784.0
INNSA1,2023-04-15,301049751,73239990,STAINLESS STEEL BOTTLE 750ML SD0900 (ITEM NO. AM-295),,,,,,,,,720.0,NOS,111.0580972,79961.83,1.340471904,965.1397707,29298.0
INNSA1,2023-04-15,301049751,73239990,STAINLESS STEEL BOTTLE 750ML SG2318 (ITEM NO. AM-296),,,,,,,,,720.0,NOS,93.11794444,67044.92,1.123934151,809.232589,24565.3
INNSA1,2023-04-14,301049751,73239990,STEEL TEA STRAINER (NP-55) (QTY:100800 PCS/USD 0.2982 PER PCS),,,,,,,,,4620.0,KGS,560.9598506,2591634.51,6.770788783,31281.04418,949574.9
INNSA1,2023-04-14,301049751,73239990,STEEL SALT BOTTLE (NP-19) (QTY:36816 PCS/USD 0.4678 PER PCS),,,,,,,,,5752.5,KGS,258.1342807,1484917.45,3.115682326,17922.96258,544073.7
INNSA1,2023-04-14,301049751,73239990,STEEL TEA STRAINER BIG (SB-12) (QTY:20400 PCS/USD 1.0964 PERPCS),,,,,,,,,4845.0,KGS,398.0256367,1928434.21,4.804171838,23276.21255,706578.3
INNSA1,2023-04-11,301049751,73231000,SS410 SS SCRUBBER 3 PCS SET (QTY- 120720 SETS/USD 0.167 PERSETS),,,,,,,,,7746.2,KGS,224.7610583,1741044.11,2.71286733,21014.41291,765363.0
INNSA1,2023-04-08,301049751,73239990,STEEL KITCHEN TURNER (AM-253) ( QTY :20160 PCS/USD:0.550 PERPCS),,,,,,,,,1680.0,KGS,561.5426131,943391.59,6.777822729,11386.74218,345658.6
INNSA1,2023-04-08,301049751,73231000,"STEEL SCRUBBER 6PCS SET (OKS-4156) (QTY:99,000 SET /USD:0.255 PER SET)",,,,,,,,,8624.88,KGS,247.4989588,2134648.82,2.987313927,25765.22414,938391.7
INNSA1,2023-04-07,301049751,73239990,"STAINLESS STEEL GRATER WITH HANDLE (DS-25) (QTY: 51,000 PCS/ USD:0.2160 PER PCS)",,,,,,,,,1700.0,KGS,561.6112412,954739.11,6.77865107,11523.70682,349816.4
INNSA1,2023-04-07,301049751,73239990,STEEL LEMON SQUEEZER (AM-217) (QTY: 5100 PCS / USD:1.9708 PER PCS),,,,,,,,,1487.5,KGS,585.6209008,871111.09,7.068447807,10514.31611,319175.1
INNSA1,2023-04-07,301049751,73239990,STEEL SALT BOTTLE (NP-19) (QTY: 8016 PCS /USD:0.4671 PER PCS),,,,,,,,,1252.5,KGS,259.0897246,324509.88,3.127214539,3916.83621,118900.5
INNSA1,2023-04-06,301049751,73239990,RYX-02-020 MILD STEEL MULTI FUNCTION CLOTH STAND (QTY :2464NUM/CNY 103.00 PER NUM),,,,,,,,,8008.0,KGS,402.9086951,3226492.83,4.813723955,38548.30143,1182187.1
INNSA1,2023-04-03,301049751,73239990,STAINLESS STEEL SPORTS BOTTLE 650ML S115 (NP-21) (QTY :9648PCS/USD:1.036 PER PCS),,,,,,,,,1715.2,KGS,503.2867945,863237.51,6.012984403,10313.47085,316290.3
INNSA1,2023-04-03,301049751,73239990,KL324H-9S STAINLESS STEEL GRATER WITH HANDLE (MILD STEEL) (QTY - 59040 PCS/USD 0.655 PER PCS),,,,,,,,,9676.0,KGS,338.8665564,3278872.8,4.048584904,39174.10753,1201379.1
INNSA1,2023-04-03,301049751,73239990,STAINLESS STEEL BOTTLE 750ML SG805 (AM-06) (QTY :20844 PCS/USD:1.036 PER PCS),,,,,,,,,3126.6,KGS,596.4878046,1864978.77,7.126497069,22281.70573,683328.3
INNSA1,2023-04-03,301049751,73239990,STAINLESS STEEL SPORTS BOTTLE 750ML S-308-C6 (NP-20) (QTY :38664 PCS/USD:1.014 PER PCS),,,,,,,,,6551.4,KGS,516.8254007,3385929.93,6.17473597,40453.16523,1240604.7
INNSA1,2023-04-03,301049751,73239990,STAINLESS STEEL COLA BOTTLE 750ML SK750 (SL-01) (QTY :15120PCS/USD:1.180 PER PCS),,,,,,,,,3024.0,KGS,509.5481052,1540873.47,6.087790982,18409.47993,564576.1
INNSA1,2023-03-21,301049751,73239990,STAINLESS STEEL SPORTS BOTTLE 650ML S115 (NP-21) (QTY :20196PCS/USD:1.036 PER PCS),,,,,,,,,3590.4,KGS,503.2221285,1806768.73,6.012211809,21586.24528,662000.0
INNSA1,2023-03-21,301049751,73239990,STAINLESS STEEL BOTTLE 750ML SG805 (AM-06) (QTY :6732 PCS/USD:1.036 PER PCS),,,,,,,,,1009.8,KGS,596.4111705,602256.0,7.125581488,7195.412186,220666.6
INNSA1,2023-03-21,301049751,73239990,STAINLESS STEEL COLA BOTTLE 750ML SK750 (SL-01) (QTY :15228PCS/USD:1.180 PER PCS),,,,,,,,,3045.6,KGS,509.482634,1551680.31,6.087008769,18538.59391,568535.7
INNSA1,2023-03-21,301049751,73231000,8001-2 STEEL SCRUBBER 2 PCS SET (QTY- 168000 SETS/USD 0.16 PER SETS),,,,,,,,,4900.0,KGS,469.088649,2298534.38,5.604404408,27461.5816,1010435.8
INNSA1,2023-03-17,301049751,73239990,STAINLESS STEEL BOTTLE 750ML SG805 (AM-06) (QTY :18504 PCS/USD:1.036 PER PCS),,,,,,,,,2775.6,KGS,596.1213792,1654594.5,7.122119225,19768.15412,606243.4
INNSA1,2023-03-17,301049751,73239990,"STAINLESS STEEL SPORTS BOTTLE 750ML SG-702 (SB-01) (QTY:12,924 PCS / USD:1.094 PER PCS)",,,,,,,,,2046.3,KGS,596.3639984,1220339.65,7.125017902,14579.92413,447132.4
INNSA1,2023-03-17,301049751,73239990,STAINLESS STEEL SPORTS BOTTLE 650ML S115 (NP-21) (QTY :14148PCS/USD:1.036 PER PCS),,,,,,,,,2515.2,KGS,502.9776201,1265089.31,6.009290562,15114.56762,463528.8
INNSA1,2023-03-15,301049751,73239990,KWP-600B SS OIL POT 600 ML (QTY :39000 PCS/USD:1.21 PER PCS),,,,,,,,,6825.0,KGS,583.8795106,3984977.66,6.992568989,47724.28335,1460095.8
INNSA1,2023-03-14,301049751,73239990,STEEL SALT BOTTLE (NP-19) (QTY:42432 PCS/USD 0.4670 PER PCS),,,,,,,,,7514.0,KGS,231.9864373,1743146.09,2.778280686,20876.00108,638688.7
INNSA1,2023-03-11,301049751,73239990,AM-06 - STAINLESS STEEL BOTTLE 750ML SG805 (QTY:7884 NUM/USD1.0100 PER NUM),,,,,,,,,1182.6,KGS,581.5702943,687765.03,6.964913704,8236.706946,251997.1
INNSA1,2023-03-11,301049751,73239990,NP-21 STAINLESS STEEL SPORTS BOTTLE 650ML S115 (QTY: 46116 NUM/USD 1.0102 PER NUM),,,,,,,,,8198.4,KGS,490.7971275,4023751.17,5.87780991,48188.63677,1474302.4
INNSA1,2023-03-11,301049751,73239990,NP-20 STAINLESS STEEL SPORTS BOTTLE 750ML S-308-C6 (QTY:30672 NUM/USD 0.9880 PER NUM),,,,,,,,,5452.8,KGS,480.0115317,2617406.88,5.748641098,31346.19018,959017.9
INNSA1,2023-03-04,301049751,73239990,STEEL LUNCH BOX 2 LAYER (8504) (QTY:22080 PCS / USD 2.48 PERPCS),,,,,,,,,10561.6,KGS,440.0480107,4647611.07,5.270036057,55660.01281,1702884.7
INNSA1,2023-03-04,301049751,73239990,STEEL RECTANGLE CONTAINER BIG (6578) (QTY:38400 PCS/ USD 1.66 PER PCS),,,,,,,,,11344.0,KGS,476.9272373,5410262.58,5.711703441,64793.56383,1982320.2
INNSA1,2023-03-04,301049751,73239990,STEEL LUNCH BOX 3 LAYER (8505) (QTY:16800 PCS /USD 3.45 PERPCS),,,,,,,,,10892.0,KGS,451.6476873,4919346.61,5.408954339,58914.33066,1802448.5
INNSA1,2023-03-04,301049751,73239990,STEEL ROUND CONTAINER (6856) (QTY:125760 PCS /US 0.60 PER PCS),,,,,,,,,10480.0,KGS,611.0989303,6404316.79,7.318550064,76698.40467,2346541.7
INNSA1,2023-03-01,301049751,73239990,RYX-02-020 MILD STEEL MULTI FUNCTION CLOTH STAND (QTY :2464NUM /CNY 103.0 PER NUM),,,,,,,,,8008.0,KGS,407.1283754,3260284.03,4.867045731,38975.30221,1194568.1
INNSA1,2023-03-01,301049751,73239990,KL326D-9S STAINLESS STEEL GRATER WITH HANDLE (MILD STEEL) (QTY - 37560 NUM/USD 0.95 PER NUM),,,,,,,,,8607.5,KGS,352.4233959,3033484.38,4.21307108,36264.00932,1111468.7
INNSA1,2023-03-01,301049751,73239990,KL324H-9S STAINLESS STEEL GRATER WITH HANDLE (MILD STEEL) (QTY - 59040 PCS/USD 0.655 PER PCS),,,,,,,,,9676.0,KGS,339.3530891,3283580.49,4.056821149,39253.80143,1203103.9
INNSA1,2023-02-10,301049751,73231000,SS410 SS SCRUBBER 3 PCS SET (QTY- 118680 SET/ USD 0.167 PERSET),,,,,,,,,7615.3,KGS,225.4696558,1717019.07,2.724708832,20749.47517,754801.6
INNSA1,2023-02-02,301049751,73239990,KWB-600F STAINLESS STEEL SPORTS BOTTLE (QTY.50400 PCS/USD 0.94 PER PCS),,,,,,,,,7875.0,KGS,502.0332444,3953511.8,6.100039422,48037.81045,1448566.7
INNSA1,2023-01-31,301049751,73239990,KL324H-9S STAINLESS STEEL GRATER WITH HANDLE (QTY 59040 PCS/USD 0.655 PER PCS),,,,,,,,,9676.0,KGS,334.404105,3235694.12,4.063233354,39315.84593,1185558.3
INNSA1,2023-01-24,301049751,73239990,SB-01 STAINLESS STEEL SPORTS BOTTLE 750ML SG-702 (QTY: 36540NUM/USD 1.066 PER NUM),,,,,,,,,5785.5,KGS,573.3275274,3316986.41,6.966312606,40303.60158,1215343.8
INNSA1,2023-01-24,301049751,73239990,NP-20 STAINLESS STEEL SPORTS BOTTLE 750ML S-308-C6 (QTY:3780NUM USD 0.988 PER NUM),,,,,,,,,672.0,KGS,473.2573661,318028.95,5.750393269,3864.264277,116525.8
INNSA1,2023-01-24,301049751,73239990,AM-06 STAINLESS STEEL BOTTLE 750ML SG805 (QTY:5616 NUM USD1.010 PER NUM),,,,,,,,,842.4,KGS,573.387227,483021.4,6.967037995,5869.032807,176979.0
INNSA1,2023-01-24,301049751,73239990,KWP-1000B SS OIL POT 900ML(QTY: 26508 PCS/USD 1.50 PER PCS),,,,,,,,,6850.0,KGS,486.241981,3330757.57,5.908165018,40470.93038,1220389.6
INNSA1,2023-01-20,301049751,73239990,6862 STEEL RECTANGLE CONTAINER LARGE (QTY:45576 PCS USD 1.50 PER PCS),,,,,,,,,45576.0,NOS,125.617523,5725144.23,1.526336853,69564.32843,2097692.8
INNSA1,2023-01-20,301049751,73239990,6581 STEEL ROUND CONTAINER MEDIUM (QTY 88800 PCS USD 0.92 PER PCS),,,,,,,,,88800.0,NOS,77.04541408,6841632.77,0.936153269,83130.41033,2506774.3
INNSA1,2023-01-20,301049751,73239990,6901 STEEL RECTANGLE CONTAINER (QTY:55200 PCS USD 0.97 PERPCS),,,,,,,,,55200.0,NOS,81.23266486,4484043.1,0.987031165,54484.12029,1642953.4
INNSA1,2023-01-20,301049751,73239990,6857 STEEL ROUND CONTAINER (QTY:70560 PCS USD 0.76 PER PCS),,,,,,,,,70560.0,NOS,63.64621173,4490876.7,0.773344006,54567.1531,1645457.2
INNSA1,2023-01-20,301049751,73239990,6527 STEEL LUNCH BOX (QTY:25680 PCS USD 1.90 PER PCS),,,,,,,,,25680.0,NOS,159.1155292,4086086.79,1.933360015,49648.68518,1497142.2
INNSA1,2023-01-20,301049751,73239990,8505 STEEL LUNCH BOX 3 LAYER (QTY:16800 PCS USD 3.45 PERPCS),,,,,,,,,16800.0,NOS,288.920303,4853861.09,3.510574763,58977.65601,1778454.7
INNSA1,2023-01-18,301049751,73239990,NP-55 STEEL TEA STRAINER (QTY:151200 PCS/USD 0.2973 PER PCS),,,,,,,,,6930.0,KGS,567.9730346,3936053.13,6.785818813,47025.72437,1442169.9
INNSA1,2023-01-18,301049751,73239990,SB-12 STEEL TEA STRAINER BIG (QTY:2256 PCS/USD 1.0930 PER PCS),,,,,,,,,535.8,KGS,402.9685704,215910.56,4.814439311,2579.576583,79109.6
INNSA1,2023-01-09,301049751,73239990,SB-12 STEEL TEA STRAINER BIG (QTY:48144 PCS USD 1.097 PER PCS),,,,,,,,,11434.2,KGS,417.0152551,4768235.83,4.982261112,56968.17001,1747081.6
INNSA1,2023-01-09,301049751,73239990,KWB-600F STAINLESS STEEL SPORTS BOTTLE (QTY.50400 PCS/USD 0.96 PER PCS),,,,,,,,,7875.0,KGS,522.3504508,4113509.8,6.240746127,49145.87575,1507190.0
INNSA1,2023-01-07,301049751,73239990,DS-25 STAINLESS STEEL GRATER WITH HANDLE-(QTY:75000 PCS USD0.213PER PCS),,,,,,,,,2500.0,KGS,559.0221,1397555.25,6.678878136,16697.19534,512064.2
INNSA1,2022-12-31,301049751,73231000,SS410-A SS SCRUBBER 3 PCS SET (QTY- 112320 SET/ USD 0.170 PER SET),,,,,,,,,7207.2,KGS,231.5006521,1668471.5,2.770803736,19969.73668,733460.0
INNSA1,2022-12-31,301049751,73239990,SB-01 STAINLESS STEEL SPORTS BOTTLE 750ML SG-702 (QTY: 12996NUM USD 1.066 PER NUM),,,,,,,,,2057.7,KGS,583.6131943,1200900.87,6.98519682,14373.4395,440010.1
INNSA1,2022-12-31,301049751,73239990,NP-20 STAINLESS STEEL SPORTS BOTTLE 750ML S-308-C6 (QTY: 29952 NUM USD 0.988 PER NUM),,,,,,,,,5075.2,KGS,505.4401423,2565209.81,6.04955287,30702.69072,939892.9
INNSA1,2022-12-31,301049751,73239990,KWB-600F STAINLESS STEEL SPORTS BOTTLE (QTY.50400 PCS/USD 0.96 PER PCS),,,,,,,,,7875.0,KGS,521.4145651,4106139.7,6.240748834,49145.89707,1504489.6
INNSA1,2022-12-31,301049751,73231000,SS410-B SS SCRUBBER 3 PCS SET (QTY- 3480 SET/ USD 0.185 PERSET),,,,,,,,,223.3,KGS,251.9271384,56255.33,3.015285917,673.3133453,24729.9
INNSA1,2022-12-27,301049751,73239990,SB-01 - STAINLESS STEEL SPORTS BOTTLE 750ML SG-702 (QTY:2700PCS/USD 1.066 PER PCS),,,,,,,,,427.5,KGS,583.3426433,249378.98,6.981958627,2984.787313,91372.5
INNSA1,2022-12-27,301049751,73239990,SL-01 STAINLESS STEEL COLA BOTTLE 750ML SK750 (QTY 19008 PCS / USD 1.140 PER PCS),,,,,,,,,3801.6,KGS,493.8711963,1877500.74,5.911085534,22471.58276,687916.2
INNSA1,2022-12-27,301049751,73239990,NP-21 - STAINLESS STEEL SPORTS BOTTLE 650ML S115(QTY:19944 PCS/USD 1.010 PER PCS),,,,,,,,,3545.6,KGS,492.2466212,1745309.62,5.891641187,20889.40299,639481.4
INNSA1,2022-12-22,301049751,73239990,6561 STEEL LUNCH BOX (QTY:21600 PCS USD2.50 PER PCS),,,,,,,,,8232.0,KGS,562.4123141,4629778.17,6.73144601,55413.26355,1696350.7
INTMX6,2022-12-21,301049751,73239990,STEEL LUNCH BOX 2 LAYER (ITEM NO-8504),,,,,,,,,22080.0,PCS,214.1640168,4728741.49,2.563303612,56597.74375,1732610.9
INTMX6,2022-12-21,301049751,73239990,STEEL LUNCH BOX 3 LAYER ( ITEM N0-8505),,,,,,,,,16800.0,PCS,297.9297815,5005220.33,3.565886075,59906.88606,1833912.8
INNSA1,2022-12-20,301049751,73239990,AM-06 - STAINLESS STEEL BOTTLE 750ML SG805 (QTY:34056 PCS/USD 1.010 PER PCS),,,,,,,,,5108.4,KGS,583.0224317,2978311.79,6.978126052,35647.05913,1091253.5
INNSA1,2022-12-20,301049751,73239990,SB-01 - STAINLESS STEEL SPORTS BOTTLE 750ML SG-702 (QTY:13680 PCS/USD 1.066 PER PCS),,,,,,,,,2166.0,KGS,582.9617359,1262695.12,6.977399592,15113.04752,462651.5
INNSA1,2022-12-20,301049751,73239990,SL-01 STAINLESS STEEL COLA BOTTLE 750ML SK750 (QTY 38736 PCS / USD 1.140 PER PCS),,,,,,,,,7747.2,KGS,493.548717,3823620.62,5.907225816,45764.45984,1400974.6
INNSA1,2022-12-19,301049751,73239990,NP-19 STEEL SALT BOTTLE (QTY:50400 PCS/USD 0.461 PER PCS),,,,,,,,,7875.0,KGS,260.8923251,2054527.06,3.122589169,24590.38971,752778.7
INNSA1,2022-12-19,301049751,73239990,SB-01 - STAINLESS STEEL SPORTS BOTTLE 750ML SG-702 (QTY:24120 PCS/USD 1.066 PER PCS),,,,,,,,,3819.0,KGS,583.8899974,2229875.9,6.988509843,26689.11909,817026.5
INNSA1,2022-12-19,301049751,73239990,SL-01 STAINLESS STEEL COLA BOTTLE 750ML SK750 (QTY 19440 PCS / USD 1.140 PER PCS),,,,,,,,,3888.0,KGS,494.3346065,1921972.95,5.916632034,23003.86535,704210.9
INNSA1,2022-12-15,301049751,73239990,NP-20 STAINLESS STEEL SPORTS BOTTLE 750 ML S-308-C6 (QTY:16488 PCS USD 0.988 PER PCS),,,,,,,,,2931.2,KGS,472.8601767,1386047.75,5.766587521,16903.02134,507848.0
INNSA1,2022-12-15,301049751,73239990,AM-06 - STAINLESS STEEL BOTTLE 750ML SG805 (QTY:288 PCS/USD1.010 PER PCS),,,,,,,,,43.2,KGS,572.9060185,24749.54,6.986658762,301.8236585,9068.2
INNSA1,2022-12-15,301049751,73239990,SB-01 - STAINLESS STEEL SPORTS BOTTLE 750ML SG-702 (QTY:5616PCS/USD 1.066 PER PCS),,,,,,,,,889.2,KGS,572.8467836,509375.36,6.985936386,6211.894634,186635.2
INNSA1,2022-12-15,301049751,73239990,NP-21 STAINLESS STEEL SPORTS BOTTLE 650ML S115 (QTY : 20412PCS/USD 1.010 PER PCS),,,,,,,,,3628.8,KGS,483.3895392,1754123.96,5.894994381,21391.75561,642711.1
INNSA1,2022-12-09,301049751,73231000,SS410 SS SCRUBBER 3 PCS SET (QTY- 119280 SET/ USD 0.185 PERSET),,,,,,,,,7653.8,KGS,247.1884136,1891930.68,3.014492849,23072.32537,831692.7
INNSA1,2022-12-09,301049751,73231000,OKS-4156 -STEEL SCRUBBER 6PCS SET (QTY 99600 SET / USD 0.26SET),,,,,,,,,8677.15,KGS,252.8131898,2193697.97,3.083087681,26752.41427,964349.7
INNSA1,2022-12-08,301049751,73239990,KWP-1000B SS OIL POT 900ML(QTY: 27000 PCS/USD 1.55 PER PCS),,,,,,,,,6975.0,KGS,502.1159857,3502259.0,6.123365679,42710.47561,1283227.7
INNSA1,2022-12-01,301049751,73239990,2628 HOUSEHOLD STEEL HOOK 3 PCS SET (QTY :168480 SET/USD 0.421 PER SET),,,,,,,,,5709.6,KGS,1041.580969,5947010.7,12.60993909,71997.70823,2178984.7
INNSA1,2022-11-26,301049751,73239990,6561 STEEL LUNCH BOX (QTY:21600 PCS USD 2.50 PER PCS),,,,,,,,,8232.0,KGS,556.0189699,4577148.16,6.731464526,55413.41598,1677067.1
INNSA1,2022-11-26,301049751,73239990,NP-55 STEEL TEA STRAINER (QTY:100800 PCS USD0.297 PER PCS),,,,,,,,,4620.0,KGS,563.2033571,2601999.51,6.81844258,31501.20472,953372.6
INNSA1,2022-11-25,301049751,73239990,NP-20 - STAINLESS STEEL SPORTS BOTTLE 750ML S-308-C6 (QTY:47340 PCS/USD1.0275 PER PCS),,,,,,,,,8153.0,KGS,517.3384092,4217860.05,6.263176867,51063.68099,1545423.9
INNSA1,2022-11-25,301049751,73239990,NP-21 - STAINLESS STEEL SPORTS BOTTLE 650ML S115 (QTY:32436PCS/USD 1.0500 PER PCS),,,,,,,,,5766.4,KGS,512.1461466,2953239.54,6.200316545,35753.50533,1082067.0
INNSA1,2022-11-25,301049751,73239990,SB-01 - STAINLESS STEEL SPORTS BOTTLE 750ML SG-702 (QTY:3600PCS/USD 1.1100 PER PCS),,,,,,,,,570.0,KGS,607.9007544,346503.43,7.359573298,4194.95678,126958.9
INNSA1,2022-11-25,301049751,73239990,BCLR-3 - STAINLESS STEEL SPORTS BOTTLE 750ML SG705-1 (QTY:540 PCS/USD 1.1700 PER PCS),,,,,,,,,90.0,KGS,608.7222222,54785.0,7.369518429,663.2566586,20073.2
INNSA1,2022-11-25,301049751,73239990,WB-750 - STAINLESS STEEL SPORTS BOTTLE 750ML SG902 (QTY:540PCS/USD 1.3000 PER PCS),,,,,,,,,96.0,KGS,634.0857292,60872.23,7.676582678,736.951937,22303.5
INNSA1,2022-11-25,301049751,73231000,8001-2 STEEL SCRUBBER 2 PCS SET -(QTY- 168000 SET/USD 0.164PER SET),,,,,,,,,4900.0,KGS,491.7607633,2409627.74,5.953520136,29172.24867,1059272.4
INNSA1,2022-11-18,301049751,73239990,8504 STEEL LUNCH BOX 2 LAYER (QTY 22080 PCS / USD 2.48 PER PCS),,,,,,,,,10561.6,KGS,442.4214447,4672678.33,5.356191824,56569.95557,1712069.4
INNSA1,2022-11-18,301049751,73239990,6527 STEEL LUNCH BOX (QTY:25680 PCS/USD1.90 PER PCS),,,,,,,,,8945.2,KGS,465.4506741,4163549.37,5.634996055,50406.16671,1525524.5
INNSA1,2022-11-16,301049751,73239990,NP-21 STAINLESS STEEL SPORTS BOTTLE 650ML S115 (QTY:35496 NUM USD1.05 PER NUM),,,,,,,,,6310.4,KGS,518.7085224,3273258.26,6.18983917,39060.3611,1199321.9
INNSA1,2022-11-16,301049751,73239990,SB-01 STAINLESS STEEL SPORTS BOTTLE 750ML SG-702 (QTY: 8604NUM USD 1.11 PER NUM),,,,,,,,,1362.3,KGS,615.6900903,838754.61,7.347137116,10009.00489,307319.7
INNSA1,2022-11-16,301049751,73239990,KWP-1000B SS OIL POT 900ML(QTY: 27000 PCS/USD 1.55 PER PCS),,,,,,,,,6975.0,KGS,518.5417921,3616829.0,6.187849548,43160.2506,1325206.2
INNSA1,2022-11-15,301049751,73239990,NP-19 STEEL SALT BOTTLE (QTY:25920 PCS USD 0.4430 PER PCS),,,,,,,,,4050.0,KGS,251.5588593,1018813.38,3.001895695,12157.67757,373293.3
INNSA1,2022-11-10,301049751,73239990,KL32D-9S STAINLESS STEEL GRATER WITH HANDLE (QTY:37560 PCS USD 0.99 PER PCS),,,,,,,,,8451.0,KGS,381.445597,3223596.74,4.551856766,38467.74153,1181125.8
INNSA1,2022-11-10,301049751,73239990,KL324H-9S STAINLESS STEEL GRATER WITH HANDLE (QTY - 59040 PCS/USD 0.68 PER PCS),,,,,,,,,9512.0,KGS,365.9008221,3480448.62,4.366358259,41532.79976,1275236.4
INNSA1,2022-11-05,301049751,73231000,OKS-4156 -STEEL SCRUBBER 6PCS SET (QTY 99600 SET / USD 0.26SET),,,,,,,,,8677.15,KGS,260.7683133,2262725.77,3.111793715,27001.50084,994694.3
INNSA1,2022-11-04,301049751,73239990,NP-55 STEEL TEA STRAINER (QTY:100800 PCS /USD 0.2892 PER PCS),,,,,,,,,4620.0,KGS,554.0316688,2559626.31,6.61135643,30544.46671,937847.1
INNSA1,2022-11-04,301049751,73239990,NP-19 STEEL SALT BOTTLE (QTY:44352 PCS /USD 0.445 PER PCS),,,,,,,,,6930.0,KGS,250.0677821,1732969.73,2.984102412,20679.82971,634960.1
INNSA1,2022-11-04,301049751,73231000,8001-2 STEEL SCRUBBER 2 PCS SET (QTY- 169440 SET/USD 0.164PER SET),,,,,,,,,4942.0,KGS,497.448883,2458392.38,5.936144189,29336.42458,1080709.3
INNSA1,2022-11-03,301049751,73239990,AM-253 STEEL KITCHEN TURNER (QTY:25200 PCS/ USD 0.535 PER PCS),,,,,,,,,2450.0,KGS,490.6718122,1202145.94,5.848293352,14328.31871,440466.3
INNSA1,2022-11-03,301049751,73239990,SB-01 - STAINLESS STEEL SPORTS BOTTLE 750ML SG-702 (QTY:26172 PCS/USD1.110 PER PCS),,,,,,,,,4143.9,KGS,613.4219914,2541959.39,7.311346739,30297.48975,931374.0
INNSA1,2022-11-03,301049751,73239990,SB-12 STEEL TEA STRAINER BIG(QTY:50400 PCS/USD 1.057 PER PCS),,,,,,,,,11970.0,KGS,397.2742498,4755372.77,4.735092369,56679.05566,1742368.7
INNSA1,2022-11-03,301049751,73239990,NP-20 STAINLESS STEEL SPORTS BOTTLE 750ML S-308-C6 (QTY:18288 PCS / USD 1.062 PER PCS),,,,,,,,,3251.2,KGS,522.7040354,1699415.36,6.230083855,20255.24863,622665.8
INNSA1,2022-11-01,301049751,73239990,STAINLESS STEEL GRATER WITH HANDLE DS-25 (QTY:51000 PCS /USD0.2252 PER PCS),,,,,,,,,1700.0,KGS,600.5886118,1021000.64,7.158386314,12169.25673,374094.6
INNSA1,2022-10-29,301049751,73239990,NP-21 STAINLESS STEEL SPORTS BOTTLE 650ML S115 (QTY:19584 PCS USD 1.05 PER PCS),,,,,,,,,3481.6,KGS,515.4764534,1794682.82,6.143938657,21390.73683,657571.9
INNSA1,2022-10-29,301049751,73239990,8504 STEEL LUNCH BOX 2 LAYER (QTY:22080 PCS /USD2.61PER PCS),,,,,,,,,10561.6,KGS,467.0604217,4932905.35,5.566870342,58795.05781,1807416.5
INNSA1,2022-10-29,301049751,73239990,SB-01 - STAINLESS STEEL SPORTS BOTTLE 750ML SG-702 (QTY:25128 PCS/USD1.11 PER PCS),,,,,,,,,3978.6,KGS,611.8537274,2434321.24,7.292654677,29014.5559,891935.2
INNSA1,2022-10-29,301049751,73231000,8001-2 STEEL SCRUBBER 2 PCS SET (QTY- 168240 SET/USD 0.164 PER SET),,,,,,,,,4809.0,KGS,503.6067727,2421844.97,6.002464514,28865.85185,1064643.1
INNSA1,2022-10-29,301049751,73239990,6527 STEEL LUNCH BOX (QTY:25680 PCS / USD 2.00 PER PCS),,,,,,,,,8945.2,KGS,491.471322,4396309.27,5.85782267,52399.39535,1610807.8
INNSA1,2022-10-29,301049751,73239990,AM-06 - STAINLESS STEEL BOTTLE 750ML SG805 (QTY:46584 PCS/USD 1.05 PER PCS),,,,,,,,,6987.6,KGS,610.9350564,4268969.8,7.281705082,50881.64243,1564150.6
INNSA1,2022-10-29,301049751,73239990,6581 STEEL ROUND CONTAINER MEDIUM (QTY:46080 PCS/ USD 0.99 PER PCS),,,,,,,,,5568.0,KGS,701.3125647,3904908.36,8.358910187,46542.41192,1430758.5
INNSA1,2022-10-29,301049751,73239990,6862 STEEL RECTANGLE CONTAINER LARGE (QTY:23040 PCS/USD1.58PER PCS),,,,,,,,,5760.0,KGS,540.9788472,3116038.16,6.447900444,37139.90656,1141716.4
INNSA1,2022-10-18,301049751,73239990,SL-01 - STAINLESS STEEL COLA BOTTLE 750ML SK750 (QTY:21816 PCS/USD 1.2400PER PCS),,,,,,,,,4363.2,KGS,530.4587734,2314497.72,6.433702527,28071.53087,848032.0
INNSA1,2022-10-18,301049751,73239990,NP-20 STAINLESS STEEL SPORTS BOTTLE 750 ML S-308-C6 (QTY:19836 PCS USD 1.0620 PER PCS),,,,,,,,,3526.4,KGS,511.1012194,1802347.34,6.198923219,21859.88284,660380.1
INNSA1,2022-10-18,301049751,73239990,SB-01 - STAINLESS STEEL SPORTS BOTTLE 750ML SG-702 (QTY:46224 PCS/USD 1.1257 PER PCS),,,,,,,,,7318.8,KGS,608.2894805,4451949.05,7.377677144,53995.74348,1631194.1
INNSA1,2022-10-12,301049751,73239990,SL-01 -STAINLESS STEEL COLA BOTTLE 750ML SK750 (QTY: 16776NUM USD 1.24 PER NUM),,,,,,,,,3355.2,KGS,531.0812738,1781883.89,6.441252563,21611.6906,652882.3
INNSA1,2022-10-12,301049751,73239990,SB-01-STAINLESS STEEL SPORTS BOTTLE 750ML SG-702 (QTY: 27036 NUM USD 1.16 PER NUM),,,,,,,,,4280.7,KGS,627.5595533,2686394.18,7.611395432,32582.10042,984294.8
INNSA1,2022-10-11,301049751,73231000,OKS-4156 -STEEL SCRUBBER 6PCS SET (QTY99600 SET / USD 0.26 SET),,,,,,,,,8677.15,KGS,255.3805017,2215974.92,3.097398443,26876.5909,974142.6
INNSA1,2022-10-07,301049751,73239990,AM-06 STAINLESS STEEL BOTTLE 750ML SG805(QTY:46692 PCS/USD 1.095 PER PCS),,,,,,,,,7003.8,KGS,631.1250907,4420273.91,7.654640275,53611.56956,1619588.4
INNSA1,2022-10-06,301049751,73239990,NP-21 STAINLESS STEEL SPORTS BOTTLE 650ML S115(QTY:21600 PCS/USD 1.090 PER PCS),,,,,,,,,3840.0,KGS,515.298487,1978746.19,6.409185161,24611.27102,725012.5
INNSA1,2022-10-06,301049751,73239990,STAINLEES STEEL SPORTS BOTTLE 750ML SG-702(QTY:5940 PCS/USD1.160 PER PCS),,,,,,,,,940.5,KGS,615.7373418,579100.97,7.65842465,7202.748383,212182.6
INNSA1,2022-10-06,301049751,73239990,NP-20 STAINLESS STEEL SPORTS BOTTLE 750ML S-308-C6(QTY:10224PCS/USD 1.069 PER PCS),,,,,,,,,1817.6,KGS,505.3708847,918562.12,6.285707521,11424.90199,336561.1
INNSA1,2022-10-06,301049751,73239990,SL-01 STAINLESS STEEL COLA BOTTLE 750ML SK750(QTY:5148 PCS/USD 1.250 PER PCS),,,,,,,,,1029.6,KGS,525.2787879,540827.04,6.533318257,6726.704478,198159.0
INNSA1,2022-09-24,301049751,73231000,STILL SCRUBBER 2 PCS SET (8001-2) (QTY:166200 SET/USD:0.164PER SET),,,,,,,,,4847.0,KGS,482.9116257,2340672.65,6.006363504,29112.84391,1028959.7
INNSA1,2022-09-22,301049751,73239990,NP-55 STEEL TEA STRAINER (QTY:151200 PCS / USD 0.3014 PER PCS),,,,,,,,,6930.0,KGS,558.1866133,3868233.23,6.942619568,48112.35361,1417320.6
INNSA1,2022-09-19,301049751,73239990,STAINLESS STEEL SPORTS BOTTLE 750ML SG-702 (SB-01) (QTY :10656 PCS/USD:1.160 PER PCS),,,,,,,,,1687.2,KGS,626.9541311,1057797.01,7.797936954,13156.67923,387576.8
INNSA1,2022-09-19,301049751,73239990,STAINLESS STEEL SPORTS BOTTLE 650ML S115 (NP-21) (QTY :19872 PCS/USD:1.090 PER PCS),,,,,,,,,3532.8,KGS,524.6856007,1853609.29,6.525940307,23054.84192,679162.5
INNSA1,2022-09-19,301049751,73239990,STAINLESS STEEL SPORTS BOTTLE 750ML S-308-C6 (NP-20) (QTY :12672 PCS/USD:1.069 PER PCS),,,,,,,,,2252.8,KGS,514.5770641,1159239.21,6.40021224,14418.39813,424745.2
INNSA1,2022-09-17,301049751,73239990,KWP-1000B SS OIL POT 900 ML (QTY :27000 PCS/USD:1.59 PER PCS),,,,,,,,,6850.0,KGS,528.6389547,3621176.84,6.575111377,45039.51294,1326799.2
INNSA1,2022-09-17,301049751,73239990,HOUSEHOLD STEEL HOOK 3PCS SET (2628)(QTY:165600 PKT/USD 0.436 PER PKT),,,,,,,,,5612.0,KGS,1059.935713,5948359.22,13.18328001,73984.56741,2179478.8
INNSA1,2022-09-17,301049751,73239990,NP-55 STEEL TEA STRAINER(QTY:100800 PCS /USD 0.3032 PER PCS),,,,,,,,,4620.0,KGS,569.0503052,2629012.41,7.077740114,32699.15933,963270.1
INNSA1,2022-09-17,301049751,73239990,AM-217 STEEL LEMON SQUEEZER (QTY:10200 PCS/USD 2.0408 PER PCS),,,,,,,,,2975.0,KGS,601.8892168,1790620.42,7.486184289,22271.39826,656083.3
INNSA1,2022-09-12,301049751,73239990,STAINLESS STEEL COLA BOTTLE 750ML SK-750 (SL-01) (QTY :20664PCS/USD:1.25 PER PCS),,,,,,,,,4132.8,KGS,542.4083067,2241665.05,6.742179077,27864.07769,821346.1
INNSA1,2022-09-12,301049751,73239990,STAINLESS STEEL SPORTS BOTTLE 750ML SG-702 (SB-01) (QTY :1008 PCS/USD:1.160 PER PCS),,,,,,,,,159.6,KGS,635.8167293,101476.35,7.903253317,1261.359229,37180.9
INNSA1,2022-09-12,301049751,73239990,STAINLESS STEEL SPORTS BOTTLE 650ML S115 (NP-21) (QTY :19908PCS/USD:1.09 PER PCS),,,,,,,,,3539.2,KGS,532.1025486,1883217.34,6.614077671,23408.54369,690010.8
INNSA1,2022-09-12,301049751,73239990,KWB-600F STAINLESS STEEL SPORTS BOTTLE (QTY.50400 PCS/USD 1.00 PER PCS),,,,,,,,,7875.0,KGS,543.853873,4282849.25,6.760147583,53236.16221,1569236.0
INNSA1,2022-09-08,301049751,73239990,"STEEL LUNCH BOX 3LAYER (8505) (QTY:33,600 PCS/USD:3.63 PER PCS)",,,,,,,,,21784.0,KGS,468.6002745,10207988.38,5.824739273,126886.1203,3740207.0
INNSA1,2022-09-08,301049751,73239990,"STEEL LUNCH BOX (6527) (QTY:25,680 PCS/USD:2 PER PCS)",,,,,,,,,8945.2,KGS,480.5396403,4298523.19,5.973146554,53430.99055,1574978.9
INNSA1,2022-09-08,301049751,73239990,"STEEL ROUND CONTAINER (6856) (QTY:66,384 PCS/USD:0.64 PER PCS)",,,,,,,,,5532.0,KGS,642.7697993,3555802.53,7.989680539,44198.91274,1302846.1
INNSA1,2022-09-08,301049751,73239990,"STEEL ROUND CONTAINER (6857) (QTY:35,280 PCS/USD:0.82 PER PCS)",,,,,,,,,4498.2,KGS,538.2672313,2421233.66,6.690705175,30096.13002,887140.0
INNSA1,2022-09-08,301049751,73239990,"STEEL RECTANGLE CONTAINER BIG (6578) (QTY:37,920 PCS/USD:1.75 PER PCS)",,,,,,,,,10847.7,KGS,511.9917549,5553932.96,6.36409888,69035.83543,2034961.1
INNSA1,2022-09-08,301049751,73239990,STEEL LUNCH BOX SMALL (6587) (QTY:51000 PCS/USD:1.68 PER PCS),,,,,,,,,10348.75,KGS,692.9243397,7170900.76,8.613105527,89134.87582,2627418.1
INNSA1,2022-09-03,301049751,73239990,STAINLESS STEEL SPORTS BOTTLE (KWB-600F) (QTY:50400 PCS/USD:1. PER PCS),,,,,,,,,7875.0,KGS,543.853873,4282849.25,6.760147583,53236.16221,1569236.0
INNSA1,2022-08-30,301049751,73239990,STEEL HANGER WITH HOOK (ITEM NO. SL-89) (QTY 70056 PCS / USD1.14 PER PCS),,,,,,,,,15568.0,KGS,426.7317652,6643360.12,5.301015716,82526.21267,2434127.1
INNSA1,2022-08-23,301049751,73239990,STAINLESS STEEL SPORTS BOTTLE 750ML S-308-C6 (NP-20) (QTY :19080 PCS/USD:1.068 PER PCS),,,,,,,,,3392.0,KGS,526.3105513,1785245.39,6.538019271,22176.96137,654113.9
INNSA1,2022-08-23,301049751,73239990,"STAINLESS STEEL COLA BOTTLE 750ML SK750 (SL-01) (QTY:18,180PCS/USD:1.240 PER PCS)",,,,,,,,,3636.0,KGS,543.1752695,1974985.28,6.747518876,24533.97863,723634.6
INNSA1,2022-08-23,301049751,73239990,STAINLESS STEEL SPORTS BOTTLE 750ML SG-702 (SB-01) (QTY :1908 PCS/USD:1.160 PER PCS),,,,,,,,,302.1,KGS,641.8505793,193903.06,7.973299121,2408.733665,71046.1
INNSA1,2022-08-23,301049751,73239990,STAINLESS STEEL BOTTLE 750ML SG805 (AM-06) (QTY:4032 PCS/USD1.0950 PER PCS),,,,,,,,,604.8,KGS,633.933879,383403.21,7.874955018,4762.772795,140478.9
INNSA1,2022-08-23,301049751,73239990,STAINLESS STEEL COLA BOTTLE 750ML SK750 (SL-01) (QTY:15192 PCS/USD 1.2483 PER PCS),,,,,,,,,3038.4,KGS,542.0133853,1646853.47,6.733085532,20457.80708,603407.2
INNSA1,2022-08-23,301049751,73239990,"STAINLESS STEEL BOTTLE 750ML SG805 (AM-06) (QTY :2,376 PCS/USD:1.095 PER PCS)",,,,,,,,,356.4,KGS,639.5450617,227933.86,7.944659152,2831.476522,83515.0
INNSA1,2022-08-23,301049751,73239990,STAINLESS STEEL SPORTS BOTTLE 650ML S115 (NP-21) (QTY:23220PCS/USD 1.0900 PER PCS),,,,,,,,,4128.0,KGS,532.4393338,2197909.57,6.614153215,27303.22447,805314.1
INNSA1,2022-08-22,301049751,73239990,HOUSEHOLD STEEL HOOK 3PCS SET (ITEM NO. 2628) (QTY 170208NOS/ USD 0.436PER NOS),,,,,,,,,5768.16,KGS,1077.822415,6217052.14,13.38909832,77230.46137,2277927.8
INNSA1,2022-08-20,301049751,73239990,KWP-600B SS OIL POT 600ML(QTY:39000 PCS/USD 1.25 PER PCS),,,,,,,,,6850.0,KGS,611.5153737,4188880.31,7.59646427,52035.78025,1534805.8
INNSA1,2022-08-18,301049751,73239990,STEEL TEA STRAINER BIG (SB-12) (QTY:5256 PCS/USD 1.155 PER PCS),,,,,,,,,1248.3,KGS,421.305848,525916.09,5.249917108,6553.471526,192695.6
INNSA1,2022-08-16,301049751,73239990,RYX-02-020 MILD STEEL MULTI FUNCTION CLOTH STAND(QTY:1232 PCS/USD 15.30 PER PCS),,,,,,,,,4004.0,KGS,461.0523926,1846053.78,5.745201154,23003.78542,676394.2
INNSA1,2022-08-12,301049751,73239990,NP-55 STEEL TEA STRAINER (QTY:50400 PCS/USD 0.3099 PER PCS),,,,,,,,,2310.0,KGS,590.0823853,1363090.31,7.35305153,16985.54903,499436.3
INNSA1,2022-08-12,301049751,73239990,SB-12 STEEL TEA STRAINER BIG - (QTY:21216 PCS/USD 1.1549 PERPCS),,,,,,,,,5038.8,KGS,424.3783996,2138357.88,5.288204357,26646.20411,783494.4
INNSA1,2022-08-10,301049751,73239990,NP-20 STAINLESS STEEL SPORTS BOTTLE 750ML S-308-C6 (QTY:2376PCS/ USD 1.062 PER PCS),,,,,,,,,422.4,KGS,535.8829072,226356.94,6.677668626,2820.647227,82937.2
INNSA1,2022-08-10,301049751,73239990,NP-21 STAINLESS STEEL SPORTS BOTTLE 650ML S115(QTY:40680 PCS/ USD 1.140 PER PCS),,,,,,,,,7232.0,KGS,575.2420243,4160150.32,7.168124914,51839.87938,1524279.1
INNSA1,2022-08-10,301049751,73231000,OKS-4156 STEEL SCRUBBER 6PCS SET (QTY 99600 SET / USD 0.265PER SET),,,,,,,,,8677.15,KGS,288.3185297,2501783.13,3.592754264,31174.86766,1099783.9
INNSA1,2022-08-08,301049751,73239990,STAINLESS STEEL SPORTS BOTTLE (KWB-600F) (QTY:50400 PCS/USD:1. PER PCS),,,,,,,,,7875.0,KGS,552.1657079,4348304.95,6.880569569,54184.48536,1593218.9
INNSA1,2022-08-08,301049751,73231000,SS410 SS SCRUBBER 3PCS SET(QTY:120120 SET/USD 0.20 PER SET),,,,,,,,,7707.7,KGS,298.0790521,2297503.91,3.714380712,28629.33221,1009982.8
INNSA1,2022-08-06,301049751,73239990,STEEL HANGER WITH HOOK (SM1168) (QTY:57792 PCS / USD 1.30 PER PCS),,,,,,,,,10836.0,KGS,583.9064046,6327209.8,7.276092269,78843.73583,2318289.7
INNSA1,2022-08-02,301049751,73239990,RYX-02-020 MILD STEEL MULTI FUNCTION CLOTH STAND(QTY:1232 PCS/USD 15.30 PER PCS),,,,,,,,,4004.0,KGS,474.1710789,1898581.0,5.857579727,23453.74923,695640.1
INNSA1,2022-07-30,301049751,73239990,NP-55 STEEL TEA STRAINER (QTY:50400 PCS/USD 0.3123 PER PCS),,,,,,,,,2310.0,KGS,603.3303983,1393693.22,7.453124129,17216.71674,510649.2
INNSA1,2022-07-30,301049751,73239990,NP-19 STEEL SALT BOTTLE (QTY:68928 PCS/USD 0.4954 PER PCS),,,,,,,,,10770.0,KGS,280.7376462,3023544.45,3.468037631,37350.76529,1107826.7
INNSA1,2022-07-30,301049751,73239990,SB-01 STAINLESS STEEL SPORTS BOTTLE 750ML SG-702 (QTY:33948PCS/USD 1.1600 PER PCS),,,,,,,,,5375.1,KGS,662.486017,3560928.59,8.183891501,43989.23521,1304724.3
INNSA1,2022-07-30,301049751,73239990,AM-06 STAINLESS STEEL BOTTLE 750ML SG805 (QTY:39672 PCS/USD1.095 PER PCS),,,,,,,,,5950.8,KGS,660.0485464,3927816.89,8.153780685,48521.5181,1439152.1
INNSA1,2022-07-30,301049751,73239990,SL-01 STAINLESS STEEL COLA BOTTLE 750ML SK750 (QTY:21960 PCS/USD 1.2512 PER PCS),,,,,,,,,4392.0,KGS,565.7021243,2484563.73,6.988290603,30692.57233,910344.1
INNSA1,2022-07-30,301049751,73239990,DS-25 STAINLESS STEEL GRATER WITH HANDLE(QTY:100200 PCS/USD0.2192 PER PCS),,,,,,,,,3340.0,KGS,582.2727725,1944791.06,7.192992865,24024.59617,712571.4
INNSA1,2022-07-30,301049751,73239990,NP-20 STAINLESS STEEL SPORTS BOTTLE 750ML S-308-C6 (QTY :5724 PCS/USD 1.062 PER PCS),,,,,,,,,1017.6,KGS,540.1323703,549638.7,6.672419645,6789.854231,201387.6
INNSA1,2022-07-30,301049751,73239990,AM-253 STEEL KITCHEN TURNER (QTY:30600 PCS/USD 0.5780 PER PCS),,,,,,,,,2975.0,KGS,526.4134588,1566080.04,6.502945754,19346.26362,573811.7
INNSA1,2022-07-30,301049751,73239990,NP-21 STAINLESS STEEL SPORTS BOTTLE 650ML S115(QTY:43164 PCS/USD 1.140 PER PCS),,,,,,,,,7673.6,KGS,579.8029178,4449175.67,7.162481999,54962.02187,1630177.9
INNSA1,2022-07-30,301049751,73239990,NP-20 STAINLESS STEEL SPORTS BOTTLE 750ML S-308-C6(QTY:29916PCS/USD 1.0620 PER PCS),,,,,,,,,5318.4,KGS,540.1795183,2872890.75,6.673002079,35489.69426,1052627.1
INNSA1,2022-07-30,301049751,73239990,SB-12 STEEL TEA STRAINER BIG(QTY:23928 PCS/USD 1.1636 PER PCS),,,,,,,,,5682.9,KGS,433.8151754,2465328.26,5.359050962,30454.95071,903296.4
INNSA1,2022-07-28,301049751,73239990,NP-19 STEEL SALT BOTTLE (QTY:56112 PCS/ USD 0.496 PER PCS),,,,,,,,,8767.5,KGS,289.12198,2534876.96,3.57161186,31314.10698,928778.9
INNSA1,2022-07-25,301049751,73239990,6901 STEEL RECTANGLE CONTAINER (QTY:54504 PCS /USD 1.01 PERPCS),,,,,,,,,8856.9,KGS,548.5822229,4858737.89,6.776803248,60021.46868,1780241.6
INNSA1,2022-07-25,301049751,73239990,8504 STEEL LUNCH BOX 2 LAYER (QTY:44160 PCS/ USD 2.61 PER PCS),,,,,,,,,21123.2,KGS,481.5967595,10172864.67,5.94931142,125668.495,3727337.6
INNSA1,2022-07-25,301049751,73239990,6900 STEEL LUNCH BOX (QTY:91200 PCS /USD 0.83 PER PCS),,,,,,,,,10374.0,KGS,644.021497,6681079.01,7.955793663,82533.40346,2447947.4
INNSA1,2022-07-23,301049751,73239990,KWP-1000B SSOIL POT 900 ML (QTY 27000 PCS / USD 1.64 PER PCS),,,,,,,,,6850.0,KGS,581.3007679,3981910.26,7.180985397,49189.74997,1458972.0
INNSA1,2022-07-23,301049751,73239990,NP-20 STAINLESS STEEL SPORTS BOTTLE 750ML S-308-C6 (QTY :14976 PCS/USD 1.113 PER PCS),,,,,,,,,2662.4,KGS,565.232159,1504874.1,6.982484978,18590.168,551385.9
INNSA1,2022-07-23,301049751,73239990,SB-01 STAINLESS STEEL SPORTS BOTTLE 750ML SG-702 (QTY :4968PCS/USD 1.205 PER PCS),,,,,,,,,786.6,KGS,687.1060514,540477.62,8.488030282,6676.68462,198031.0
INNSA1,2022-07-23,301049751,73239990,NP-21 STAINLESS STEEL SPORTS BOTTLE 650ML S115 (QTY :23112 PCS/USD 1.140 PER PCS),,,,,,,,,4108.8,KGS,578.9438985,2378764.69,7.151870271,29385.60457,871579.4
INNSA1,2022-07-19,301049751,73239990,KL324H-9S STAINLESS STEEL GRATER WITH HANDLE (QTY: 59040 PCS/USD 0.70 PER PCS),,,,,,,,,9676.0,KGS,378.0898946,3658397.82,4.732038731,45787.20676,1608231.8
INNSA1,2022-07-18,301049751,73231000,OKS-4156 STEEL SCRUBBER 6PCS SET (QTY: 99600 SET / USD 0.275 PER SET),,,,,,,,,8677.15,KGS,297.3856266,2580459.69,3.721972799,32296.11627,1134370.1
INNSA1,2022-07-12,301049751,73239990,SL-01 - STAINLESS STEEL COLA BOTTLE 750ML SK750 (QTY:38592PCS/USD 1.300 PER PCS),,,,,,,,,7718.4,KGS,576.9107963,4452828.29,7.220410467,55730.01615,1631516.4
INNSA1,2022-07-12,301049751,73231000,8001-2 STEEL SCRUBBER 2 PCS SET (QTY- 165960 SET/USD 0.168PER SET),,,,,,,,,4840.0,KGS,568.0112831,2749174.61,7.109027322,34407.69224,1208537.1
INNSA1,2022-07-12,301049751,73239990,SB-01 - STAINLESS STEEL SPORTS BOTTLE 750ML SG-702 (QTY:1872PCS/USD 1.205 PER PCS),,,,,,,,,296.4,KGS,675.4760796,200211.11,8.454018518,2505.771089,73357.3
INNSA1,2022-07-04,301049751,73239990,KL326D-9S STAINLESS STEEL GRATER WITH HANDLE (QTY:37560PCS/USD 1.02 PER PCS),,,,,,,,,8607.5,KGS,388.5427139,3344381.41,4.921376997,42360.7525,1225381.3
INNSA1,2022-07-04,301049751,73239990,KL324H-9S STAINLESS STEEL GRATER WITH HANDLE (QTY:59040 PCS/USD 0.70 PER PCS),,,,,,,,,9676.0,KGS,372.8537691,3607733.07,4.722656987,45696.42901,1321873.4
INNSA1,2022-06-29,301049751,73239990,6578 STEEL RECTANGLE CONTAINER BIG(QTY:37920 PCS/ USD 1.80 PER PCS),,,,,,,,,11202.2,KGS,528.7779927,5923476.83,6.69763132,75028.20557,2170361.9
INNSA1,2022-06-29,301049751,73239990,6561 STEEL LUNCH BOX (QTY:21600 PCS/ USD 2.75 PER PCS),,,,,,,,,8232.0,KGS,626.2055418,5154924.02,7.931672474,65293.5278,1888764.2
INNSA1,2022-06-29,301049751,73239990,6901 STEEL RECTANGLE CONTAINER(QTY:56184 PCS/ USD 1.06 PER PCS),,,,,,,,,9129.9,KGS,566.0937436,5168379.27,7.170281743,65463.95529,1893694.2
INNSA1,2022-06-29,301049751,73239990,6527 STEEL LUNCH BOX (QTY:25560 PCS/ USD 2.06 PER PCS),,,,,,,,,8903.4,KGS,513.2253083,4569450.21,6.500637217,57877.7734,1674246.5
INNSA1,2022-06-29,301049751,73239990,6862 STEEL RECTANGLE CONTAINER LARGE(QTY:20400 PCS/ USD 1.63PER PCS),,,,,,,,,5100.0,KGS,565.8267118,2885716.23,7.166899452,36551.18721,1057326.4
INNSA1,2022-06-29,301049751,73239990,8505 STEEL LUNCH BOX 3 LAYER(QTY:16800 PCS/ USD 3.75 PER PCS),,,,,,,,,10892.0,KGS,501.9596291,5467344.28,6.35794337,69250.71919,2003235.0
INNSA1,2022-06-24,301049751,73239990,SL-89 STEEL HANGER WITH HOOK (QTY:70056 PACKS/USD 1.18 PER PACKS),,,,,,,,,15568.0,KGS,440.6186421,6859551.02,5.580983434,86884.75009,2513339.5
INNSA1,2022-06-19,301049751,73239990,SB-12 STEEL TEA STRAINER BIG(QTY:25200 PCS/USD 1.1724 PER PCS),,,,,,,,,5985.0,KGS,425.4705564,2546441.28,5.389114077,32253.84775,933016.1
INNSA1,2022-06-19,301049751,73239990,NP-19 STEEL SALT BOTTLE (QTY:50448PCS/ USD 0.4992 PER PCS),,,,,,,,,7882.5,KGS,275.3669864,2170580.27,3.487865565,27493.10032,795300.7
INNSA1,2022-06-19,301049751,73239990,NP-55 STEEL TEA STRAINER(QTY:50400 PCS/ USD 0.3146 PER PCS),,,,,,,,,2310.0,KGS,591.6087576,1366616.23,7.493461147,17309.89525,500728.1
INNSA1,2022-06-16,301049751,73239990,AM-253 STEEL KITCHEN TURNER(QTY:8712 PCS/ USD 0.579 PER PCS),,,,,,,,,847.0,KGS,516.4145809,437403.15,6.578529693,5572.01465,160264.5
INNSA1,2022-06-16,301049751,73239990,NP-20 STAINLESS STEEL SPORTS BOTTLE 750 ML S-308-C6 (QTY:576PCS USD 1.113 PER PCS),,,,,,,,,102.4,KGS,543.1566406,55619.24,6.919192874,708.5253503,20378.9
INNSA1,2022-06-16,301049751,73239990,MILD STEEL MULTI FUNCTION CLOTH STAND - RYX-02-020 (QTY :1232 PCS/ USD 15.30 PER PCS),,,,,,,,,4004.0,KGS,457.862008,1833279.48,5.832637044,23353.87873,671713.6
INNSA1,2022-06-16,301049751,73239990,NP-21 STAINLESS STEEL SPORTS BOTTLE 650ML S115 (QTY :19908 PCS/USD 1.140 PER PCS),,,,,,,,,3539.2,KGS,556.3311624,1968967.25,7.087021177,25082.38535,721429.6
INNSA1,2022-06-16,301049751,73239990,AM-06 - STAINLESS STEEL BOTTLE 750ML SG805 (QTY:24444 PCS/USD 1.140 PER PCS),,,,,,,,,3666.6,KGS,659.3554519,2417592.7,8.399432509,30797.35924,885806.0
INNSA1,2022-06-14,301049751,73239990,SS OIL POT 900ML-KWP-1000B(QTY: 27000PCS/USD 1.64 PER PCS),,,,,,,,,6750.0,KGS,565.6657778,3818244.0,7.205933475,48640.05096,1399004.6
INNSA1,2022-06-06,301049751,73239990,NP-20 STAINLESS STEEL SPORTS BOTTLE 750 ML S-308-C6 (QTY:18036 PCS USD 1.113 PER PCS),,,,,,,,,3206.4,KGS,540.0129647,1731497.57,6.879146047,22057.29389,634420.7
INNSA1,2022-06-06,301049751,73239990,STAINLESS STEEL SPORTS BOTTLE 650ML S115 NP-21 (QTY:19836 PCS USD 1.140 PER PCS),,,,,,,,,3526.4,KGS,553.1129197,1950497.4,7.046024455,24847.10064,714662.2
INNSA1,2022-06-06,301049751,73239990,AM-06-STAINLESS STEEL BOTTLE 750ML SG805 (QTY:9792 PCS/USD 1.140 PER PCS),,,,,,,,,1468.8,PCS,655.5411492,962858.84,8.350842665,12265.71771,352791.5
INNSA1,2022-06-06,301049751,73239990,STAINLESS STEEL COLABOTTLE 750ML SK750 SL-01 (QTY: 17964 NUMUSD 1.300PER NUM),,,,,,,,,3592.8,KGS,560.6602705,2014340.22,7.142169051,25660.38497,738054.2
INNSA1,2022-06-06,301049751,73239990,SB-01STAINLESS STEEL SPORTS BOTTLE 750ML SG-702 (QTY:21492 PCS USD 1.205 PER PCS),,,,,,,,,3402.9,KGS,656.4491639,2233830.86,8.362409732,28456.44408,818475.6
INNSA1,2022-06-01,301049751,73231000,OKS-4156 STEEL SCRUBBER 6 PCS SET (QTY- 99600 SET/USD 0.275PER SET),,,,,,,,,8677.15,KGS,284.8484468,2471672.7,3.62402604,31446.21756,1086547.3
INNSA1,2022-05-30,301049751,73239990,MILD STEEL MULTI FUNCTION CLOTH STAND - RYX-02-020 (QTY :1232 NUM USD 15.30 PER NUM),,,,,,,,,4004.0,KGS,450.593017,1804174.44,5.732735585,22953.87328,661049.5
INNSA1,2022-05-27,301049751,73239990,SB-01 - STAINLESS STEEL SPORTS BOTTLE 750ML SG-702 (QTY:23904 PCS/USD 1.205 PER PCS),,,,,,,,,3784.8,KGS,651.9549778,2467519.2,8.294592593,31393.37405,904099.0
INNSA1,2022-05-27,301049751,73239990,SB-12 STEEL TEA STRAINER BIG - SB-12 (QTY:25200 PCS/USD 1.1584 PER PCS),,,,,,,,,5985.0,KGS,415.261213,2485338.36,5.28322154,31620.08092,910628.0
INNSA1,2022-05-27,301049751,73239990,NP-20 STAINLESS STEEL SPORTS BOTTLE 750 ML S-308-C6 (QTY:20880 PCS USD 1.113 PER PCS),,,,,,,,,3712.0,KGS,536.3158378,1990804.39,6.823356715,25328.30013,729430.8
INNSA1,2022-05-27,301049751,73239990,NP-19 STEEL SALT BOTTLE(QTY: 50400 PCS / USD 0.4932 PER PCS),,,,,,,,,7875.0,KGS,268.7382273,2116313.54,3.419061416,26925.10865,775417.3
INNSA1,2022-05-27,301049751,73239990,SB-01 STAINLESS STEEL SPORTS BOTTLE 750ML SG-702 (QTY: 16632NUM USD 1.205 PER NUM),,,,,,,,,2633.4,KGS,651.3647072,1715303.82,8.287082789,21823.20382,628487.4
INNSA1,2022-05-27,301049751,73239990,NP-21 STAINLESS STEEL SPORTS BOTTLE 650ML S115 (QTY: 17532 NUM USD 1.140 PER NUM),,,,,,,,,3068.1,KGS,557.5404387,1710589.82,7.093389805,21763.22926,626760.2
INNSA1,2022-05-27,301049751,73239990,AM-06 STAINLESS STEEL BOTTLE 750ML SG805 (QTY: 11196 NUM USD1.140 PER NUM),,,,,,,,,1679.4,KGS,650.4638145,1092388.93,8.275621049,13898.07799,400251.3
INNSA1,2022-05-27,301049751,73239990,AM-253 STEEL KITCHEN TURNER (QTY:4464 PCS/ USD 0.573 PER PCS),,,,,,,,,434.0,KGS,534.1403226,231816.9,6.795678404,2949.324427,84937.7
INNSA1,2022-05-27,301049751,73239990,NP-003 - STEEL ZHARA (QTY:102000 PCS/USD 0.4484 PER PCS),,,,,,,,,9520.0,KGS,409.0300903,3893966.46,5.20394517,49541.55802,1426749.3
INNSA1,2022-05-27,301049751,73239990,NP-55 STEEL TEA STRAINER(QTY:50400 PCS/USD 0.3109 PER PCS),,,,,,,,,2310.0,KGS,577.5182338,1334067.12,7.347560226,16972.86412,488802.1
INNSA1,2022-05-27,301049751,73239990,AM-253 STEEL KITCHEN TURNER(QTY:17424 PCS/ USD 0.5754 PER PCS),,,,,,,,,1452.0,KGS,587.8648691,853579.79,7.479196808,10859.79377,312751.7
INNSA1,2022-05-26,301049751,73239990,NP-21 STAINLESS STEEL SPORTS BOTTLE 650ML S115(QTY:22248PCSUSD 1.140PER PCS),,,,,,,,,3893.4,KGS,558.338013,2173833.22,7.103537062,27656.9112,796492.5
INNSA1,2022-05-26,301049751,73239990,AM-06 - STAINLESS STEEL BOTTLE 750ML SG805 (QTY:16488 PCS/USD 1.140 PER PCS),,,,,,,,,2473.2,KGS,651.3943191,1611028.43,8.287459531,20496.54491,590280.9
INNSA1,2022-05-26,301049751,73231000,STEEL SCRUBBER 2 PCS SET-8001-2 (QTY- 165600 SET/USD 0.168 PER SET),,,,,,,,,4830.0,KGS,511.8293747,2472135.88,6.511824106,31452.11043,1086750.9
INNSA1,2022-05-26,301049751,73239990,SB-01 - STAINLESS STEEL SPORTS BOTTLE 750ML SG-702 (QTY:6192PCS/USD 1.205 PER PCS),,,,,,,,,980.4,KGS,652.2964198,639511.41,8.298936639,8136.277481,234317.0
INNSA1,2022-05-26,301049751,73239990,SM1168 STEEL HANGER WITH HOOK (QTY:57792 PCS/USD 1.35 PER PCS),,,,,,,,,10836.0,KGS,592.3425729,6418624.12,7.53616505,81661.88448,2351783.9
INNSA1,2022-05-18,301049751,73239990,6587 STEEL LUNCH BOX SMALL (QTY:19920 PCS/USD 1.73 PER PCS),,,,,,,,,4042.1,KGS,703.616338,2844087.6,9.131944686,36912.23361,1042073.7
INNSA1,2022-05-18,301049751,73239990,6856 STEEL ROUND CONTAINER (QTY:24576 PCS/USD 0.66 PER PCS),,,,,,,,,2048.0,KGS,653.6311328,1338636.56,8.483207434,17373.60883,490476.4
INNSA1,2022-05-18,301049751,73239990,KWP-1000B SS OIL POT 900ML(QTY: 17040 PCS/USD 1.64 PER PCS),,,,,,,,,4260.0,KGS,548.0456995,2334674.68,7.112857878,30300.77456,855424.8
INNSA1,2022-05-18,301049751,73239990,6901 STEEL RECTANGLE CONTAINER(QTY:54696 PCS/ USD 1.06 PER PCS),,,,,,,,,8888.1,KGS,538.3442198,4784857.26,6.986946396,62100.67826,1753171.7
INNSA1,2022-05-18,301049751,73239990,8504 STEEL LUNCH BOX 2 LAYER (QTY:22080 PCS/USD 2.75 PER PCS),,,,,,,,,10561.6,KGS,474.470923,5011172.1,6.157961362,65037.92472,1836093.4
INNSA1,2022-05-18,301049751,73239990,6857 STEEL ROUNDCONTAINER(QTY:29880 PCS/ USD 0.85 PER PCS),,,,,,,,,3809.7,KGS,550.1945849,2096076.31,7.14074737,27204.10526,768002.4
INNSA1,2022-05-18,301049751,73239990,KWB-600F STAINLESS STEEL SPORTS BOTTLE(QTY:18864 PCS / USD 1.01 PER PCS),,,,,,,,,2947.5,KGS,540.0255165,1591725.21,7.008767249,20658.34147,583208.1
INNSA1,2022-05-18,301049751,73239990,SB-01STAINLESS STEEL SPORTS BOTTLE 750ML SG-702 (QTY:28152 PCS/USD 1.205 PER PCS),,,,,,,,,4457.4,KGS,640.1367591,2853345.59,8.308069554,37032.38923,1045465.8
INNSA1,2022-05-18,301049751,73239990,AM-06 STAINLESS STEEL BOTTLE 750ML SG805(QTY: 900 PCS/ USD 1.140 PER PCS),,,,,,,,,135.0,KGS,639.2514074,86298.94,8.296578941,1120.038157,31620.0
INNSA1,2022-05-18,301049751,73239990,SL-01 - STAINLESS STEEL COLA BOTTLE 750ML SK750 (QTY:15660 PCS/USD 1.300 PER PCS),,,,,,,,,3132.0,KGS,546.7281673,1712352.62,7.095758174,22223.9146,627406.0
INNSA1,2022-05-14,301049751,73231000,SS410 SS SCRUBBER 3 PCS SET(QTY- 122640 SET/USD 0.195 PER SET),,,,,,,,,7869.4,KGS,280.2241988,2205196.31,3.636913677,28620.32849,969404.3
INNSA1,2022-05-13,301049751,73239990,2628 HOUSEHOLD STEEL HOOK 3 PCS SET(QTY : 163080 SET/USD 0.445 PER SET),,,,,,,,,5526.6,KGS,1060.087654,5858680.43,13.75843808,76037.38391,2146620.5
INNSA1,2022-05-11,301049751,73239990,KWB-600F STAINLESS STEEL SPORTS BOTTLE(QTY:31200 PCS / USD:1.01 PER PCS),,,,,,,,,4750.0,KGS,553.4751263,2629006.85,7.183324157,34120.78975,963268.1
INNSA1,2022-05-11,301049751,73239990,KWP-1000B SS OIL POT 900ML (QTY: 9960 PCS/USD 1.64 PER PCS),,,,,,,,,2350.0,KGS,579.8973447,1362758.76,7.526247173,17686.68086,499314.9
INNSA1,2022-05-07,301049751,73239990,6581 STEEL ROUND CONTAINER MEDIUM(QTY:87720 PCS/ USD 1.02 PER PCS),,,,,,,,,10599.5,KGS,691.7499354,7332203.44,9.007160617,95471.39896,2686519.4
INNSA1,2022-05-07,301049751,73239990,8504 STEEL LUNCH BOX 2 LAYER (QTY 22080 PCS /USD 2.75 PER PCS),,,,,,,,,10561.6,KGS,471.1267687,4975852.48,6.134463134,64789.74583,1823152.3
INNSA1,2022-05-07,301049751,73239990,6862 STEEL RECTANGLE CONTAINER LARGE(QTY:22800 PCS/USD1.63 PER PCS),,,,,,,,,5700.0,KGS,534.2977228,3045497.02,6.957001599,39654.90911,1115870.1
INNSA1,2022-05-07,301049751,73239990,6856 STEEL ROUND CONTAINER(QTY:60960 PCS/ USD 0.66 PER PCS),,,,,,,,,5080.0,KGS,649.0242283,3297043.08,8.450836307,42930.24844,1208036.6
INNSA1,2022-05-07,301049751,73239990,6527 STEEL LUNCH BOX (QTY 25956 PCS / USD 2.06 PER PCS),,,,,,,,,9041.34,KGS,484.6273738,4381680.86,6.310252263,57053.1362,1605447.9
INNSA1,2022-05-05,301049751,73239990,NP-55 STEEL TEA STRAINER(QTY:122400 PCS/ USD 0.3285 PER PCS),,,,,,,,,5610.0,KGS,592.7696168,3325437.55,7.708317513,43243.66125,1218440.4
INNSA1,2022-05-05,301049751,73239990,NP-19 STEEL SALT BOTTLE (QTY:12624 PCS/ USD 0.5210 PER PCS),,,,,,,,,1972.5,KGS,275.7715285,543959.34,3.586105702,7073.593498,199306.8
INNSA1,2022-05-05,301049751,73239990,SB-12 STEEL TEA STRAINER BIG(QTY:25200 PCS/USD 1.2240 PER PCS),,,,,,,,,5985.0,KGS,426.2356541,2551020.39,5.542726322,33173.21704,934693.9
INNSA1,2022-05-05,301049751,73239990,DS-25 STAINLESS STEEL GRATER WITH HANDLE(QTY:100680 PCS/ USD0.2400 PER PCS),,,,,,,,,3356.0,KGS,595.4763051,1998418.48,7.743515021,25987.23641,732220.6
INNSA1,2022-05-04,301049751,73239990,AM-06 - STAINLESS STEEL BOTTLE 750ML SG805 (QTY:29016 PCS/USD 1.14 PER PCS),,,,,,,,,4352.4,KGS,644.3864213,2804627.46,8.379537338,36471.09831,1027615.5
INNSA1,2022-05-04,301049751,73239990,NP-21 STAINLESS STEEL SPORTS BOTTLE 650ML S115(QTY:14976PCSUSD 1.14PER PCS),,,,,,,,,2662.4,KGS,543.7010404,1447549.65,7.070234596,18823.79259,530382.2
INNSA1,2022-05-02,301049751,73239990,8505 STEEL LUNCH BOX 3 LAYER(QTY:16800 PCS / USD 3.75 PER PCS),,,,,,,,,10892.0,KGS,486.8938414,5303247.72,6.331519393,68962.90923,1943110.0
INNSA1,2022-05-02,301049751,73239990,6527 STEEL LUNCH BOX(QTY:25044 PCS USD 2.06 PER PCS),,,,,,,,,8723.66,KGS,497.8213926,4342824.57,6.47362019,56473.66151,1591210.9
INNSA1,2022-05-02,301049751,73239990,6578 STEEL RECTANGLE CONTAINER BIG(QTY:37920 PCS/USD1.80 PERPCS),,,,,,,,,11202.2,KGS,512.9072798,5745689.93,6.669795576,74716.38401,2105220.8
INNSA1,2022-04-25,301049751,73239990,STAINLESS STEEL SPORTS BOTTLE - KWB-600F (QTY 50400 PCS / USD 1.01 PER PCS),,,,,,,,,7560.0,KGS,566.6417844,4283811.89,7.344676402,55525.7536,1569588.7
INNSA1,2022-04-25,301049751,73231000,8001-2 STEEL SCRUBBER 2 PCS SET(QTY- 165720 SET/USD 0.168 PER SET),,,,,,,,,4833.0,KGS,518.1228223,2504087.6,6.715785123,32457.3895,1100796.9
INNSA1,2022-04-25,301049751,73239990,NP-21 STAINLESS STEEL SPORTS BOTTLE 650ML S115(QTY: 43164 PCS/ USD 1.14 PER PCS),,,,,,,,,7673.6,KGS,544.4483802,4177879.09,7.05701076,54152.67777,1530774.9
INNSA1,2022-04-22,301049751,73231000,SS410 SS SCRUBBER 3 PCS SET(QTY- 108360SET/USD 0.195PER SET),,,,,,,,,6953.1,KGS,286.6600365,1993175.9,3.715619398,25835.07323,876200.1
INNSA1,2022-04-21,301049751,73239990,NP-20 STAINLESS STEEL SPORTS BOTTLE 750 ML S-308-C6 (QTY:32904 PCS USD 1.113 PER PCS),,,,,,,,,5849.6,KGS,531.5230631,3109197.31,6.920873218,40484.33997,1139209.9
INNSA1,2022-04-21,301049751,73239990,NP-21 - STAINLESS STEEL SPORTS BOTTLE 650ML S115 (QTY:8532 PCS/USD 1.140 PER PCS),,,,,,,,,1516.8,KGS,544.4170688,825771.81,7.088763917,10752.23711,302562.8
INNSA1,2022-04-20,301049751,73239990,NP-21 STAINLESS STEEL SPORTS BOTTLE 650ML S115(QTY:19368PCSUSD 1.140PER PCS),,,,,,,,,3443.2,KGS,545.4156308,1877975.1,7.101766026,24452.80078,688090.1
INNSA1,2022-04-20,301049751,73231000,STEEL SCRUBBER 6PCS SET - OKS-4156 (QTY 98000 SET / USD 0.275 PER SET),,,,,,,,,8537.8,KGS,283.9476329,2424288.1,3.697234803,31566.2513,1065717.1
INNSA1,2022-04-20,301049751,73239990,STAINLESS STEEL SPORTS BOTTLE 750ML SG-702 SB-01 (QTY: 25524NUM USD 1.205 PER NUM),,,,,,,,,4041.3,KGS,647.3138149,2615989.32,8.428565298,34062.36094,958498.5
INNSA1,2022-04-06,301049751,73239990,NP-19 STEEL SALT BOTTLE(QTY:25968 PCS/USD 0.524 PER PCS),,,,,,,,,4057.5,KGS,295.6624892,1199650.55,3.84476579,15600.13719,439551.9
INNSA1,2022-04-06,301049751,73239990,NP-20 STAINLESS STEEL SPORTS BOTTLE 750 ML S-308-C6 (QTY:28224 PCS USD 1.113 PER PCS),,,,,,,,,5017.6,KGS,536.3013891,2690945.85,6.974010262,34992.79389,985962.6
INNSA1,2022-04-06,301049751,73239990,NP-21 STAINLESS STEEL SPORTS BOTTLE 650ML S115 (QTY : 15192PCS/USD 1.140 PER PCS),,,,,,,,,2700.8,KGS,549.3113966,1483580.22,7.143191113,19292.33056,543583.7
INNSA1,2022-04-06,301049751,73239990,SL-01 - STAINLESS STEELCOLA BOTTLE 750MLSK750 (QTY:38196 PCS/USD 1.300PER PCS),,,,,,,,,7639.2,KGS,556.8068738,4253559.07,7.240661557,55312.86177,1558504.1
INNSA1,2022-04-06,301049751,73239990,SB-12 STEEL TEA STRAINER BIG - (QTY:25200 PCS/USD 1.230 PERPCS),,,,,,,,,5985.0,KGS,456.5900418,2732691.4,5.937451779,35535.64889,1001258.1
INNSA1,2022-03-31,301049751,73239990,KL326D-9S STAINLESS STEEL GRATER WITH HANDLE(MILD STEEL) (QTY -10008PCS/USD 1.05 PER PCS),,,,,,,,,2210.1,KGS,399.9055744,883831.31,5.200332567,11493.25501,323835.8
INNSA1,2022-03-31,301049751,73239990,KL324H-9S STAINLESS STEEL GRATER WITH HANDLE(MILD STEEL) (QTY - 43344 PCS/USD 0.72 PER PCS),,,,,,,,,6862.8,KGS,382.4660488,2624788.0,4.9735507,34132.48375,961722.4
INNSA1,2022-03-29,301049751,73239990,RS-02 STEEL HAND BLENDER (QTY:200PCS USD 0.465 PER PCS),,,,,,,,,11.6,KGS,687.9517241,7980.24,8.946056231,103.7742523,2923.9
INNSA1,2022-03-29,301049751,73239990,NP-19 STEEL SALT BOTTLE (QTY:33600 PCS USD 0.526 PER PCS),,,,,,,,,5250.0,KGS,288.867501,1516554.38,3.756404434,19721.12328,555665.6
INNSA1,2022-03-28,301049751,73231000,8001-2 STEEL SCRUBBER 2 PCS SET (QTY 164880/USD 0.168 PER PCS),,,,,,,,,4809.0,KGS,544.1351695,2616746.03,7.075879967,34027.90676,1150321.5
INNSA1,2022-03-22,301049751,73239990,6561 STEEL LUNCH BOX (QTY:21240 PCS/USD 2.75 PER PCS),,,,,,,,,8094.8,KGS,602.0942309,4873832.38,7.829573873,63378.83459,1785772.2
INNSA1,2022-03-22,301049751,73239990,8505 STEEL LUNCH BOX 3LAYER (QTY:16800 PCS/USD 3.75 PER PCS),,,,,,,,,10892.0,KGS,482.6322613,5256830.59,6.276102227,68359.30546,1926102.7
INNSA1,2022-03-09,301049751,73239990,RYX-02-021A MILD STEEL MULTI FUNCTION CLOTH STAND - (QTY 5184 NUM USD 9.40 PER NUM),,,,,,,,,19008.0,KGS,280.4434512,5330669.12,3.65875344,69545.58539,1953157.2
INNSA1,2022-03-09,301049751,73239990,RYX-02-020 MILD STEEL MULTI FUNCTION CLOTH STAND - (QTY 2464 NUM USD 15.30 PER NUM),,,,,,,,,8008.0,KGS,514.9878497,4124022.7,6.718693407,53803.2968,1511041.9
INNSA1,2022-02-26,301049751,73239990,STAINLESS STEEL GRATER WITH HANDLE - KL324H-9S (MILD STEEL)(QTY - 59040 PCS/USD 0.72 PER PCS),,,,,,,,,9348.0,KGS,384.1449412,3590986.91,5.051215531,47218.76279,1315737.6
INNSA1,2022-02-11,301049751,73239990,STEEL HANGER WITH HOOK SL-89 (QTY 70056 PCS / USD 1.15 PER PCS),,,,,,,,,15568.0,KGS,418.6168294,6517026.8,5.546797792,86352.54803,2387838.6
INNSA1,2022-02-09,301049751,73239990,6901 STEEL RECTANGLE CONTAINER (QTY:54720 PCS / USD 1.06 PERPCS),,,,,,,,,8892.0,KGS,569.8737573,5067317.45,7.550997182,67143.46694,1856665.1
INNSA1,2022-02-09,301049751,73239990,8504 STEEL LUNCH BOX 2 LAYER (QTY 22080 PCS / USD 2.75 PER PCS),,,,,,,,,10561.6,KGS,502.2595544,5304664.51,6.655088836,70288.38625,1943629.1
INNSA1,2022-02-08,301049751,73239990,6862 STEEL RECTANGLE CONTAINER LARGE (QTY:20400 PCS/USD1.63PER PCS),,,,,,,,,5100.0,KGS,549.2623941,2801238.21,7.277890475,37117.24142,1026373.7
INNSA1,2022-02-08,301049751,73239990,8504 STEEL LUNCH BOX 2 LAYER(QTY:22080 PCS/USD2.75 PER PCS),,,,,,,,,10561.6,KGS,484.3221415,5115216.73,6.417412767,67778.14668,1874215.3
INNSA1,2022-02-08,301049751,73239990,6578 STEEL RECTANGLE CONTAINER BIG (QTY:37920 PCS/USD1.80 PER PCS),,,,,,,,,11202.2,KGS,513.2982602,5750069.77,6.801354978,76190.13873,2106825.6
INNSA1,2022-02-04,301049751,73239990,NP-21 STAINLESS STEEL SPORTS BOTTLE 650ML S115 (QTY:13680 PCS / USD1.140 PER PCS),,,,,,,,,2432.0,KGS,560.8412582,1363965.94,7.431313876,18072.95535,499757.1
INNSA1,2022-02-04,301049751,73239990,NP-003 STEEL ZHARA (QTY 107400 / USD 0.476 PER PCS),,,,,,,,,10024.0,KGS,434.8732961,4359169.92,5.762200823,57760.30105,1597199.9
INNSA1,2022-02-04,301049751,73239990,AM-06 - STAINLESS STEEL BOTTLE 750ML SG805 (QTY:30240 PCS/USD 1.140 PER PCS),,,,,,,,,4536.0,KGS,659.6221142,2992045.91,8.740189667,39645.50033,1096285.6
INNSA1,2022-02-04,301049751,73239990,SL-01 STAINLESS STEEL COLA BOTTLE 750ML SK750 (QTY:11124 PCS/ USD 1.300 PER PCS),,,,,,,,,2224.8,KGS,568.4940624,1264785.59,7.532715813,16758.78614,463417.4
INNSA1,2022-02-04,301049751,73239990,NP-20 STAINLESS STEEL SPORTS BOTTLE 750 ML S-308-C6 (QTY:16128 PCS USD1.113 PER PCS),,,,,,,,,2867.2,KGS,547.558088,1569958.55,7.255307911,20802.41884,575232.8
INNSA1,2022-02-04,301049751,73239990,AM-253 STEEL KITCHEN TURNER (QTY:25200 PCS/ USD 0.611 PER PCS),,,,,,,,,2450.0,KGS,531.6896367,1302639.61,7.0450462,17260.36319,477287.1
INNSA1,2022-02-04,301049751,73239990,STEEL ZHARA - NP-003 (QTY:43800 PCS/USD 0.4739 PER PCS),,,,,,,,,4088.0,KGS,458.667478,1875032.65,6.077480827,24844.74162,687012.0
INNSA1,2022-02-04,301049751,73239990,DS-25 STAINLESS STEEL GRATER WITH HANDLE (QTY:99720 PCS/USD0.2420 PER PCS),,,,,,,,,2991.6,KGS,685.2819561,2050089.5,9.080190223,27164.29707,751152.8
INNSA1,2022-02-04,301049751,73239990,NP-003 STEEL ZHARA (QTY:52440 PCS/USD 0.4761 PER PCS),,,,,,,,,4894.4,KGS,433.3478465,2120977.7,5.741988161,28103.58686,777126.2
INNSA1,2022-02-04,301049751,73239990,SL-01 STAINLESS STEEL COLABOTTLE 750ML SK750(QTY: 12204 NUMUSD 1.300PER NUM),,,,,,,,,2440.8,KGS,564.1504916,1376978.52,7.475162205,18245.37591,504525.0
INNSA1,2022-02-04,301049751,73239990,NP-55 STEEL TEA STRAINER (QTY:100800 PCS USD 0.330 PER PCS),,,,,,,,,4620.0,KGS,609.1444632,2814247.42,8.071345743,37289.61733,1031140.2
INNSA1,2022-02-04,301049751,73239990,STEEL HAND BLENDER RS-02 (QTY: 48720 PCS USD 0.4634 PER PCS),,,,,,,,,2923.2,KGS,669.6022441,1957381.28,8.872429364,25935.88552,717184.5
INNSA1,2022-02-04,301049751,73239990,NP-20 STAINLESS STEEL SPORTS BOTTLE 750 ML S-308-C6 (QTY:936PCS USD 1.113 PER PCS),,,,,,,,,166.4,KGS,543.375601,90417.7,7.19988871,1198.061481,33129.1
INNSA1,2022-02-04,301049751,73239990,STEEL ZARA - NP-003 (QTY:101880 PCS/USD 0.4761 PER PCS),,,,,,,,,9508.8,KGS,442.2558009,4205321.96,5.860021213,55721.76971,1540829.9
INNSA1,2022-02-03,301049751,73239990,KWP-1000B SS OIL POT 900ML(QTY: 27000 PCS/USD 1.65 PER PCS),,,,,,,,,6975.0,KGS,550.6945004,3841094.14,7.313339978,51010.54635,1407376.9
INNSA1,2022-01-22,301049751,73239990,NP-55 STEEL TEA STRAINER (QTY:100800 PCS/USD 0.3285 PER PCS),,,,,,,,,4620.0,KGS,591.3082121,2731843.94,7.8526987,36279.46799,1000947.7
INNSA1,2022-01-22,301049751,73239990,RS-02 STEEL HAND BLENDER (QTY:49800 PCS/USD 0.4612 PER PCS),,,,,,,,,2988.0,KGS,634.1588989,1894866.79,8.421764926,25164.2336,694279.2
INNSA1,2022-01-22,301049751,73239990,NP-003 STEEL ZHARA (QTY:198480 PCS/USD 0.4739 PER PCS),,,,,,,,,18524.8,KGS,411.591411,7624648.57,5.466021394,101256.9531,2793671.3
INNSA1,2022-01-19,301049751,73239990,KWP-600B SS OIL POT 600ML (QTY:38800 PCS/USD 1.29 PER PCS),,,,,,,,,6790.0,KGS,629.2272533,4272453.05,8.345189036,56663.83355,1565426.8
INNSA1,2022-01-19,301049751,73239990,NP-20 STAINLESS STEEL SPORTS BOTTLE 750ML S-308-C6 (QTY:20304 PCS/USD 1.113 PER PCS),,,,,,,,,3609.6,KGS,547.1768201,1975089.45,7.256987005,26194.82029,723672.8
INNSA1,2022-01-19,301049751,73239990,AM-06 STAINLESS STEEL BOTTLE 750ML SG805 (QTY:15588 NUM/USD1.140 PER NUM),,,,,,,,,2338.2,KGS,658.6929048,1540155.75,8.73598017,20426.46883,564313.1
INNSA1,2022-01-19,301049751,73239990,AM-06 STAINLESS STEEL BOTTLE 750ML SG805 (QTY:15588 NUM/USD1.140 PER NUM),,,,,,,,,2338.2,KGS,658.6929048,1540155.75,8.73598017,20426.46883,564313.1
INNSA1,2022-01-19,301049751,73239990,SL-01 STAINLESS STEEL COLA BOTTLE 750ML SK750 (QTY:14904 PCS/USD 1.300 PER PCS),,,,,,,,,2980.8,KGS,568.0982152,1693387.16,7.534459088,22458.71565,620457.0
INNSA1,2022-01-19,301049751,73239990,NP-21 STAINLESS STEELSPORTS BOTTLE 650ML S115 (QTY:4860 PCS/USD 1.140 PER PCS),,,,,,,,,864.0,KGS,560.4507407,484229.44,7.433033697,6422.141114,177421.7
INNSA1,2022-01-19,301049751,73239990,NP-21 STAINLESS STEEL SPORTS BOTTLE 650ML S115 (QTY:23580 NUM/USD 1.140 PER NUM),,,,,,,,,4192.0,KGS,555.7721398,2329796.81,7.370983286,30899.16194,853637.6
INNSA1,2022-01-19,301049751,73239990,NP-21 STAINLESS STEELSPORTS BOTTLE 650ML S115 (QTY:4860 PCS/USD 1.140 PER PCS),,,,,,,,,864.0,KGS,560.4507407,484229.44,7.433033697,6422.141114,177421.7
INNSA1,2022-01-19,301049751,73239990,SB-01 STAINLESS STEEL SPORTS BOTTLE 750ML SG-702 (QTY:5328 NUM/USD 1.205 PER NUM),,,,,,,,,843.6,KGS,659.605192,556442.94,8.74807947,7379.879841,203880.8
INNSA1,2022-01-19,301049751,73239990,NP-21 STAINLESS STEEL SPORTS BOTTLE 650ML S115 (QTY:23580 NUM/USD 1.140 PER NUM),,,,,,,,,4192.0,KGS,555.7721398,2329796.81,7.370983286,30899.16194,853637.6
INNSA1,2022-01-19,301049751,73231000,OKS-4156 STEEL SCRUBBER 6PCS SET (QTY:98000 SET/USD 0.275 PER PCS),,,,,,,,,8537.8,KGS,296.346847,2530150.11,3.930329535,33556.36751,1112254.0
INNSA1,2022-01-19,301049751,73239990,NP-20 STAINLESS STEEL SPORTS BOTTLE 750ML S-308-C6 (QTY:20304 PCS/USD 1.113 PER PCS),,,,,,,,,3609.6,KGS,547.1768201,1975089.45,7.256987005,26194.82029,723672.8
INNSA1,2022-01-19,301049751,73231000,OKS-4156 STEEL SCRUBBER 6PCS SET (QTY:98000 SET/USD 0.275 PER PCS),,,,,,,,,8537.8,KGS,296.346847,2530150.11,3.930329535,33556.36751,1112254.0
INNSA1,2022-01-19,301049751,73239990,SB-01 STAINLESS STEEL SPORTS BOTTLE 750ML SG-702 (QTY:5328 NUM/USD 1.205 PER NUM),,,,,,,,,843.6,KGS,659.605192,556442.94,8.74807947,7379.879841,203880.8
INNSA1,2022-01-19,301049751,73239990,KWP-600B SS OIL POT 600ML (QTY:38800 PCS/USD 1.29 PER PCS),,,,,,,,,6790.0,KGS,629.2272533,4272453.05,8.345189036,56663.83355,1565426.8
INNSA1,2022-01-19,301049751,73239990,SL-01 STAINLESS STEEL COLA BOTTLE 750ML SK750 (QTY:14904 PCS/USD 1.300 PER PCS),,,,,,,,,2980.8,KGS,568.0982152,1693387.16,7.534459088,22458.71565,620457.0
INNSA1,2022-01-18,301049751,73239990,2628 HOUSEHOLD STEEL HOOK 3PCS SET (QTY:167400 PCS/USD 0.445PRE PCS),,,,,,,,,5673.0,KGS,1068.739716,6062960.41,14.17426679,80410.61552,2221468.7
INNSA1,2022-01-18,301049751,73239990,2628 HOUSEHOLD STEEL HOOK 3PCS SET (QTY:167400 PCS/USD 0.445PRE PCS),,,,,,,,,5673.0,KGS,1068.739716,6062960.41,14.17426679,80410.61552,2221468.7
INNSA1,2022-01-07,301049751,73239990,NP-20 STAINLESS STEEL SPORTS BOTTLE 750 ML S-308-C6 (QTY:4068 NUM/USD 1.113 PER NUM),,,,,,,,,723.2,KGS,537.8743225,388990.71,7.133611704,5159.027984,142526.1
INNSA1,2022-01-07,301049751,73239990,SB-01 STAINLESS STEEL SPORTS BOTTLE 750ML SG-702 (QTY:42192NUM/USD 1.205 PER NUM),,,,,,,,,6680.4,KGS,653.8498189,4367978.33,8.671748261,57930.74708,1600427.3
INNSA1,2021-12-29,301049751,73239990,SM1168 STEEL HANGER WITH HOOK (QTY:57792 PCS/USD 1.35 PER PCS),,,,,,,,,10836.0,KGS,573.6070949,6215606.48,7.434959104,80565.21685,2277398.2
INNSA1,2021-12-29,301049751,73239990,RS-02 STEEL HAND BLENDER (QTY:50000 PCS/USD 0.461 PER PCS),,,,,,,,,2900.0,KGS,698.4413862,2025480.02,9.053031578,26253.79157,742135.9
INNSA1,2021-12-29,301049751,73239990,NP-55 STEEL TEA STRAINER (QTY:77544 PCS/USD 0.3285 PER PCS),,,,,,,,,3554.1,KGS,622.6673251,2213021.94,8.070866171,28684.66546,810851.2
INNSA1,2021-12-29,301049751,73231000,8001-2 STEEL SCRUBBER 2 PCS SET (QTY:164400 SET/USD 0.168 PER SET),,,,,,,,,4795.0,KGS,485.1613097,2326348.48,6.288545816,30153.57719,1022662.8
INNSA1,2021-12-29,301049751,73239990,AM-217 STEEL LEMON SQUEEZER (QTY:5100 PCS/USD 2.1327 PER PCS),,,,,,,,,1402.5,KGS,673.7507807,944935.47,8.732997806,12248.02942,346224.4
INNSA1,2021-12-29,301049751,73239990,NP-19 STEEL SALT BOTTLE (QTY:10848 PCS/USD 0.5055 PER PCS),,,,,,,,,1695.0,KGS,281.0625959,476401.1,3.6430667,6174.998056,174553.3
INNSA1,2021-12-29,301049751,73239990,KL326D-9S STAINLESS STEEL GRATER WITH HANDLE HEXA (QTY:37560PCS/USD 1.05 PER PCS),,,,,,,,,8607.5,KGS,405.1068324,3486957.06,5.25089867,45197.1103,1277621.0
INNSA1,2021-12-29,301049751,73231000,8001-2STEEL SCRUBBER 2 PCS SET (QTY:164400 SET/USD 0.168 PERSET),,,,,,,,,4823.0,KGS,482.3446797,2326348.39,6.252037325,30153.57602,1022662.8
INNSA1,2021-12-28,301049751,73239990,RYX-02-021A MILD STEEL MULTI FUNCTION CLOTH STAND (QTY:3888NUS/USD 9.40 PER NUM),,,,,,,,,14256.0,KGS,285.7386911,4073490.78,3.703677136,52799.62126,1492527.1
INNSA1,2021-12-28,301049751,73239990,RYX-02-020 MILD STEEL MULTI FUNCTION CLOTH STAND (QTY:2464 NUM/USD 15.30 PER NUM),,,,,,,,,8008.0,KGS,524.7117907,4201892.02,6.801189769,54463.92767,1539573.2
INNSA1,2021-12-23,301049751,73239990,AM-253 STEEL KITCHEN TURNER (QTY:25236 SET/USD 0.6082 PER SET),,,,,,,,,2453.5,KGS,544.3990422,1335683.05,7.056371253,17312.80687,489394.3
INNSA1,2021-12-14,301049751,73231000,SS410 SS SCRUBBER 3 PCS SET (QTY:123600 SET/USD 0.195 PER SET),,,,,,,,,7931.0,KGS,293.8736313,2330711.77,3.87185285,30707.66495,1024580.9
INNSA1,2021-12-08,301049751,73231000,8001-2 STEEL SCRUBBER 2 PCS SET (QTY:165360 SET/USD 0.168 PER SET),,,,,,,,,4823.0,KGS,477.0702115,2300909.63,6.285510033,30315.01489,1011479.9
INNSA1,2021-12-07,301049751,73239990,NP-19 STEEL SALT BOTTLE (QTY:39792 PCS/USD 0.5039 PER PCS),,,,,,,,,6217.5,KGS,273.2852336,1699150.94,3.600595963,22386.7054,622568.9
INNSA1,2021-12-07,301049751,73239990,NP-003 STEEL ZHARA (QTY:3120 PCS/USD 0.472 PER PCS),,,,,,,,,291.2,KGS,433.6225618,126270.89,5.713077231,1663.64809,46265.7
INNSA1,2021-12-07,301049751,73239990,SB-12 STEEL TEA STRAINER BIG (QTY:30000 PCS/USD 1.220 PER PCS),,,,,,,,,7125.0,KGS,440.4563228,3138251.3,5.803113607,41347.18445,1149855.3
INNSA1,2021-12-07,301049751,73239990,NP-003 STEEL ZHARA (QTY:192480 PCS/USD0.4724 PER PCS),,,,,,,,,17964.8,KGS,428.908741,7705259.75,5.650971554,101518.5738,2823207.2
INNSA1,2021-12-07,301049751,73231000,OKS-4156 STEEL SCRUBBER 6PCS SET(QTY 98000 SET / USD 0.275 PER SET),,,,,,,,,8537.8,KGS,296.5336632,2531745.11,3.906899384,33356.32556,1112955.1
INNSA1,2021-12-04,301049751,73239990,2628 HOUSEHOLD STEEL HOOK 3PCS SET(QTY:166464 PKT /USD 0.445PER PKT),,,,,,,,,5641.28,KGS,1076.269045,6071535.04,14.18009282,79993.87404,2224610.4
INNSA1,2021-11-28,301049751,73239990,DS-25 - STAINLESS STEEL GRATER WITH HANDLE (QTY: 100200 PCSUSD 0.2389 PER PCS),,,,,,,,,3340.0,KGS,597.0276527,1994072.36,7.949769011,26552.2285,730628.1
INNSA1,2021-11-27,301049751,73239990,STEEL HAND BLENDER RS-02 (QTY.50000 PCS/USD 0.4591 PER PCS),,,,,,,,,3000.0,KGS,619.23315,1857699.45,8.245448069,24736.34421,680661.1
INNSA1,2021-11-27,301049751,73239990,STEEL TEA STRAINER NP-55 (QTY:75600 PCS/ USD 0.3270 PER PCS),,,,,,,,,3465.0,KGS,577.3835671,2000634.06,7.688196632,26639.60133,733032.3
INNSA1,2021-11-23,301049751,73239990,KWP-1000B SS OIL POT 900ML (QTY:27000 PCS UNIT PRICE 1.65 USD PER PCS),,,,,,,,,6975.0,KGS,551.3855398,3845914.14,7.34201784,51210.57443,1409142.9
INNSA1,2021-11-20,301049751,73239990,STAINLESS STEEL GRATER WITH HANDLE - KL324H-9S (QTY - 59040 PCS/USD 0.74 PER PCS),,,,,,,,,9840.0,KGS,377.7894268,3717447.96,5.030485044,49499.97284,1362073.0
INNSA1,2021-11-08,301049751,73239990,STEEL KITCHEN TURNER ITEM NO-AM-253 (QTY:40644 PCS/ USD 0.595 PER PCS),,,,,,,,,3951.5,KGS,506.9444085,2003190.83,6.710051733,26514.76942,733969.1
INNSA1,2021-11-01,301049751,73239990,STEEL ROUND CONTAINER MEDIUM - 6581 (QTY 2064 PCS /USD 0.92 PER PCS),,,,,,,,,255.42,KGS,672.695482,171819.88,8.87461058,2266.753034,62954.8
INNSA1,2021-11-01,301049751,73239990,STEEL LUNCH BOX 2 LAYER - 8504 (QTY 19260 PCS /USD 2.49 PER PCS),,,,,,,,,9212.7,KGS,471.0257134,4339418.59,6.214059544,57248.26636,1589963.0
INNSA1,2021-10-28,301049751,73239990,STAINLESS STEEL SPORTS BOTTLE - KWB-600F (QTY 50400 PCS / USD 0.99 PER PCS),,,,,,,,,7560.0,KGS,525.7446032,3974629.2,6.935944633,52435.74142,1456304.1
INNSA1,2021-10-26,301049751,73231000,SS SCRUBBER 3 PCS SET - SS410 (QTY- 120000 SET/USD 0.19 PER SET),,,,,,,,,7700.0,KGS,298.3306532,2297146.03,3.935760597,30305.3566,1009825.4
INNSA1,2021-10-20,301049751,73239990,STEEL TEA STRAINER BIG -SB-12 (QTY:600 PCS USD 1.207 PER PCS),,,,,,,,,142.5,KGS,409.1124211,58298.52,5.404391295,770.1257596,21360.6
INNSA1,2021-10-20,301049751,73239990,STAINLESS STEEL GRATER WITH HANDLE DS-25 (QTY:100200 PCS USD 0.2274 PER PCS),,,,,,,,,3340.0,KGS,561.0326976,1873849.21,7.411264169,24753.62232,686578.3
INNSA1,2021-10-19,301049751,73239990,STEEL TEA STRAINER BIG SB-12 (QTY:24384 PCS USD 1.207 PER PCS),,,,,,,,,5791.2,KGS,414.9579569,2403104.52,5.481611055,31745.10594,880497.5
INNSA1,2021-09-21,301049751,73231000,STEEL SCRUBBER 6PCS SET - OKS-4156 (QTY 98000 SET / USD 0.275 PER SET),,,,,,,,,8537.8,KGS,256.7326583,2191932.09,3.450707773,29461.45282,963573.3
INNSA1,2021-09-16,301049751,73239990,STEEL HANGER WITH HOOK SL-89 (QTY 70056 PCS / USD 1.12 PER PCS),,,,,,,,,15568.0,KGS,400.8235573,6240021.14,5.420196853,84381.62461,2286343.7
INNSA1,2021-09-11,301049751,73239990,STEEL HAND BLENDER RS-02 (QTY:80720 PCS USD 0.4534 PER PCS),,,,,,,,,4843.2,KGS,606.3599025,2936722.28,8.199593003,39712.26883,1076015.0
INNSA1,2021-09-11,301049751,73239990,STEEL TEA STRAINER BIG-SB-12 (QTY:25104 PCS USD 1.2034 PER PCS),,,,,,,,,5962.2,KGS,397.4067207,2369418.35,5.373992166,32040.81609,868155.0
INNSA1,2021-09-11,301049751,73239990,STEEL TEA STRAINER BIG SB-12 (QTY:8400 PCS USD 1.2034 PER PCS),,,,,,,,,1995.0,KGS,406.5805063,811128.11,5.498046062,10968.60189,297197.4
INNSA1,2021-09-11,301049751,73239990,STEEL TEA STRAINER NP-55 (QTY:100800 PCS USD 0.3229 PER PCS),,,,,,,,,4620.0,KGS,552.5549242,2552803.75,7.472007089,34520.67275,935347.3
INNSA1,2021-09-11,301049751,73239990,STEEL ZHARA-NP003 (QTY:252000 PCS USD 0.4658 PER PCS),,,,,,,,,23520.0,KGS,391.4276756,9206378.93,5.293139629,124494.6441,3373217.3
INNSA1,2021-09-10,301049751,73231000,SS SCRUBBER 3 PCS SET - SS410 (QTY- 120120 SET/USD 0.19 PER SET),,,,,,,,,7507.5,KGS,269.1878868,2020928.06,3.640133695,27328.30372,888400.0
INNSA1,2021-08-27,301049751,73239990,STEEL SALT BOTTLE - NP-19 (QTY:29712 PCS/USD 0.4984 PER PCS),,,,,,,,,4642.5,KGS,257.9022186322025,1197311.05,3.429550779683544,15921.68949468085,438694.7
INNSA1,2021-08-27,301049751,73239990,NP-21 STAINLESS STEEL SPORTS BOTTLE 650ML S115 (QTY : 7956 PCS/USD 1.110 PER PCS),,,,,,,,,1414.4,KGS,502.722433540724,711050.61,6.685138743892606,9455.460239361702,260528.9
INNSA1,2021-08-27,301049751,73239990,STEEL HAND BLENDER - RS-02 (QTY:19280 PCS/USD 0.4548 PER PCS),,,,,,,,,1156.8,KGS,612.8668136237898,708964.33,8.149824649252523,9427.71715425532,259764.6
INNSA1,2021-08-27,301049751,73239990,STEEL TEA STRAINER - NP-55 (QTY:50400 PCS/USD 0.3239 PER PCS),,,,,,,,,2310.0,KGS,568.5403116883117,1313328.12,7.560376485216911,17464.46968085106,481203.4
INNSA1,2021-08-27,301049751,73239990,SL-01 - STAINLESS STEEL COLA BOTTLE 750ML SK750 (QTY:24408 PCS/USD 1.245 PER PCS),,,,,,,,,4881.6,KGS,501.2127581120944,2446720.2,6.665063272767212,32536.17287234043,896478.2
INNSA1,2021-08-27,301049751,73239990,STEEL SALT BOTTLE - NP-19 (QTY:17136 PCS/USD 0.4984 PER PCS),,,,,,,,,2677.5,KGS,256.6194883286648,687098.68,3.412493195859904,9136.950531914894,251753.0
INNSA1,2021-08-27,301049751,73239990,STEEL TEA STRAINER BIG - SB-12 (QTY:15600 PCS/USD 1.2071 PER PCS),,,,,,,,,3705.0,KGS,410.9383562753037,1522526.61,5.464605801533293,20246.36449468085,557853.7
INNSA1,2021-08-27,301049751,73239990,STEEL ZARA - NP-003 (QTY:63600 PCS/USD 0.4563 PER PCS),,,,,,,,,5936.0,KGS,393.3195131401617,2334744.63,5.230312674736193,31047.13603723404,855450.4
INNSA1,2021-08-27,301049751,73239990,KWP-600B SS OIL POT 600ML(QTY: 16680 PCS/USD 1.25 PER PCS),,,,,,,,,2895.0,KGS,609.2615233160623,1763812.11,8.10188195899019,23454.9482712766,646260.7
INNSA1,2021-08-27,301049751,73239990,STEEL TEA STRAINER - NP-55 (QTY:50400 PCS/USD 0.3239 PER PCS),,,,,,,,,2310.0,KGS,571.3820173160173,1319892.46,7.598165123883207,17551.76143617021,483608.6
INNSA1,2021-08-27,301049751,73239990,SB-01 - STAINLESS STEEL SPORTS BOTTLE 750ML SG-702 (QTY:9072 PCS/USD 1.150 PER PCS),,,,,,,,,1436.4,KGS,584.8011974380395,840008.44,7.776611668059036,11170.325,307779.1
INNSA1,2021-08-27,301049751,73239990,STEEL ZHARA - NP-003 (QTY:156000 PCS/USD 0.4672 PER PCS),,,,,,,,,14560.0,KGS,406.5014141483516,5918660.59,5.405603911547229,78705.59295212766,2168597.2
INNSA1,2021-08-27,301049751,73239990,STEEL HAND BLENDER - RS-02 (QTY:69200 PCS/USD 0.4548 PER PCS),,,,,,,,,4152.0,KGS,609.8190245664739,2531968.59,8.10929553944779,33669.79507978723,927713.3
INNSA1,2021-08-27,301049751,73239990,STEEL TEA STRAINER BIG - SB-12 (QTY:26400 PCS/USD 1.2071 PER PCS),,,,,,,,,6270.0,KGS,408.8945964912281,2563769.12,5.43742814483016,34092.6744680851,939365.0
INNSA1,2021-08-23,301049751,73239990,KWP-1000B SS OIL POT 900ML(QTY: 27000 PCS/USD 1.42 PER PCS),,,,,,,,,6975.0,KGS,449.0338193548387,3132010.89,5.971194406314345,41649.08098404255,1147568.8
INNSA1,2021-08-03,301049751,73231000,STEEL SCRUBBER 6PCS SET - OKS-4156 (QTY 98000 SET / USD 0.275 PER SET),,,,,,,,,8537.8,KGS,260.1826102743095,2221387.09,3.450697748996147,29461.36724137931,976521.7
INNSA1,2021-07-26,301049751,73231000,STEEL SCRUBBER 6PCS SET - OKS-4156 (QTY 98000 SET / USD 0.275 SET),,,,,,,,,8537.8,KGS,265.0518388812106,2262959.59,3.515276377734889,30012.72665782493,994797.0
INNSA1,2021-07-22,301049751,73239990,STEEL LUNCH BOX 3 LAYER - 8505 (QTY 33600 PCS / USD 3.45 PER PCS),,,,,,,,,21784.0,KGS,424.819838872567,9254275.37,5.634215369662692,122735.7476127321,3390766.5
INNSA1,2021-07-22,301049751,73239990,STEEL LUNCH BOX - 6561 (QTY 21240 PCS / USD 2.54 PER PCS),,,,,,,,,8094.8,KGS,532.0667626130355,4306974.03,7.056588363568109,57121.67148541114,1578075.3
INNSA1,2021-07-22,301049751,73239990,STEEL LUNCH BOX 2 LAYER - 8504 (QTY 23676 PCS / USD 2.49 PER PCS),,,,,,,,,11325.02,KGS,415.5781773453821,4706431.17,5.511646914394988,62419.51153846153,1724436.3
INNSA1,2021-07-21,301049751,73239990,STEEL ZARA - NP-003 (QTY 180000 / USD 0.4563 PER PCS),,,,,,,,,16800.0,KGS,391.9686208333333,6585072.83,5.198522822723254,87335.18342175065,2412770.8
INNSA1,2021-07-21,301049751,73239990,STAINLESS STEEL SPORTS BOTTLE - KWB-600F (QTY 50400 PCS / USD 0.99 PER PCS),,,,,,,,,7560.0,KGS,530.6704232804233,4011868.4,7.03806927427617,53207.80371352784,1469948.6
INNSA1,2021-07-21,301049751,73239990,STEEL TOWEL HANGER - AM-280 (QTY 720 PCS / USD 0.826 PER PCS),,,,,,,,,90.0,KGS,541.6734444444445,48750.61,7.183997936928972,646.5598143236074,17862.2
INNSA1,2021-07-21,301049751,73239990,STEEL TEA STRAINER - NP-55 (QTY 100800 PCS / USD 0.3239 PER PCS),,,,,,,,,4620.0,KGS,566.5876038961039,2617634.73,7.514424454855489,34716.64098143236,959101.3
INNSA1,2021-07-21,301049751,73239990,STEEL HAND BLENDER - RS-02 (QTY 50000 PCS / USD 0.4548 PER PCS),,,,,,,,,3000.0,KGS,607.7245433333333,1823173.63,8.060007206012378,24180.02161803713,668010.8
INNSA1,2021-07-21,301049751,73239990,MILD STEEL MULTI FUNCTION CLOTH STAND - RYX-02-021A(QTY : 6480 NUM USD 8.85 PER NUM),,,,,,,,,23760.0,KGS,236.7723308080808,5625710.58,3.140216588966589,74611.54615384615,2061260.3
INNSA1,2021-07-21,301049751,73239990,STEEL SALT BOTTLE - NP-19 (QTY 26256 PCS / USD 0.4984 PER PCS),,,,,,,,,4102.5,KGS,255.7381840341255,1049165.9,3.391753103900868,13914.66710875331,384414.4
INNSA1,2021-07-19,301049751,73239990,STAINLESS STEEL COLA BOTTLE 750ML SK750 SL-01 (QTY 10476 PCS / USD 1.245 PER PCS),,,,,,,,,2095.2,KGS,502.4950649102711,1052827.66,6.66439078130333,13963.23156498674,385756.1
INNSA1,2021-07-19,301049751,73239990,STAINLESS STEEL SPORTS BOTTLE 650ML S115 NP-21 (QTY 43200 PCS / USD 1.110 PER PCS),,,,,,,,,7680.0,KGS,504.0086028645833,3870786.07,6.684464228973253,51336.68527851458,1418256.0
INNSA1,2021-07-19,301049751,73239990,STAINLESS STEEL SPORTS BOTTLE 750ML SG-702 SB-01 (QTY 22968 PCS / USD 1.150 PER PCS),,,,,,,,,3636.6,KGS,586.2973574217676,2132128.97,7.775827021508854,28277.5725464191,781212.1
INNSA1,2021-07-19,301049751,73239990,STAINLESS STEEL BOTTLE 750ML SG805 AM-06 (QTY 10908 PCS / USD 1.110 PER PCS),,,,,,,,,1636.2,KGS,597.3435276861019,977373.48,7.922327953396576,12962.51299734748,358109.7
INNSA1,2021-07-12,301049751,73239990,STEEL SALT BOTTLE ITEM NO-NP-19(QTY:31680 PCS USD 0.498 PER PCS),,,,,,,,,4950.0,KGS,255.4479737373737,1264467.47,3.392403369686238,16792.39667994688,463300.8
INNSA1,2021-07-09,301049751,73239990,HOUSEHOLD STEEL HOOK 3 PCS SET -2628 (QTY : 19584 SET/USD 0.445 PER SET),,,,,,,,,663.68,KGS,1014.719021215043,673448.72,13.47568421268318,8943.542098273572,246751.6
INNSA1,2021-07-07,301049751,73239990,MILD STEEL MULTI FUNCTION CLOTH STAND RYX-02-020 (QTY 2464 PCS / USD 14.20 PER PCS),,,,,,,,,8008.0,KGS,395.8428833666334,3169909.81,5.25687760115051,42097.07583001328,1161455.0
INNSA1,2021-06-29,301049751,73239990,STEEL ZHARA - NP-003 (QTY:60000 PCS USD 0.4606 PER PCS),,,,,,,,,5600.0,KGS,389.1574946428572,2179281.97,5.22008711794577,29232.48786049632,798488.9
INNSA1,2021-06-28,301049751,73239990,MILD STEEL MULTI FUNCTION CLOTH STAND RYX-02-021A (QTY 6480 PCS / USD 8.85 PER PCS),,,,,,,,,23760.0,KGS,235.6724444444445,5599577.28,3.161266860421791,75111.70060362174,2051685.1
INNSA1,2021-06-23,301049751,73239990,STEEL SALT BOTTLE ITEM NO-NP-19 (QTY:48528 PCSUSD 0.5047 PER PCS),,,,,,,,,7582.5,KGS,260.1883244312562,1972877.97,3.490118369299211,26463.82253521127,722862.5
INNSA1,2021-06-23,301049751,73239990,STEEL HAND BLENDER ITEM NO-RS-02 (QTY:11600 PCS USD 0.4605 PER PCS),,,,,,,,,696.0,KGS,618.2340373563219,430290.89,8.292877764672326,5771.842924211939,157658.6
INNSA1,2021-06-23,301049751,73239990,STAINLESS STEEL GRATER WITH HANDLE - KL324H-9S (MILD STEEL) (QTY - 58284 PCS/USD 0.67 PER PCS),,,,,,,,,9714.0,KGS,323.3617068149063,3141135.62,4.337514511266349,42134.61596244132,1150912.1
INNSA1,2021-06-18,301049751,73239990,NP-21 STAINLESS STEEL SPORTS BOTTLE 650ML S115 (QTY : 25776 PCS/USD 1.11 PER PCS),,,,,,,,,4582.4,KGS,502.7609156773744,2303851.62,6.743942530883627,30903.44225352113,844131.2
INNSA1,2021-06-18,301049751,73239990,SB-01 - STAINLESS STEEL SPORTS BOTTLE 750ML SG-702 (QTY:45936 PCS/USD 1.15 PER PCS),,,,,,,,,7273.2,KGS,584.8459605125666,4253701.64,7.845016237593114,57058.37209926224,1558556.2
INNSA1,2021-06-18,301049751,73239990,AM-06 - STAINLESS STEEL BOTTLE 750ML SG805 (QTY:18864 PCS/USD 1.11 PER PCS),,,,,,,,,2829.6,KGS,595.8647900763359,1686059.01,7.992820792439113,22616.48571428571,617772.0
INNSA1,2021-06-16,301049751,73239990,STEEL LUNCH BOX ITEM NO-6561 (QTY:21240 PCS USD 2.54 PER PCS),,,,,,,,,8094.8,KGS,525.6576110589515,4255093.23,7.108284125205564,57540.138336714,1559066.2
INNSA1,2021-06-16,301049751,73239990,STEEL ROUND CONTAINER MEDIUM ITEM NO-6581 (QTY:85656 PCS USD 0.92 PER PCS),,,,,,,,,10599.93,KGS,586.3588004826447,6215362.24,7.9291250910432,84048.17092630155,2277308.6
INNSA1,2021-06-16,301049751,73239990,STEEL ROUND CONTAINER ITEM NO-6856 (QTY:51648 PCS USD 0.61 PER PCS),,,,,,,,,4304.0,KGS,577.3403810408922,2484873.0,7.807172157415716,33602.06896551724,910457.5
INNSA1,2021-06-16,301049751,73239990,STEEL RECTANGLE CONTAINER ITEM NO-6901 (QTY:55200 PCS USD 0.99 PER PCS),,,,,,,,,8970.0,KGS,480.5103032329989,4310177.42,6.49777286319133,58285.02258282624,1579249.0
INNSA1,2021-06-15,301049751,73239990,STEEL LEMON SQUEEZER -AM-217 (QTY:5040 PCS USD 2.1360 PER PCS),,,,,,,,,1386.0,KGS,610.0127272727273,845477.64,8.248988874546683,11433.0985801217,309783.0
INNSA1,2021-06-15,301049751,73239990,STAINLESS STEEL GRATER WITH HANDLE DS-25 (QTY:21240 PCS USD 0.2310 PER PCS),,,,,,,,,708.0,KGS,544.2564124293785,385333.54,7.359789214731285,5210.730764029749,141186.2
INNSA1,2021-06-15,301049751,73231000,STEEL SCRUBBER 2 PCS SET -8001-2 (QTY- 165360 SET/USD 0.168 PER SET),,,,,,,,,4823.0,KGS,463.3901617250674,2234930.75,6.266263174105036,30222.18728870858,982475.6
INNSA1,2021-06-15,301049751,73239990,NP-21 - STAINLESS STEEL SPORTS BOTTLE 650ML S115 (QTY:16128 PCS/USD 1.110 PER PCS),,,,,,,,,2867.2,KGS,494.2478864397322,1417107.54,6.68354139877934,19163.04989858012,519228.2
INNSA1,2021-06-15,301049751,73239990,STEEL HAND BLENDER RS-02 (QTY:38400 PCS USD 0.4620 PER PCS),,,,,,,,,2304.0,KGS,604.729353298611,1393296.43,8.177543655153631,18841.06058147397,510503.8
INNSA1,2021-06-15,301049751,73239990,SL-01 - STAINLESS STEEL COLA BOTTLE 750ML SK750 (QTY:24588 PCS/USD 1.245 PER PCS),,,,,,,,,4917.6,KGS,492.7636591020009,2423214.57,6.663470711318471,32768.28356997971,887865.8
INNSA1,2021-06-15,301049751,73239990,STEEL ZHARA ITEM NO-NP-003 (QTY:150000 PCS USD 0.4636 PER PCS),,,,,,,,,14000.0,KGS,390.1009321428571,5461413.05,5.275198541485559,73852.77958079783,2001061.8
INNSA1,2021-06-15,301049751,73239990,STEEL TEA STRAINER NP-55 (QTY:50400 PCS USD 0.3291 PER PCS),,,,,,,,,2310.0,KGS,563.9190779220779,1302653.07,7.625680566897605,17615.32210953347,477292.1
INNSA1,2021-06-15,301049751,73239990,STEEL SALT BOTTLE NP-19 (QTY:40224 PCS USD 0.5063 PER PCS),,,,,,,,,6285.0,KGS,254.4826778042959,1599423.63,3.441280294851872,21628.44665314401,586028.8
INNSA1,2021-06-14,301049751,73231000,STEEL SCRUBBER 2 PCS SET - 8001-2 (QTY- 165840 SET/USD 0.168 PER SET),,,,,,,,,4837.0,KGS,463.2820074426297,2240895.07,6.264800641550098,30302.84070317782,985097.5
INNSA1,2021-06-12,301049751,73239990,HOUSEHOLD STEEL HOOK 3 PCS SET -2628 (QTY : 147600 SET/USD 0.445 PER SET),,,,,,,,,5002.0,KGS,1004.531041583367,5024664.27,13.58392213094478,67946.77849898579,1841037.1
INNSA1,2021-06-10,301049751,73239990,FAMILY CLOTH RACK 3 LAYERS 03-027I (MADE UP OF MILD STEEL)(QTY:3648 PCS/ RMB 80.10 PER PCS),,,,,,,,,20976.0,KGS,187.0042896643783,3922601.98,2.528793639815799,53043.9753887762,1437241.3
INNSA1,2021-06-09,301049751,73239990,SS OIL POT 900ML - KWP-1000B (QTY: 27000 PCS/USD 1.42PER PCS),,,,,,,,,6975.0,KGS,441.5714537634409,3079960.89,5.971216413298727,41649.23448275862,1128497.7
INNSA1,2021-06-09,301049751,73239990,MILD STEEL MULTI FUNCTION CLOTH STAND - RYX-02-020 (QTY :2464 NUM USD 14.20 PER NUM),,,,,,,,,8008.0,KGS,387.8240409590409,3105694.92,5.244408937918065,41997.22677484787,1137926.6
INNSA1,2021-06-09,301049751,73231000,STEEL SCRUBBER 2 PCS SET -8001-2 (QTY- 165720 SET/USD 0.151 PER SET),,,,,,,,,4833.5,KGS,427.1018620047585,2064396.85,5.775549181943995,27916.1169709263,907508.9
INNSA1,2021-06-09,301049751,73239990,STEEL KITCHEN TURNER ITEM NO-AM-253 (QTY:40320 PCS USD 0.5906 PER PCS),,,,,,,,,3696.0,KGS,508.3420075757576,1878832.06,6.874131272153584,25406.78918187965,688404.0
INNSA1,2021-06-09,301049751,73239990,STEEL HANGER WITH HOOK -SM1168 (QTY:57480 PCS USD 1.21 PER PCS),,,,,,,,,10777.5,KGS,494.0467297610763,5324588.63,6.680821227330307,72002.5507775524,1950929.3
INNSA1,2021-06-09,301049751,73239990,STEEL KITCHEN CADDLE ITEM NO-AM-254 (QTY:20160 PCS USD 0.5906 PER PCS),,,,,,,,,1792.0,KGS,524.2278627232142,939416.33,7.088950138244952,12703.39864773496,344202.2
INNSA1,2021-06-05,301049751,73239990,FAMILY CLOTH RACK 3 LAYERS 03-027I (MADE UP OF MILD STEEL)(QTY:1824 PCS/ RMB 80.10 PER PCS),,,,,,,,,10488.0,KGS,187.0039082761251,1961296.99,2.528788482435769,26521.93360378634,718619.2
INNSA1,2021-06-02,301049751,73231000,SS SCRUBBER 3 PCS SET - SS410 (QTY- 123480 SET/USD 0.193 PER SET),,,,,,,,,7717.5,KGS,262.4813113054745,2025699.52,3.542257912354583,27337.37543859649,890497.5
INNSA1,2021-05-31,301049751,73239990,SS OIL POT 600ML - KWP-600B (QTY: 16200 PCS/USD 1.20 PER PCS),,,,,,,,,2835.0,KGS ,557.8980705467372,1581641.03,7.528988806298749,21344.68326585695,579513.3
INNSA1,2021-05-28,301049751,73239990,NP-003 - STEEL ZHARA (QTY:60000 PCS/USD 0.4585 PER PCS),,,,,,,,,5600.0,KGS ,389.7658482142857,2182688.75,5.259997951609794,29455.98852901485,799737.1
INNSA1,2021-05-28,301049751,73239990,DS-25 - STAINLESS STEEL GRATER WITH HANDLE (QTY:80760 PCS USD 0.2362 PER PCS),,,,,,,,,2692.0,KGS ,562.2148402674592,1513482.35,7.587244807927925,20424.86302294197,554539.9
INNSA1,2021-05-28,301049751,73239990,RS-02 - STEEL HAND BLENDER (QTY:50000 PCS/USD 0.4569 PER PCS),,,,,,,,,3000.0,KGS ,604.1866533333333,1812559.96,8.15366603688709,24460.99811066127,664122.0
INNSA1,2021-05-27,301049751,73239990,NP-20 - STAINLESS STEEL SPORTS BOTTLE 750ML S-308-C6 (QTY:4860 PCS/USD 1.060 PER PCS),,,,,,,,,864.0,KGS ,477.5906134259259,412638.29,6.445217455140701,5568.667881241566,151190.8
INNSA1,2021-05-27,301049751,73239990,SB-01 - STAINLESS STEEL SPORTS BOTTLE 750ML SG-702 (QTY:17964 PCS/USD 1.130 PER PCS),,,,,,,,,2844.3,KGS ,571.6542945540203,1625956.31,7.714632854980032,21942.73022941971,595750.4
INNSA1,2021-05-27,301049751,73239990,MP-202 - STAINLESS STEEL SPORTS BOTTLE KOOU 750ML (QTY:21096 PCS/USD 1.142 PER PCS),,,,,,,,,3809.0,KGS ,506.6203491730113,1929716.91,6.836981770216077,26042.06356275304,707048.3
INNSA1,2021-05-27,301049751,73239990,NP-21 - STAINLESS STEEL SPORTS BOTTLE 650ML S115 (QTY:43164 PCS/USD 1.110 PER PCS),,,,,,,,,7673.6,KGS ,500.1184698185988,3837709.09,6.749237109562737,51790.94588394062,1406136.6
INNSA1,2021-05-25,301049751,73239990,MILD STEEL MULTI FUNCTION CLOTH STAND - RYX-02-021A(QTY :10368 NUM USD 8.85 PER NUM),,,,,,,,,38016.0,KGS ,226.6315214646465,8615623.92,3.058455080494554,116270.228340081,3156764.6
INNSA1,2021-05-25,301049751,73239990,MILD STEEL MULTI FUNCTION CLOTH STAND - RYX-02-020 (QTY :3696 NUM /USD 14.20 PER NUM),,,,,,,,,12012.0,KGS ,410.254681984682,4927979.24,5.536500431642133,66504.4431848853,1805611.6
INNSA1,2021-05-22,301049751,73239990,STEEL LUNCH BOX SMALL - 6587 (QTY:5040 PCS/USD1.45 PER PCS),,,,,,,,,1022.7,KGS ,559.1405593038037,571833.05,7.545756535813815,7717.045209176789,209519.7
INNSA1,2021-05-22,301049751,73239990,STEEL LUNCH BOX 3LAYER - 8505 (QTY:16800 PCS/USD3.45 PER PCS),,,,,,,,,10892.0,KGS ,416.3815277267719,4535227.6,5.619183909942942,61204.15114709851,1661707.4
INNSA1,2021-05-22,301049751,73239990,STEEL LUNCH BOX 2 LAYER - 8504 (QTY:21264 PCS/USD2.49 PER PCS),,,,,,,,,10171.28,KGS ,407.3234361850229,4143000.72,5.496942458637286,55910.94089068827,1517995.4
INNSA1,2021-05-22,301049751,73239990,STEEL RECTANGLE CONTAINER BIG - 6578 (QTY:37920 PCS/USD1.66 PER PCS),,,,,,,,,11202.2,KGS ,439.6871659138383,4925463.57,5.933699944856119,66470.49352226722,1804689.9
INNSA1,2021-05-22,301049751,73239990,STEEL RECTANGLE CONTAINER LARGE - 6862 (QTY:20400 PCS/USD1.48 PER PCS),,,,,,,,,5100.0,KGS ,463.2254352941177,2362449.72,6.251355402079861,31881.91255060729,865601.5
INNSA1,2021-05-15,301049751,73239990,NP-21 STAINLESS STEEL SPORTS BOTTLE 650ML S115 (QTY:7524 PCS USD 1.11 PER PCS),,,,,,,,,1337.6,KGS ,509.0446471291866,680898.12,6.809961834504168,9109.004949832775,249481.1
INNSA1,2021-05-15,301049751,73239990,SB-01 STAINLESS STEEL SPORTS BOTTLE 750ML SG-702 (QTY:11340 PCS USD 1.13 PER PCS),,,,,,,,,1795.5,KGS ,581.857254246728,1044724.7,7.784043535073284,13976.25016722408,382787.1
INNSA1,2021-05-15,301049751,73239990,NP-20 STAINLESS STEEL SPORTS BOTTLE 750 ML S-308-C6 (QTY:24228 PCS USD 1.06 PER PCS),,,,,,,,,4307.2,KGS ,486.1147125742942,2093793.29,6.503206857181194,28010.61257525084,767165.9
INNSA1,2021-05-14,301049751,73239990,NP-55 STEEL TEA STRAINER (QTY:20160 PCS USD 0.3224 PER PCS),,,,,,,,,924.0,KGS ,578.1259199134199,534188.35,7.734126018908627,7146.332441471572,195726.7
INNSA1,2021-05-14,301049751,73239990,RS-02 STEEL HAND BLENDER (QTY:9360 PCS USD 0.4527 PER PCS),,,,,,,,,561.6,KGS ,620.109188034188,348253.32,8.295775090758369,4658.9072909699,127600.1
INNSA1,2021-05-12,301049751,73239990,FAMILY CLOTH RACK 3 LAYERS 03-027I (MADE UP OF MILD STEEL)(QTY:1824 PCS/ RMB 80.10 PER PCS),,,,,,,,,10488.0,KGS ,184.2580205949657,1932498.12,2.46499024207312,25852.81765886288,708067.3
INNSA1,2021-05-07,301049751,73239990,STAINLESS STEEL BOTTLE 750ML SG805 AM-06 (QTY: 6048 NUM USD 1.110 PER NUM),,,,,,,,,907.2,KGS ,596.8539131393297,541465.87,7.984667734305415,7243.690568561873,198393.1
INNSA1,2021-05-07,301049751,73239990,STAINLESS STEEL COLA BOTTLE 750ML SK750 SL-01 (QTY: 18000 NUM USD 1.245 PER NUM),,,,,,,,,3600.0,KGS ,502.0831888888889,1807499.48,6.716831958379784,24180.59505016722,662267.8
INNSA1,2021-05-07,301049751,73239990,STAINLESS STEEL GRATER WITH HANDLE - KL324H-9S (MILD STEEL) (QTY - 58464 PCS/USD 0.67 PER PCS),,,,,,,,,9744.0,KGS ,322.0466215106732,3138022.28,4.308316006831749,41980.23117056856,1149771.4
INNSA1,2021-05-07,301049751,73239990,STAINLESS STEEL SPORTS BOTTLE 750ML SG-702 SB-01 (QTY: 19404 NUM USD 1.130 PER NUM),,,,,,,,,3072.3,KGS ,575.6286560557237,1768503.92,7.700717806765534,23658.91531772575,647979.9
INNSA1,2021-05-06,301049751,73239990,STAINLESS STEEL SPORTS BOTTLE 650ML S115 NP-21 (QTY: 7452 NUM USD 1.110 PER NUM),,,,,,,,,1324.8,KGS ,516.2532759661835,683932.34,6.779425817021451,8981.383322390018,250592.8
INNSA1,2021-05-06,301049751,73239990,STAINLESS STEEL SPORTS BOTTLE 750ML S-308-C6 (QTY: 11772 NUM USD 1.060 PER NUM),,,,,,,,,2092.8,KGS ,492.9986190749235,1031747.51,6.474046212408712,13548.88391332895,378032.3
INNSA1,2021-05-06,301049751,73239990,STAINLESS STEEL SPORTS BOTTLE KOOU 750ML MP-202 (QTY: 21384 NUM USD 1.142 PER NUM),,,,,,,,,3861.0,KGS ,522.9649987049987,2019167.86,6.86756400137884,26515.6646093237,739823.2
INNSA1,2021-05-06,301049751,73239990,STAINLESS STEEL SPORTS BOTTLE 750ML SG-702 SB-01 (QTY: 18000 NUM USD 1.130 PER NUM),,,,,,,,,2850.0,KGS ,590.0969824561403,1681776.4,7.749139625162708,22085.04793171372,616202.9
INNSA1,2021-05-06,301049751,73239990,STAINLESS STEEL BOTTLE 750ML SG805 AM-06 (QTY: 9180 NUM USD 1.110 PER NUM),,,,,,,,,1377.0,KGS ,611.8557298474946,842525.34,8.03487498158233,11064.02284963887,308701.3
INNSA1,2021-05-04,301049751,73239990,STEEL HAND BLENDER RS-02 (QTY:40640 PCS USD 0.4499 PER PCS),,,,,,,,,2438.4,KGS ,614.2962229330708,1497899.91,8.066923479094823,19670.38621142482,548830.6
INNSA1,2021-05-04,301049751,73239990,STEEL ZHARA NP-003 (QTY:60000 PCS USD 0.4514 PER PCS),,,,,,,,,5600.0,KGS ,396.2213035714286,2218839.3,5.203168792796173,29137.74523965856,812982.8
INNSA1,2021-05-04,301049751,73239990,STEEL SALT BOTTLE NP-19 (QTY:23088 PCS USD 0.4930 PER PCS),,,,,,,,,3607.5,KGS ,258.4876285516286,932494.12,3.394453428123815,12245.49074195666,341665.8
INNSA1,2021-05-04,301049751,73239990,STEEL TEA STRAINER NP-55 (QTY:30240 PCS USD 0.3204 PER PCS),,,,,,,,,1386.0,KGS ,572.696103896104,793756.8,7.520631699226579,10423.59553512804,290832.5
INNSA1,2021-05-01,301049751,73231000,STEEL SCRUBBER 6 PCS SET - OKS-4156 (QTY- 98000 PCS/USD 0.275 PER PCS),,,,,,,,,8537.8,KGS ,261.4589578111458,2232284.29,3.433472853724829,29314.30453053184,981312.2
INNSA1,2021-04-28,301049751,73239990,FAMILY CLOTH RACK 3 LAYERS 03-027I (MADE UP OF MILD STEEL)(QTY:1824 PCS RMB 79.00 PER PCS),,,,,,,,,10488.0,KGS ,183.836135583524,1928073.39,2.41413178704562,25319.41418253447,706446.1
INNSA1,2021-04-27,301049751,73239990,MILD STEEL MULTI FUNCTION CLOTH STAND - RYX-02-020 (QTY :1232 NUM USD 14.20 PER NUM),,,,,,,,,4004.0,KGS ,417.2141483516484,1670525.45,5.478846334230444,21937.3007222587,612080.5
INNSA1,2021-04-27,301049751,73239990,MILD STEEL MULTI FUNCTION CLOTH STAND - RYX-02-021A(QTY :10368 NUM USD 8.85 PER NUM),,,,,,,,,38016.0,KGS ,230.4760466645623,8761777.39,3.026605996908238,115059.4535784636,3210315.2
INNSA1,2021-04-25,301049751,73239990,STEEL TEA STRAINER NP-55 (QTY:50400 PCS USD 0.3195 PER PCS),,,,,,,,,2310.0,KGS ,576.3194718614718,1331297.98,7.56821368170022,17482.57360472751,487787.6
INNSA1,2021-04-22,301049751,73231000,SS SCRUBBER 3 PCS SET - SS410 (QTY- 124560 SET/USD 0.182 PER SET),,,,,,,,,7785.0,KGS ,253.10191522158,1970398.41,3.323728367978725,25875.22534471438,866187.2
INNSA1,2021-04-21,301049751,73239990,FAMILY CLOTH RACK 3 LAYERS 03-027I (MADE UP OF MILD STEEL)(QTY:1824 PCS/ CNY 79.00 PER PCS),,,,,,,,,10488.0,KGS ,184.0180339435545,1929981.14,2.416520472009908,25344.46671043992,707145.0
INNSA1,2021-04-10,301049751,73239990,STEEL SALT BOTTLE - NP-19 (QTY- 24144 PCS/USD 0.4938 PER PCS),,,,,,,,,3772.5,KGS ,254.5175374420146,960167.41,3.432468475280035,12948.98732299393,351805.3
INNSA1,2021-04-10,301049751,73239990,STEEL ZHARA - NP-003 (QTY: 36000 PCS/USD 0.4520 PER PCS),,,,,,,,,3360.0,KGS ,390.0211517857143,1310471.07,5.259894157595608,17673.24436952124,480156.6
INNSA1,2021-04-09,301049751,73239990,MILD STEEL MULTI FUNCTION CLOTH STAND - RYX-02-021A(QTY :9072 NUM USD 8.85 PER NUM),,,,,,,,,33264.0,KGS ,226.6023232323232,7537699.68,3.055998964697548,101654.7495616993,2761813.1
INNSA1,2021-04-09,301049751,73239990,MILD STEEL MULTI FUNCTION CLOTH STAND - RYX-02-020 (QTY :1232 NUM USD 14.20 PER NUM),,,,,,,,,4004.0,KGS ,410.2018256743257,1642448.11,5.532054290955167,22150.34538098449,601793.0
INNSA1,2021-04-09,301049751,73239990,STEEL TEA STRAINER BIG SB-12 (QTY:20040 PCS USD 1.20160 PER PCS),,,,,,,,,4759.5,KGS ,420.3973169450572,2000881.03,5.669552487458628,26984.23506405934,733122.8
INNSA1,2021-04-09,301049751,73239990,STEEL HAND BLENDER RS-02 (24820 PCS USD 0.45410 PER PCS),,,,,,,,,1489.2,KGS ,628.874288208434,936519.59,8.481109753316709,12630.06864463924,343140.8
INNSA1,2021-04-09,301049751,73239990,STEEL SALT BOTTLE NP-19 (QTY:16944 PCS USD 0.49600 PER PCS),,,,,,,,,2647.5,KGS ,263.7697828139754,698330.5,3.557245890950444,9417.8084962913,255868.3
INNSA1,2021-04-01,301049751,73239990,STAINLESS STEEL GRATER WITH HANDLE HEXA - KL326D-9S (MILD STEEL) (QTY - 37680 PCS/USD 0.96 PER PCS),,,,,,,,,8635.0,KGS ,331.9784528083381,2866633.94,4.52595027686896,39081.58064076347,1050334.7
INNSA1,2021-03-27,301049751,73239990,8505 STEEL LUNCH BOX 3LAYER ( 16800 NOS) (MILD STEEL),,,,,,,,,10892.0,KGS,412.3013863385971,4490786.7,5.621014128678897,61224.08588957056,1645424.2
INNSA1,2021-03-26,301049751,73239990,FAMILY CLOTH RACK 3LAYERS [MADE UP OF MILD STEEL] - 03-027I (QTY : 1824 PCS / CNY 79.00 PER PCS),,,,,,,,,10488.0,KGS,178.91352402746,1876445.04,2.439175515030129,25582.072801636,687529.5
INNSA1,2021-03-25,301049751,73239990,MILD STEEL MULTI FUNCTION CLOTH STAND - RYX-02-020 (QTY : 3696 NUM / USD 14.20 PER NUM),,,,,,,,,12012.0,KGS,380.0983566433566,4565741.46,5.181981685662668,62245.96400817997,1672887.7
INNSA1,2021-03-23,301049751,73239990,STEEL SALT BOTTLE NP-19 (QTY:10080 PCS USD 0.4976 PER PCS),,,,,,,,,1575.0,KGS,251.7685587301588,396535.48,3.432427521883555,5406.073346966598,145290.6
INNSA1,2021-03-23,301049751,73239990,STEEL TEA STRAINER BIG SB-12 (QTY:20376 USD 1.2052 PER PCS),,,,,,,,,4839.3,KGS,401.177511210299,1941418.33,5.469359389370131,26467.87089297887,711335.7
INNSA1,2021-03-16,301049751,73239990,MILD STEEL MULTI FUNCTION CLOTH STAND - RYX-02-021A (QTY : 3888 NUM/ USD 8.85 PER NUM),,,,,,,,,14256.0,KGS,228.9526543209876,3263949.04,3.098141465777911,44167.1047361299,1195910.9
INNSA1,2021-03-16,301049751,73239990,KW-830 STAINLESS STEEL SPORT BOTTLE 1000ML (QTY 34164 PCS / USD 0.90 PER PCS),,,,,,,,,6950.0,KGS,359.4520258992806,2498191.58,4.864032826783228,33805.02814614344,915337.4
INNSA1,2021-03-03,301049751,73239990,STEEL SALT BOTTLE - NP-19 (QTY- 17808 PCS/USD 0.4984 PER PCS),,,,,,,,,2782.5,KGS,253.9870799640611,706719.05,3.446229036147369,9589.132293080054,258941.9
INNSA1,2021-03-03,301049751,73239990,STEEL TEA STRAINER BIG - SB-12 (QTY: 4104 PCS/USD 1.2071 PER PCS),,,,,,,,,974.7,KGS,404.7000512978352,394461.14,5.491181157365471,5352.254274084125,144530.5
INNSA1,2021-03-03,301049751,73239990,STEEL HAND BLENDER - RS-02 (QTY: 25180 PCS/USD 0.4548 PER PCS),,,,,,,,,1510.8,KGS,603.5628673550437,911862.78,8.189455459362874,12372.62930800543,334106.6
INNSA1,2021-03-03,301049751,73239990,STEEL ZHARA - NP-003 (QTY: 5640 PCS/USD 0.4563 PER PCS),,,,,,,,,526.4,KGS,389.2845934650456,204919.41,5.282016193555571,2780.453324287653,75082.5
INNSA1,2021-02-20,301049751,73239990,STEEL SALT BOTTLE - NP-19 (QTY- 12000 PCS/USD 0.4980 PER PCS),,,,,,,,,1875.0,KGS ,257.524864,482859.12,3.494231533242876,6551.684124830394,176919.6
INNSA1,2021-02-20,301049751,73239990,STEEL ZHARA - NP-003 (TOTAL:86760 PCS/USD 0.4563 PER PCS),,,,,,,,,8097.6,KGS ,395.0240898537838,3198747.07,5.359892671014705,43402.26689280868,1172020.9
INNSA1,2021-02-20,301049751,73239990,STEEL TEA STRAINER BIG - SB-12 (TOTAL:15600 PCS/USD 1.2070 PER PCS),,,,,,,,,3705.0,KGS ,410.6326558704453,1521393.99,5.571677827278769,20643.06635006784,557438.8
INNSA1,2021-02-17,301049751,73239990,STEEL TEA STRAINER NP-55 (QTY:60120 PCS USD .3239 PER PCS),,,,,,,,,2755.5,KGS ,585.76362547632,1614071.67,7.937176496969107,21870.88983739837,591395.8
INNSA1,2021-02-17,301049751,73239990,STEEL ZHARA NP-003 (QTY:18000 PCS USD 0.4563 PER PCS),,,,,,,,,1680.0,KGS ,405.2346488095238,680794.21,5.490984401213059,9224.853794037941,249443.0
INNSA1,2021-02-17,301049751,73239990,STEEL SALT BOTTLE - NP-19 (QTY- 24096 PCS/USD 0.4984 PER PCS),,,,,,,,,3765.0,KGS ,264.3936281540505,995442.01,3.582569487182256,13488.37411924119,364729.9
INNSA1,2021-02-17,301049751,73239990,STEEL HAND BLENDER RS-02 (QTY:50000 PCS USD 0.4548 PER PCS),,,,,,,,,3000.0,KGS ,628.2927433333333,1884878.23,8.513451806684733,25540.3554200542,690619.4
INNSA1,2021-02-16,301049751,73239990,STAINLESS STEEL SPORTS BOTTLE 650ML S115 - NP-21 (QTY-54612 PCS/USD 1.070 PER PCS),,,,,,,,,9708.8,KGS ,477.8968255603165,4639804.7,6.475566742009708,62869.98238482385,1700024.4
INNSA1,2021-02-16,301049751,73231000,STEEL SCRUBBER 6 PCS SET - OKS-4156 (QTY- 98000 PCS/USD 0.256 PER PCS),,,,,,,,,8537.8,KGS ,237.2931984820446,2025961.87,3.215354992981634,27452.05785907859,890612.8
INNSA1,2021-02-16,301049751,73239990,STAINLESS STEEL SPORTS BOTTLE 750ML S-308-C6 - NP-20 (QTY-19296 PCS/USD 1.022 PER PCS),,,,,,,,,3430.4,KGS ,456.4584625699627,1565835.11,6.185074018563181,21217.27791327914,573722.0
INNSA1,2021-02-10,301049751,73231000,STEEL SCRUBBER 2 PCS SET -8001-2 (QTY- 165000 SET/USD 0.151 PER SET),,,,,,,,,4813.0,KGS ,418.282025763557,2013191.39,5.667778126877466,27279.01612466125,884998.9
INNSA1,2021-02-08,301049751,73239990,KWP-1000B SS OIL POT 900ML (QTY- 27000 PCS/USD 1.42 PER PCS),,,,,,,,,6750.0,KGS ,454.8185185185185,3070025.0,6.162852554451471,41599.25474254743,1124857.2
INNSA1,2021-02-06,301049751,73239990,HOUSEHOLD STEEL HOOK 3 PCS SET - 2628 (QTY : 167184 SET/USD 0.445 PER SET),,,,,,,,,5665.68,KGS ,1012.297895398258,5735355.94,13.7167736503829,77714.85013550136,2101434.4
INNSA1,2021-02-04,301049751,73239990,MILD STEEL MULTI FUNCTION CLOTH STAND - RYX-02-020 (QTY : 2464 NUM/ USD 13.80 PER NUM),,,,,,,,,8008.0,KGS ,373.5974562937063,2991768.43,5.058868737897175,40511.42085308058,1096184.0
INNSA1,2021-02-04,301049751,73239990,MILD STEEL MULTI FUNCTION CLOTH STAND - RYX-02-021A (QTY : 2592 NUM/ USD 8.85 PER NUM),,,,,,,,,9504.0,KGS ,228.7976210016835,2174492.59,3.098139756285491,29444.72024373731,796734.1
INNSA1,2021-01-29,301049751,73239990,STAINLESS STEEL SPORTS BOTTLE 750ML S-308-C6 - NP-20 (QTY-10800 PCS/USD 1.022 PER PCS),,,,,,,,,1920.0,KGS ,456.57528125,876624.54,6.182468263371701,11870.33906567366,321195.2
INNSA1,2021-01-29,301049751,73239990,STAINLESS STEEL SPORTS BOTTLE 650ML S115 - NP-21 (QTY-27000 PCS/USD 1.070 PER PCS),,,,,,,,,4800.0,KGS ,478.01913125,2294491.83,6.472838608666216,31069.62532159784,840701.8
INNSA1,2021-01-29,301049751,73239990,SS OIL POT 900ML - KWP-1000B (QTY: 27000 PCS/USD 1.42 PER PCS),,,,,,,,,6750.0,KGS ,454.5795555555555,3068412.0,6.155444218761755,41549.24847664184,1124266.1
INNSA1,2021-01-29,301049751,73239990,STEEL SALT BOTTLE NP-19 (QTY 33024 PCS/USD 0.4976 PER PCS),,,,,,,,,5160.0,KGS ,259.2961589147287,1337968.18,3.51111928117439,18117.37549085985,490231.5
INNSA1,2021-01-29,301049751,73239990,SS OIL POT 600ML - KWP-600B (QTY: 16680 PCS/USD 1.20 PER PCS),,,,,,,,,3006.0,KGS ,543.453988689288,1633622.69,7.358889488006609,22120.82180094787,598559.4
INNSA1,2021-01-14,301049751,73239990,STEEL KITCHEN CADDLE - AM-254 (QTY-10080 PCS/USD 0.5524 PER PCS),,,,,,,,,924.0,KGS ,480.4657142857143,443950.32,6.492779922779922,5999.328648648649,162663.4
INNSA1,2021-01-14,301049751,73239990,STEEL TEA STRAINER - NP-55 (QTY-60120 PCS/USD 0.3204 PER PCS),,,,,,,,,2755.5,KGS ,567.6276356378153,1564097.95,7.670643724835341,21136.45878378378,573085.5
INNSA1,2021-01-14,301049751,73239990,STEEL ZHARA - NP-003 (QTY-84000 PCS/USD 0.4514 PER PCS),,,,,,,,,7840.0,KGS ,392.7147831632653,3078883.9,5.306956529233315,41606.53918918918,1128103.1
INNSA1,2021-01-14,301049751,73239990,STEEL HANGER WITH HOOK -SM1168 (QTY:25440 PCS USD 1.16 PER PCS),,,,,,,,,4770.0,KGS ,490.502249475891,2339695.73,6.62840877670123,31617.50986486486,857264.5
INNSA1,2021-01-14,301049751,73239990,STEEL HAND BLENDER - RS-02 (QTY-50000 PCS/USD 0.4499 PER PCS),,,,,,,,,3000.0,KGS ,608.8595966666667,1826578.79,8.227832387387387,24683.49716216216,669258.5
INNSA1,2021-01-14,301049751,73239990,STEEL KITCHEN TURNER - AM-253 (QTY-20016 PCS/USD 0.5524 PER PCS),,,,,,,,,1890.4,KGS ,466.3345746931866,881558.88,6.301818576934954,11912.95783783784,323003.2
INNSA1,2021-01-13,301049751,73239990,STAINLESS STEEL SPORTS BOTTLE 650ML S115 - NP-21 (QTY-19800 PCS/USD 1.070 PER PCS),,,,,,,,,3520.0,KGS ,466.4416818181818,1641874.72,6.30326597051597,22187.49621621622,601582.9
INNSA1,2021-01-13,301049751,73239990,STAINLESS STEEL SPORTS BOTTLE 750ML S-308-C6 - NP-20 (QTY-14400 PCS/USD 1.022 PER PCS),,,,,,,,,2560.0,KGS ,445.5171953125,1140524.02,6.020502639358108,15412.48675675676,417888.0
INNSA1,2021-01-12,301049751,73239990,STAINLESS STEEL GRATER WITH HANDLE DS-25 (QTY- 160200 PCS/USD 0.2200 PER PCS),,,,,,,,,5340.0,KGS ,530.653904494382,2833691.85,7.17099870938354,38293.13310810811,1038264.7
INNSA1,2021-01-12,301049751,73239990,STEEL SALT BOTTLE - NP-19 (QTY- 32832 PCS/USD 0.4923 PER PCS),,,,,,,,,5130.0,KGS ,253.3244444444444,1299554.4,3.423303303303303,17561.54594594595,476156.8
INNSA1,2021-01-12,301049751,73239990,STEEL HANGER WITH HOOK SL-89 (QTY 70056 PCS / USD 1.05 PER PCS),,,,,,,,,15568.0,KGS ,365.4202338129497,5688862.2,4.938111267742563,76876.51621621622,2084399.0
INNSA1,2021-01-12,301049751,73239990,STEEL ZHARA - NP-003 (QTY- 30240 PCS/USD 0.4507 PER PCS),,,,,,,,,2822.4,KGS ,388.2560657596371,1095813.92,5.246703591346447,14808.29621621621,401506.3
INNSA1,2021-01-08,301049751,73231000,SS SCRUBBER 3 PCS SET - (ITEM NO-SS410) (QTY- 120000 SET/USD 0.162 PER SET),,,,,,,,,7500.0,KGS ,220.3412266666667,1652559.2,2.977584144144144,22331.88108108108,726465.0
INNSA1,2020-12-31,301049751,73239990,STAINLESS STEEL GRATER WITH HANDLE HEXA - KL326D-9S (MILD STEEL) (QTY - 35016 PCS/USD 0.96 PER PCS),,,,,,,,,8024.5,KGS,338.4254545454546,2715695.06,4.545674339092741,36476.76373404969,995030.7
INNSA1,2020-12-31,301049751,73239990,STAINLESS STEEL GRATER WITH HANDLE - KL3241-8S (MILD STEEL) (QTY - 7920 PCS/USD 0.59 PER PCS),,,,,,,,,1012.0,KGS,373.0266699604743,377502.99,5.010432101551031,5070.557286769644,138317.1
INNSA1,2020-12-28,301049751,73239990,HOUSEHOLD STEEL HOOK 3 PCS SET -2628 (QTY : 36216 SET/USD 0.445 PER SET),,,,,,,,,1227.32,KGS,1006.84921617834,1235726.18,13.52383097620335,16598.0682337139,452770.0
INNSA1,2020-12-28,301049751,73231000,STEEL SCRUBBER 6 PCS SET - OKS-4156 (QTY- 98000 PCS/USD 0.256 PER PCS),,,,,,,,,8621.6,KGS,226.1927936809873,1950143.79,3.038183931242274,26194.00658159839,857283.3
INNSA1,2020-12-17,301049751,73239990,STEEL HAND BLENDER (ITEM NO-RS-02)(TOTAL:50000 PCS),,,,,,,,,3000.0,KGS,586.3515433333333,1759054.63,7.849418250780901,23548.2547523427,644517.6
INNSA1,2020-12-17,301049751,73239990,STEEL TEA STRAINER BIG(ITEM NO-SB-12)((TOTAL:10080 PC),,,,,,,,,2394.0,KGS,393.204440267335,941331.43,5.263780994207965,12601.49170013387,344903.8
INNSA1,2020-12-17,301049751,73239990,STAINLESS STEEL SPORTS BOTTLE 750ML SG-702 - SB-01 (QTY-23364 PCS/USD 1.11 PER PCS),,,,,,,,,3829.1,KGS,527.5260505079523,2019950.0,7.061928386987312,27040.82998661312,740109.7
INNSA1,2020-12-17,301049751,73239990,STEEL ZHARA(ITEM NO-NP-003)(TOTAL:59760 PCS),,,,,,,,,5577.6,KGS,378.2049125071716,2109475.72,5.062984103174987,28239.30013386881,772911.9
INNSA1,2020-12-17,301049751,73239990,STAINLESS STEEL SPORTS BOTTLE 650ML S115 - NP-21 (QTY-17640 PCS/USD 1.07 PER PCS),,,,,,,,,3136.0,KGS,468.788306760204,1470120.13,6.275613209641286,19680.32302543507,538652.0
INNSA1,2020-12-11,301049751,73239990,KWP-1000B SS OIL POT 900ML (QTY: 12732 PCS/USD 1.42 PER PCS),,,,,,,,,3183.0,KGS,435.2204147031103,1385306.58,5.826243838060378,18544.93413654618,507576.3
INNSA1,2020-12-11,301049751,73239990,KWB-600F STAINLESS STEEL SPORTS BOTTLE (QTY: 25296 PCS/USD 0.99 PER PCS),,,,,,,,,4110.0,KGS,466.8809367396593,1918880.65,6.250079474426497,25687.8266398929,703077.8
INNSA1,2020-12-08,301049751,73239990,MILD STEEL MULTI FUNCTION CLOTH STAND - RYX-02-021A (QTY : 3888 NUM/ USD 8.60 PER NUM),,,,,,,,,14256.0,KGS,226.3363054152638,3226650.37,3.029937154153464,43194.78406961178,1182244.7
INNSA1,2020-11-30,301049751,73239990,STAINLESS STEEL GRATER WITH HANDLE - KL324H-9S (MILD STEEL) (QTY - 58464 PCS/USD 0.67 PER PCS),,,,,,,,,9744.0,KGS,324.56375,3162549.18,4.316007313829788,42055.17526595745,1158758.0
INNSA1,2020-11-30,301049751,73239990,STEEL ZHARA - NP-003 (QTY- 50400 PCS/USD 0.446 PER PCS),,,,,,,,,4704.0,KGS,381.5971960034013,1795033.21,5.074430797917571,23870.12247340426,657700.2
INNSA1,2020-11-30,301049751,73239990,STEEL SALT BOTTLE - NP-19 (QTY- 30000 PCS/USD 0.487 PER PCS),,,,,,,,,4687.5,KGS,248.8949397333333,1166695.03,3.309773134751773,15514.56156914894,427477.1
INNSA1,2020-11-27,301049751,73239990,HOUSEHOLD STEEL HOOK 3 PCS SET (ITEM NO-2628 )(24120 SET),,,,,,,,,817.4,KGS,1015.606581844874,830156.82,13.50540667346907,11039.31941489362,304169.5
INNSA1,2020-11-27,301049751,73231000,SS SCRUBBER 3 PCS SET - (ITEM NO-SS410) (QTY- 121200 SET/USD 0.169 PER SET),,,,,,,,,7575.0,KGS,228.7038363036304,1732431.56,3.041274418931255,23037.65372340426,761576.9
INNSA1,2020-11-21,301049751,73239990,STEEL HAND BLENDER RS-02 (QTY- 50000 PCS/USD 0.4397 PER PCS),,,,,,,,,3000.0,KGS,587.5768266666666,1762730.48,7.813521631205673,23440.56489361702,645864.4
INNSA1,2020-11-21,301049751,73239990,STEEL ZHARA - NP-003 (QTY- 60000 PCS/USD 0.4412 PER PCS),,,,,,,,,5600.0,KGS,379.0165767857143,2122492.83,5.04011405300152,28224.63869680851,777681.5
INNSA1,2020-11-21,301049751,73239990,STAINLESS STEEL GRATER WITH HANDLE DS-25 (QTY- 50400 PCS/USD 0.2153 PER PCS),,,,,,,,,1680.0,KGS,517.8747619047618,870029.6,6.88663247213779,11569.54255319149,318778.8
INNSA1,2020-11-12,301049751,73231000,STEEL SCRUBBER 2PCS SET - 8001-2 (QTY-166800 SETS/USD 0.151 PER SET),,,,,,,,,4865.0,KGS,412.0351983556012,2004551.24,5.48283697079975,26674.00186294078,881200.7
INNSA1,2020-11-11,301049751,73239990,KWB-600F STAINLESS STEEL SPORTS BOTTLE (QTY 24240 PCS/USD 0.99 PER PCS),,,,,,,,,3787.5,KGS,488.083894389439,1848617.75,6.494795667191469,24599.03858948769,677333.5
INNSA1,2020-11-11,301049751,73231000,STEEL SCRUBBER 6 PCS SET - OKS-4156 (QTY- 98000 PCS/USD 0.256 PER PCS),,,,,,,,,8511.0,KGS,231.2860286687816,1968475.39,3.077658398786182,26193.95063206919,865341.8
INNSA1,2020-11-11,301049751,73239990,KWP-1000B SS OIL POT 900ML (QTY 14304 PCS/USD 1.42 PER PCS),,,,,,,,,3576.0,KGS,437.5499552572707,1564678.64,5.822354694042191,20820.74038589487,573298.3
INNSA1,2020-11-03,301049751,73239990,STEEL HANGER WITH HOOK ITEM NO. SM1168 (QTY: 25440 NUM / USD1.160 PER NUM,,,,,,,,,4770.0,KGS,490.8418092243187,2341315.43,6.610664097297222,31532.86774410775,0.0
INNSA1,2020-11-02,301049751,73239990,STEEL TEA STRAINER BIG - SB-12 (QTY- 10080 PCS/USD 1.1619 PER PCS),,,,,,,,,2394.0,KGS,384.908462823726,921470.86,5.183952361262302,12410.38195286195,0.0
INNSA1,2020-11-02,301049751,73239990,STEEL ZHARA - NP-003 (QTY- 60120 PCS/USD 0.4392 PER PCS),,,,,,,,,5611.2,KGS,370.2353649843171,2077464.68,4.986334881943664,27979.32228956229,0.0
INNSA1,2020-10-17,301049751,73239990,STEEL TEA STRAINER - NP-55 (QTY- 61200 PCS/USD 0.3118 PER PCS),,,,,,,,,2805.0,KGS,539.4758752228164,1513229.83,7.265668353169245,20380.19973063973,554447.5
INNSA1,2020-10-16,301049751,73239990,STEEL ZHARA-NP-(ITEM NO-NP-003)(TOTAL 47880 PCS),,,,,,,,,4468.8,KGS,369.3796410669531,1650683.74,4.974809980699705,22231.43084175084,604810.5
INNSA1,2020-10-16,301049751,73239990,STEEL LEMON SQUEEZER (ITEM NO-AM-217) (TOTAL 480 PCS),,,,,,,,,92.0,KGS,828.8632608695652,76255.42,11.16314156053287,1027.009023569024,27940.0
INNSA1,2020-10-16,301049751,73239990,STEEL HAND BLENDER-(ITEM NO-RS-02) (TOTAL 50000 PCS),,,,,,,,,3000.0,KGS,588.3184699999999,1764955.41,7.923481077441076,23770.44323232323,646679.7
INNSA1,2020-10-15,301049751,73231000,STEEL SCRUBBER 6 PCS SET - OKS-4156 (QTY- 98000 SETS/USD 0.256 PER SET),,,,,,,,,8908.0,KGS,222.412786259542,1981253.1,2.985406526973718,26594.00134228188,870958.9
INNSA1,2020-10-07,301049751,73239990,RYX-02-021A MILD STEEL MULTI FUNCTION CLOTH STAND (2592 NOS)(OTHER ARTICLES OF HOUSEHOLD OF IRON & STEEL),,,,,,,,,9504.0,KGS,192.7812373737374,1832192.88,2.587667615754864,24593.19302013423,671315.5
INNSA1,2020-10-07,301049751,73239990,STEEL SALT BOTTLE - NP-19 (QTY 30000 PCS / USD 0.4821 PER PCS),,,,,,,,,4687.5,KGS,242.9825130666667,1138980.53,3.261510242505593,15288.32926174497,417322.5
INNSA1,2020-10-07,301049751,73239990,STEEL ZHARA - NP-003 (QTY 36000 PCS / USD 0.4347 PER PCS),,,,,,,,,3360.0,KGS,366.7843333333333,1232395.36,4.923279642058166,16542.21959731544,451549.7
INNSA1,2020-10-07,301049751,73239990,RYX-02-020 MILD STEEL MULTI FUNCTION CLOTH STAND (2464 NOS)(OTHER ARTICLES OF HOUSEHOLD OF IRON & STEEL),,,,,,,,,8008.0,KGS,349.0064073426573,2794843.31,4.684649762988689,37514.67530201342,1024030.7
INNSA1,2020-10-03,301049751,73239990,STAINLESS STEEL GRATER WITH HANDLE HEXA - KL326D-9S (MILD STEEL) (TOTAL -24000 PCS),,,,,,,,,5500.0,KGS,321.0617509090909,1765839.63,4.30955370347773,23702.54536912751,647003.6
INNSA1,2020-10-03,301049751,73239990,STAINLESS STEEL GRATER WITH HANDLE - KL3241-8S (MILD STEEL) (TOTAL - 39528 PCS),,,,,,,,,5050.8,KGS,353.8876673002297,1787415.83,4.750170030875566,23992.15879194631,654909.2
INNSA1,2020-09-23,301049751,73231000,STEEL SCRUBBER 2 PCS SET - 8001-2 (QTY- 166800 SETS/USD 0.151 PER SET),,,,,,,,,4865.0,KGS,404.7077759506681,1968903.33,5.425037211134961,26392.80603217159,865530.0
INNSA1,2020-09-12,301049751,73239990,STAINLESS STEEL GRATER WITH HANDLE - DS-25 (QTY-50400 PCS/USD 0.2078 PER PCS),,,,,,,,,1680.0,KGS,485.1845773809524,815110.09,6.547700099607995,11000.13616734143,298656.3
INNSA1,2020-09-12,301049751,73239990,STEEL ZHARA - NP-003 (QTY-30000 PCS/USD 0.4258 PER PCS),,,,,,,,,2800.0,KGS,355.0659964285715,994184.79,4.791713851937537,13416.7987854251,364269.4
INNSA1,2020-09-12,301049751,73239990,STEEL TEA STRAINER - NP-55 (QTY-61200 PCS/USD 0.3023 PER PCS),,,,,,,,,2805.0,KGS,513.3302638146167,1439891.39,6.927533924623708,19431.7326585695,527576.2
INNSA1,2020-09-10,301049751,73239990,STAINLESS STEEL SPORTS BOTTLE 750ML S-308-C6 - NP-20 (QTY-38160 PCS/USD 1.022 PER PCS),,,,,,,,,6784.0,KGS,447.119672759434,3033259.86,6.034003680964021,40934.68097165992,1111386.4
INNSA1,2020-09-10,301049751,73239990,STEEL ZHARA - NP-003 (QTY-72000 PCS/USD 0.4263 PER PCS),,,,,,,,,6720.0,KGS,353.5198928571429,2375653.68,4.770848756506652,32060.1036437247,870439.5
INNSA1,2020-09-10,301049751,73239990,STAINLESS STEEL COLA BOTTLE 750ML SK750 - SL-01 (QTY-2232 PCS/USD 1.20 PER PCS),,,,,,,,,421.6,KGS,494.1117409867173,208317.51,6.668174642195916,2811.302429149798,76327.6
INNSA1,2020-08-29,301049751,73239990,RYX-02-020 MILD STEEL MULTI FUNCTION CLOTH STAND (1232 NOS)(OTHER ARTICLES OF HOUSEHOLD OF IRON & STEEL),,,,,,,,,4004.0,KGS,337.0496978021978,1349546.99,4.440707480924871,17780.59275362319,494474.0
INNSA1,2020-08-28,301049751,73239990,STEEL KITCHEN CADDLE AM-254 (QTY- 540 PCS/USD 0.516 PER PCS),,,,,,,,,60.0,KGS,369.2658333333333,22155.95,4.86516249451032,291.9097496706192,8117.9
INNSA1,2020-08-28,301049751,73239990,STEEL ZHARA NP-003 (QTY- 42000 PCS/USD 0.425 PER PCS),,,,,,,,,3920.0,KGS,362.0754617346939,1419335.81,4.770427690839181,18700.07654808959,520044.7
INNSA1,2020-08-28,301049751,73239990,STEEL TEA STRAINER NP-55 (QTY- 61200 PCS/USD 0.3014 PER PCS),,,,,,,,,2805.0,KGS,522.6347450980392,1465990.46,6.885833268748868,19314.76231884058,537138.9
INNSA1,2020-08-28,301049751,73239990,STEEL KITCHEN TURNER AM-253 (QTY- 540 PCS/USD 0.516 PER PCS),,,,,,,,,60.0,KGS,369.2658333333333,22155.95,4.86516249451032,291.9097496706192,8117.9
INNSA1,2020-08-27,301049751,73239990,STAINLESS STEEL SPORTS BOTTLE - KWB-600F (QTY-50400 PCS/USD 1.00 PER PCS) (NOT VACUUM BOTTLE) (MILD STEEL),,,,,,,,,7897.5,KGS,491.2171915163026,3879387.77,6.471899756473025,51111.82832674572,1421407.8
INNSA1,2020-08-15,301049751,73239990,STEEL HAND BLENDER RS-02 (QTY-30000 PCS/USD 0.4304 PER PCS),,,,,,,,,1950.0,KGS,525.2666051282051,1024269.88,6.934212608953203,13521.71458745875,375292.5
INNSA1,2020-08-15,301049751,73239990,STEEL ZHARA NP-003 (QTY-48000 PCS/USD 0.4232 PER PCS),,,,,,,,,4480.0,KGS,359.6912075892857,1611416.61,4.748398780056577,21272.82653465347,590423.0
INNSA1,2020-07-29,301049751,73239990,STEEL ZHARA - NP-003 (TOTAL 36000 PCS),,,,,,,,,3360.0,KGS,360.2191428571429,1210336.32,4.733497278017646,15904.55085413929,443467.2
INNSA1,2020-07-29,301049751,73239990,STEEL TEA STRAINER - NP-55 (TOTAL 68328 PCS),,,,,,,,,3131.7,KGS,517.1801832870326,1619653.18,6.796060227162059,21283.22181340342,593440.9
INNSA1,2020-07-27,301049751,73239990,STAINLESS STEEL BOTTLE 750ML SG805-AM-06 (TOTAL 15480 PCS)(NOT VACUUM BOTTLE)(MILD STEEL),,,,,,,,,2365.0,KGS,550.7976871035941,1302636.53,7.237814548010435,17117.43140604468,477286.0
INNSA1,2020-07-27,301049751,73239990,STAINLESS STEEL SPORTS BOTTLE 650ML S115 NP-21 (TOTAL PCS 27720) (NOT VACUUM BOTTLE) (MILD STEEL),,,,,,,,,4928.0,KGS,473.3417877435065,2332628.33,6.219997210821374,30652.14625492773,854675.1
INNSA1,2020-07-22,301049751,73239990,STEEL SPOON HOLDER ROUND MP-96 (TOTAL 216 PCS),,,,,,,,,46.2,KGS,261.2082251082251,12067.82,3.432433969884692,158.5784494086728,4421.7
INNSA1,2020-07-22,301049751,73239990,STEEL ZHARA-NP-003 (TOTAL 36000 PCS),,,,,,,,,3360.0,KGS,356.7255208333333,1198597.75,4.687588972842751,15750.29894875164,439166.3
INNSA1,2020-07-21,301049751,73239990,KWP-1000B SS OIL POT 1000ML (QTY- 27000 PCS/USD 1.45 PER PCS),,,,,,,,,6750.0,KGS,447.9658518518518,3023769.5,5.88654207426875,39734.15900131407,1107909.2
INNSA1,2020-07-20,301049751,73239990,STEEL SPOON HOLDER ROUND MP-96,,,,,,,,,216.0,PCS,55.86953703703703,12067.82,0.7341594880031148,158.5784494086728,5305.1
INNSA1,2020-07-20,301049751,73239990,STEEL ZHARA-NP-003,,,,,,,,,36000.0,PCS,33.29438,1198597.68,0.4375082785808147,15750.29802890933,526903.6
INNSA1,2020-07-10,301049751,73239990,STAINLESS STEEL SPORTS BOTTLE KOOU 750ML-MP-202 (TOTAL 17640 PCS)(NOT VACUUM BOTTLE) (MILD STEEL),,,,,,,,,3332.0,KGS,459.8505912364946,1532222.17,6.018986796289195,20055.2640052356,561406.1
INNSA1,2020-07-10,301049751,73239990,STEEL PIZZA CUTTER (ITEM NO. RJ-388) (QTY 25200 PCS),,,,,,,,,2240.0,KGS,415.1334241071428,929898.87,5.433683561611817,12171.45117801047,340715.0
INNSA1,2020-07-10,301049751,73239990,STAINLESS STEEL SPORTS BOTTLE 750ML SG-702 -SB-01 (TOTAL 18720 PCS ) (NOT VACUUM BOTTLE) (MILD STEEL),,,,,,,,,3068.0,KGS,534.8154595827901,1640813.83,7.000202350560079,21476.62081151833,601194.2
INNSA1,2020-07-10,301049751,73239990,STEEL SALT BOTTLE (ITEM NO. NP-19) (QTY 28896 PCS),,,,,,,,,4515.0,KGS,236.1647906976744,1066284.03,3.091162181906733,13956.5972513089,390686.5
INNSA1,2020-07-10,301049751,73239990,STAINLESS STEEL BOTTLE 750ML SG805-AM-06 (TOTAL 8280 PCS) (NOT VACUUM BOTTLE) (MILD STEEL),,,,,,,,,1311.0,KGS,533.6321052631579,699591.69,6.984713419674841,9156.959293193715,256330.3
INNSA1,2020-07-10,301049751,73239990,STEEL ZARA (ITEM NO. NP-003) (QTY 60000 PCS),,,,,,,,,5600.0,KGS,359.4228767857143,2012768.11,4.704487916043381,26345.13232984293,737478.3
INNSA1,2020-07-10,301049751,73239990,STEEL SPOON HOLDER ROUND (ITEM NO. MP-96) (QTY 16200 PCS),,,,,,,,,3465.0,KGS,262.8921962481962,910921.46,3.440997333091573,11923.0557591623,333761.6
INNSA1,2020-07-06,301049751,73239990,STEEL LUNCH BOX (ITEM NO. 6527) (QTY 25800 PCS) (MILD STEEL),,,,,,,,,8987.0,KGS,419.2552542561478,3767846.97,5.487634218012405,49317.36871727749,1380539.1
INNSA1,2020-07-04,301049751,73239990,MILD STEEL MUTLI FUNCTION CLOTH STAND (RYX-02-020) (OTHER ARTICLES OF HOUSEHOLD OF IRON & STEEL)(1232 NOS),,,,,,,,,4004.0,KGS,336.8844380619381,1348885.29,4.409482173585577,17655.56662303665,494231.6
INNSA1,2020-06-29,301049751,73239990,STEEL ZHARA -NP-003 (TOTAL 76800 PCS) (MILD STEEL),,,,,,,,,7168.0,KGS,359.6315666852678,2577839.07,4.667508977096273,33456.70434782609,944520.2
INNSA1,2020-06-29,301049751,73239990,STEEL SPOON HOLDER ROUND -MP-96 ( TOTAL 25200 PCS) (MILD STEEL),,,,,,,,,5390.0,KGS,263.3406066790353,1419405.87,3.417788535743482,18421.88020765737,520070.3
INNSA1,2020-06-29,301049751,73239990,STEEL TEA STRAINER -NP-55 (TOTAL 54072 PCS) (MIL D STEEL),,,,,,,,,2478.3,KGS,516.3894726223621,1279768.03,6.702004836111124,16609.5785853342,468907.0
INNSA1,2020-06-24,301049751,73239990,RYX-02-020 MILD STEEL MULTI FUNCTION CLOTH STAND (1232 NOS)(OTHER ARTICLES OF HOUSEHOLD OF IRON & STEEL),,,,,,,,,4004.0,KGS,339.7347227772228,1360297.83,4.409276090554481,17654.74146658014,498413.2
INNSA1,2020-06-24,301049751,73239990,RYX-02-021A MILD STEEL MULTI FUNCTION CLOTH STAND (6480 NOS)(OTHER ARTICLES OF HOUSEHOLD OF IRON & STEEL),,,,,,,,,23760.0,KGS,191.2983897306397,4545249.74,2.482782475413884,58990.91161583388,1665379.5
INNSA1,2020-06-18,301049751,73239990,RYX-02-020 MILD STEEL MULTI FUNCTION CLOTH STAND (1232 NOS)(OTHER ARTICLES OF HOUSEHOLD OF IRON & STEEL),,,,,,,,,4004.0,KGS,338.059532967033,1353590.37,4.421969038156089,17705.56402877698,495955.5
INNSA1,2020-06-05,301049751,73239990,RYX-02-020 MILD STEEL MULTI FUNCTION CLOTH STAND (2464 NOS)(OTHER ARTICLES OF HOUSEHOLD OF IRON & STEEL),,,,,,,,,8008.0,KGS,338.536993006993,2711004.24,4.428214427822015,35461.1411379987,993311.9
INNSA1,2020-06-03,301049751,73239990,KW-830 STAINLESS STEEL SPORT BOTTLE 1000ML (QTY 35280 PCS / USD 0.98 PER PCS),,,,,,,,,6850.0,KGS,394.5452875912409,2702635.22,5.150721770120638,35282.44412532638,990245.5
INNSA1,2020-05-29,301049751,73239990,STAINLESS STEEL BOTTLE 750ML SG805-AM-06 (TOTAL 22320 PCS)(NOT VACUUM BOTTLE)(MILD STEEL),,,,,,,,,3534.0,KGS,536.3907328805886,1895604.85,7.002489985386275,24746.79960835509,694549.7
INNSA1,2020-05-29,301049751,73239990,STEEL LUNCH BOX (ITEM NO. 6527) (QTY 51600 PCS) (MILD STEEL),,,,,,,,,17974.0,KGS,421.963158451096,7584365.81,5.508657421032585,99012.60848563969,2778911.7
INNSA1,2020-05-29,301049751,73239990,STEEL LUNCH BOX 3LAYER (ITEM NO. 8505) (QTY 6840 PCS) (MILD STEEL),,,,,,,,,4434.6,KGS,404.9917579939566,1795976.45,5.287098668328415,23446.16775456919,658045.8
INNSA1,2020-05-29,301049751,73239990,STEEL LUNCH BOX 2 LAYER (ITEM NO. 8504) (QTY 22080 PCS) (MILD STEEL),,,,,,,,,10561.6,KGS,390.6420750643841,4125805.34,5.099765993007626,53861.68851174935,1511695.1
INNSA1,2020-05-29,301049751,73239990,STEEL LUNCH BOX-6900(MILD STEEL)(TOTAL 38880 PCS),,,,,,,,,4552.2,KGS,492.0510258775977,2239914.68,6.423642635477777,29241.70600522193,820704.7
INNSA1,2020-05-29,301049751,73239990,STAINLESS STEEL SPORTS BOTTLE 750ML S-308-C6-NP-20 (TOTAL 19800 PCS)(NOT VACUUM BOTTLE)(MILD STEEL),,,,,,,,,3520.0,KGS,456.2924147727273,1606149.3,5.956820036197485,20968.00652741515,588493.2
INNSA1,2020-05-29,301049751,73239990,STEEL RECTANGLE CONTAINER LARGE (ITEM NO. 6862) (QTY 20400 PCS) (MILD STEEL),,,,,,,,,5100.0,KGS,468.196462745098,2387801.96,6.112225362207546,31172.34934725849,874890.6
INNSA1,2020-05-23,301049751,73239990,HOUSEHOLD STEEL HOOK 3 PCS SET(TOTAL 68760 SET) (MILD STEEL),,,,,,,,,2330.2,KGS,1029.209209509913,2398263.3,13.43615156018164,31308.92036553525,878723.8
INNSA1,2020-05-15,301049751,73239990,STAINLESS STEEL SPORTS BOTTLE 750ML SG-702-SB-01(TOTAL 23616 PCS)(NOT VACUUM BOTTLE)(MILD STEEL),,,,,,,,,3870.4,KGS,547.8385438197602,2120354.3,7.142614652148112,27644.77574967405,776897.9
INNSA1,2020-05-15,301049751,73239990,STAINLESS STEEL SPORTS BOTTLE KOOU 750ML-MP-202(TOTAL 20880 PCS)(NOT VACUUM BOTTLE)(MILD STEEL),,,,,,,,,3944.0,KGS,471.0482352941177,1857814.24,6.141437226781195,24221.82842242503,680703.1
INNSA1,2020-05-15,301049751,73239990,03-027I FAMILY CLOTH RACK 3LAYERS (3648 PCS) (OTHER ARTICLESOF HOUSEHOLD OF IRON & STEEL) (MADE UP OF MILD STEEL),,,,,,,,,20976.0,KGS,154.9312094774981,3249837.05,2.019963617698801,42370.75684485006,1190740.2
INNSA1,2020-05-15,301049751,73239990,RYX-02-021A MILD STEEL MULTI FUNCTION CLOTH STAND (10368 NOS) (OTHER ARTICLES OF HOUSEHOLD OF IRON & STEEL),,,,,,,,,38016.0,KGS,198.1770428240741,7533898.46,2.583794560939688,98225.53402868318,2760420.4
INNSA1,2020-05-14,301049751,73231000,STEEL SCRUBBER 2PCS SET - 8001-2 (QTY- 158040 SETS/USD 0.156 PER SET),,,,,,,,,5005.0,KGS,395.989996003996,1981929.93,5.16284219040412,25840.02516297262,871256.4
INNSA1,2020-05-09,301049751,73239990,STAINLESS STEEL SPORTS BOTTLE 750ML S-308-C6-NP-20 (TOTAL 7200 PCS ) (NOT VACUUM BOTTLE) (MILD STEEL),,,,,,,,,1280.0,KGS,462.134921875,591532.7,6.02522714308996,7712.290743155149,216737.6
INNSA1,2020-05-09,301049751,73239990,STEEL TEA STRAINER -NP-55 (TOTAL 61200 PCS),,,,,,,,,2805.0,KGS,524.3828556149732,1470893.91,6.83680385417175,19177.23481095176,538935.6
INNSA1,2020-05-09,301049751,73239990,STEEL SALT BOTTLE -NP-19 (TOTAL 21024 PCS),,,,,,,,,3285.0,KGS,240.3713089802131,789619.75,3.133915371319597,10294.91199478488,289316.7
INNSA1,2020-05-09,301049751,73239990,STAINLESS STEEL COLA BOTTLE 750ML SK750-SL-01(TOTAL 41400 PCS) (NOT VACUUM BOTTLE) (MILD STEEL),,,,,,,,,7820.0,KGS,510.7050869565217,3993713.78,6.658475709993763,52069.28005215123,1463296.8
INNSA1,2020-05-09,301049751,73239990,STEEL ZHARA-NP-003(TOTAL 36000 PCS),,,,,,,,,3360.0,KGS,365.273931547619,1227320.41,4.762371988886819,16001.56988265971,449690.2
INNSA1,2020-05-09,301049751,73231000,STEEL SCRUBBER 6PCS SET - OKS-4156 (QTY- 98000 PCS/USD 0.265 PER PCS),,,,,,,,,9112.0,KGS,228.972382572432,2086396.35,2.985298338623624,27202.03846153846,917179.8
INNSA1,2020-05-09,301049751,73239990,STEEL HAND BLENDER-RS-02 (TOTAL 20000 PCS),,,,,,,,,1300.0,KGS,560.0422769230769,728054.96,7.301724601343897,9492.241981747065,266759.4
INNSA1,2020-05-09,301049751,73239990,STAINLESS STEEL SPORTS BOTTLE 650ML S115-NP-21 (TOTAL 7200 PCS ) (NOT VACUUM BOTTLE) (MILD STEEL),,,,,,,,,1280.0,KGS,483.8398828125,619315.05,6.308212292209909,8074.511734028683,226917.0
INNSA1,2020-05-09,301049751,73239990,STAINLESS STEEL BOTTLE 750ML SG805-AM-06 (TOTAL 25560 PCS ) (NOT VACUUM BOTTLE) (MILD STEEL),,,,,,,,,4047.0,KGS,543.2588386459106,2198568.52,7.082905327847596,28664.51786179922,805555.5
INNSA1,2020-05-07,301049751,73239990,RYX-02-021A MILD STEEL MULTI FUNCTION CLOTH STAND (9072 NOS)(OTHER ARTICLES OF HOUSEHOLD OF IRON & STEEL),,,,,,,,,33264.0,KGS,196.2701764670515,6528731.15,2.558933200352692,85120.35397653194,2392127.0
INNSA1,2020-05-07,301049751,73239990,RYX-02-020 MILD STEEL MULTI FUNCTION CLOTH STAND (2464 NOS)(OTHER ARTICLES OF HOUSEHOLD OF IRON & STEEL),,,,,,,,,8008.0,KGS,355.3226960539461,2845424.15,4.632629674758097,37098.09843546284,1042563.4
INNSA1,2020-05-06,301049751,73239990,KWP-1000B SS OIL POT 1000ML (QTY:27000 PCS/USD 1.45 PER PCS),,,,,,,,,6097.5,KGS,514.5972775727757,3137756.9,6.627138152901168,40408.97488731487,1149674.1
INNSA1,2020-05-06,301049751,73239990,KWP-600P SS OIL POT 600ML (QTY:38760 PCS/USD 1.20 PER PCS),,,,,,,,,6783.0,KGS,546.8888957688338,3709547.38,7.042999301594768,47772.66426271731,1359178.1
INNSA1,2020-05-03,301049751,73239990,STEEL ZHARA NP-003 (QTY 30000 PCS),,,,,,,,,2800.0,KGS,367.5184535714286,1029051.67,4.733012924293993,13252.43618802318,377044.5
INNSA1,2020-05-03,301049751,73239990,STAINLESS STEEL SPORTS BOTTLE 800ML SB-10(TOTAL 2520 PCS ) (NOT VACUUM BOTTLE) (MILD STEEL),,,,,,,,,406.0,KGS,611.4489162561576,248248.26,7.874422617593788,3197.015582743078,90958.3
INNSA1,2020-05-03,301049751,73239990,STAINLESS STEEL SPORTS BOTTLE 750ML SG-127 -SB-09 (TOTAL 2520 PCS ) (NOT VACUUM BOTTLE) (MILD STEEL),,,,,,,,,413.0,KGS,566.3118159806295,233886.78,7.293133496209007,3012.064133934321,85696.1
INNSA1,2020-05-03,301049751,73239990,STEEL TEA STRAINER NP-55 (QTY 61200 PCS),,,,,,,,,2805.0,KGS,527.63176114082,1480007.09,6.795000143474822,19059.97540244688,542274.5
INNSA1,2020-05-03,301049751,73239990,STAINLESS STEEL SPORTS BOTTLE 650ML S115 -NP-21(TOTAL 36000 PCS)(NOT VACUUM BOTTLE)(MILD STEEL),,,,,,,,,6400.0,KGS,490.0118609375,3136075.91,6.310519780264006,40387.32659368964,1149058.2
INNSA1,2020-05-03,301049751,73239990,STEEL LUNCH BOX 2 LAYER 8504 (MILD STEEL) (QTY 22020 PCS),,,,,,,,,10532.9,KGS,399.5341833683031,4208253.6,5.145321099398623,54195.15260785575,1541904.1
INNSA1,2020-05-03,301049751,73239990,STEEL LUNCH BOX 6900 (MILD STEEL) (QTY 86400 PCS),,,,,,,,,10116.0,KGS,498.5565332147094,5043397.89,6.420560633801794,64950.39137153895,1847901.1
INNSA1,2020-05-03,301049751,73239990,STEEL LUNCH BOX 6527 (MILD STEEL) (QTY 25800 PCS),,,,,,,,,8967.0,KGS,432.5308118657299,3878503.79,5.570261582301737,49948.53560849967,1421083.9
INNSA1,2020-05-03,301049751,73239990,STEEL TEA STRAINER BIG SB-12 (QTY 456 PCS),,,,,,,,,108.3,KGS,391.6777469990766,42418.7,5.044143554398926,546.2807469414037,15542.2
INNSA1,2020-05-01,301049751,73239990,03-027I FAMILY CLOTH RACK 3LAYERS (1824 PCS) (OTHER ARTICLESOF HOUSEHOLD OF IRON & STEEL) (MADE UP OF MILD STEEL),,,,,,,,,10488.0,KGS,157.1683114035088,1648381.25,2.02406067486811,21228.34835801674,603966.8
INNSA1,2020-04-27,301049751,73239990,2628 HOUSEHOLD STEEL HOOK 3PCS SET (QTY 96984 SET / USD 0.445 PER PCS),,,,,,,,,3286.68,KGS,1033.331480399674,3396229.91,13.30755287056888,43737.66786864134,1244378.7
INNSA1,2020-04-25,301049751,73239990,STAINLESS STEEL COLA BOTTLE 750ML SK750-SL-01(TOTAL 25200 (NOT VACUUM BOTTLE) (MILD STEEL),,,,,,,,,4760.0,KGS,516.7088109243697,2459533.94,6.654331112998965,31674.61609787508,901173.3
INNSA1,2020-04-25,301049751,73239990,STAINLESS STEEL BOTTLE 750ML SG805-AM-06 (TOTAL 3600 PCS) (NOT VACUUM BOTTLE) (MILD STEEL),,,,,,,,,570.0,KGS,549.6452631578948,313297.8,7.078496627918799,4034.743077913715,114792.4
INNSA1,2020-04-25,301049751,73239990,STAINLESS STEEL SPORTS BOTTLE 750ML SG-702 -SB-01 (TOTAL 21600 PCS ) (NOT VACUUM BOTTLE) (MILD STEEL),,,,,,,,,3540.0,KGS,550.8641242937853,1950059.0,7.094193487363622,25113.44494526722,714501.6
INNSA1,2020-04-25,301049751,73239990,STAINLESS STEEL SPORTS BOTTLE KOOU 750ML-MP-202 (TOTAL 16560PCS)(NOT VACUUM BOTTLE)(MILD STEEL),,,,,,,,,3128.0,KGS,473.6497218670077,1481576.33,6.099803243618902,19080.18454603992,542849.6
INNSA1,2020-04-25,301049751,73239990,STAINLESS STEEL SPORTS BOTTLE 650ML S115 -NP-21(TOTAL 17280(NOT VACUUM BOTTLE)(MILD STEEL),,,,,,,,,3072.0,KGS,489.5277864583334,1503829.36,6.304285723867783,19366.76574372183,551003.1
INNSA1,2020-04-25,301049751,73239990,STAINLESS STEEL SPORTS BOTTLE KWB-600F(50400 PCS)(NOT VACUUM BOTTLE) (MILD STEEL),,,,,,,,,7897.5,KGS,507.9481177587844,4011520.26,6.541508277640494,51661.5616226658,1469821.1
INNSA1,2020-04-24,301049751,73239990,03-027I FAMILY CLOTH RACK 3LAYERS (3648 PCS) (OTHER ARTICLESOF HOUSEHOLD OF IRON & STEEL) (MADE UP OF MILD STEEL),,,,,,,,,20976.0,KGS,157.0194264874142,3293639.49,2.022143290243582,42416.47765614939,1206789.5
INNSA1,2020-04-24,301049751,73239990,RYX-02-021A MILD STEEL MULTI FUNCTION CLOTH STAND (3888 NOS)(OTHER ARTICLES OF HOUSEHOLD OF IRON & STEEL),,,,,,,,,14256.0,KGS,197.6945012626263,2818332.81,2.545969108340325,36295.33560849968,1032637.2
INNSA1,2020-04-24,301049751,73239990,RYX-02-020 MILD STEEL MULTI FUNCTION CLOTH STAND (2464 NOS)(OTHER ARTICLES OF HOUSEHOLD OF IRON & STEEL),,,,,,,,,8008.0,KGS,357.9012587412587,2866073.28,4.609159803493351,36910.15170637475,1050129.3
INNSA1,2020-04-17,301049751,73239990,RYX-02-021A MILD STEEL MULTI FUNCTION CLOTH STAND (2592 NOS) (OTHER ARTICLES OF HOUSEHOLD OF IRON & STEEL),,,,,,,,,9504.0,KGS,196.4538667929293,1867097.55,2.52999184536934,24045.04249839021,684104.6
INNSA1,2020-04-17,301049751,73239990,03-027I FAMILY CLOTH RACK 3LAYERS (3648 PCS) (OTHER ARTICLESOF HOUSEHOLD OF IRON & STEEL) (MADE UP OF MILD STEEL),,,,,,,,,20976.0,KGS,156.7973155034325,3288980.49,2.019282878344269,42356.47765614939,1205082.4
INNSA1,2020-04-17,301049751,73239990,RYX-02-020 MILD STEEL MULTI FUNCTION CLOTH STAND (3696 NOS)(OTHER ARTICLES OF HOUSEHOLD OF IRON & STEEL),,,,,,,,,12012.0,KGS,355.6552455877455,4272130.81,4.580234972153837,55017.7824855119,1565308.8
INNSA1,2020-04-11,301049751,73239990,STEEL RECTANGLE CONTAINER- 6901(TOTAL 55200 PCS) (MILD STEEL),,,,,,,,,8970.0,KGS,457.3741482720178,4102646.11,5.990493101139723,53734.72311722332,1503209.5
INNSA1,2020-04-11,301049751,73239990,STAINLESS STEEL SPORTS BOTTLE 650ML S115 -NP-21(TOTAL 19728PCS)(NOT VACUUM BOTTLE)(MILD STEEL),,,,,,,,,3507.2,KGS,482.2790944343066,1691449.24,6.316687549892687,22153.88657498363,619747.0
INNSA1,2020-04-11,301049751,73239990,STAINLESS STEEL COLA BOTTLE 750ML SK750-SL-01(TOTAL 3600 PCS(NOT VACUUM BOTTLE) (MILD STEEL),,,,,,,,,680.0,KGS,509.0576323529412,346159.19,6.667421510844024,4533.846627373936,126832.7
INNSA1,2020-04-11,301049751,73231000,SS SCRUBBER 3PCS SET-SS410 (TOTAL 122640 SET),,,,,,,,,7665.0,KGS,210.4320848010437,1612961.93,2.756150423065405,21125.89299279633,709058.0
INNSA1,2020-04-11,301049751,73239990,STAINLESS STEEL SPORTS BOTTLE 750ML S-308-C6-NP-20(TOTAL 18000 PCS) (NOT VACUUM BOTTLE) (MILD STEEL),,,,,,,,,3200.0,KGS,460.644146875,1474061.27,6.033322159462999,19306.6309102816,540096.1
INNSA1,2020-04-04,301049751,73239990,STEEL LUNCH BOX-6527 (MILD STEEL) (TOTAL 25800 PCS),,,,,,,,,8987.0,KGS,425.6147223767664,3824999.51,5.574521576643961,50098.22540929928,1401479.8
INNSA1,2020-04-04,301049751,73239990,STEEL LUNCH BOX-6561 (TOTAL 21240 PCS) (MILD STEEL),,,,,,,,,8094.8,KGS,502.8153024163661,4070189.31,6.585662114163276,53309.61768172889,1491317.4
INNSA1,2020-03-31,301049751,73239990,RYX-02-021A MILD STEEL MULTI FUNCTION CLOTH STAND (5184 NOS)(OTHER ARTICLES OF HOUSEHOLD OF IRON & STEEL),,,,,,,,,19008.0,KGS,192.9811243,3668185.21,2.547605601,48424.88726,1344023.0
INNSA1,2020-03-31,301049751,73239990,RYX-02-020 MILD STEEL MULTI FUNCTION CLOTH STAND (3696 NOS)(OTHER ARTICLES OF HOUSEHOLD OF IRON & STEEL),,,,,,,,,12012.0,KGS,349.3682767,4196611.74,4.612122465,55400.81505,1537638.5
INNSA1,2020-03-20,301049751,73239990,STAINLESS STEEL SPORT BOTTLE 1000ML (ITEM NO: KW-830) (QTY 32220 PCS),,,,,,,,,6450.0,KGS,384.9750031,2483088.77,5.082178259,32780.04977,909803.8
INNSA1,2020-02-05,301049751,73239990,STAINLESS STEEL SPORTS BOTTLE 750ML S-308-C6-NP-20(TOTAL 7884 PCS) (NOT VACUUM BOTTLE) (MILD STEEL),,,,,,,,,1401.6,KGS,431.499743150685,604790.04,6.022327189821143,8440.893789253314,221595.1
INNSA1,2020-02-05,301049751,73239990,STAINLESS STEEL BOTTLE 750ML SG805-AM-06 (TOTAL 21600 PCS) (NOT VACUUM BOTTLE) (MILD STEEL),,,,,,,,,3420.0,KGS,507.2458304093567,1734780.74,7.079495190640009,24211.87355198883,635623.6
INNSA1,2020-02-05,301049751,73239990,STAINLESS STEEL SPORTS BOTTLE 650ML S115 -NP-21(TOTAL 14400PCS)(NOT VACUUM BOTTLE)(MILD STEEL),,,,,,,,,2560.0,KGS,451.76580078125,1156520.45,6.305175167916957,16141.24842986741,423749.1
INNSA1,2020-02-05,301049751,73239990,STAINLESS STEEL SPORTS BOTTLE 750ML SG-702 -SB-01 (TOTAL 18540 PCS ) (NOT VACUUM BOTTLE) (MILD STEEL),,,,,,,,,3038.5,KGS,508.3706763205529,1544684.3,7.095194365953286,21558.74808094906,565972.4
INNSA1,2020-02-05,301049751,73239990,STAINLESS STEEL COLA BOTTLE 750ML SK750-SL-01(TOTAL 23436 PCS (NOT VACUUM BOTTLE) (MILD STEEL),,,,,,,,,4426.8,KGS,476.8500880997561,2110919.97,6.655269896716763,29461.54877878576,773441.1
INNSA1,2020-01-31,301049751,73239990,STEEL HANGER WITH HOOK-SL-89 (MILD STEEL)(TOTAL 70056 PCS)(HOUSEHOLD),,,,,,,,,15568.0,KGS,328.4677415210688,5113585.8,4.584336936790911,71368.95743196091,1243624.1
INNSA1,2020-01-30,301049751,73239990,STEEL ROUND CONTAINER -6856(TOTAL 2208 PCS)- (MILD STEEL),,,,,,,,,184.0,KGS,514.7641304347826,94716.6,7.184426105160957,1321.934403349616,23035.2
INNSA1,2020-01-30,301049751,73239990,STEEL ROUND CONTAINER -6857(TOTAL 69696 PCS) (MILD STEEL),,,,,,,,,8886.24,KGS,406.0568845766039,3608318.93,5.667227977342692,50360.34794138172,877543.2
INNSA1,2020-01-30,301049751,73239990,STEEL ROUND CONTAINER -6857(TOTAL 504 PCS) (MILD STEEL),,,,,,,,,64.26,KGS,428.0496420790539,27506.47,5.974175046462719,383.9004884856943,6689.6
INNSA1,2020-01-30,301049751,73239990,STEEL ROUND CONTAINER MEDIUM-6581 (MILD STEEL) (TOTAL 28320PCS),,,,,,,,,6230.4,KGS,295.8414483821264,1843210.56,4.128980437991994,25725.19972086532,448268.9
INNSA1,2020-01-30,301049751,73239990,STEEL LUNCH BOX-6527 (MILD STEEL) (TOTAL 276 PCS),,,,,,,,,96.14,KGS,399.1736009985438,38376.55,5.571159818542132,535.6113049546406,9333.3
INNSA1,2020-01-30,301049751,73239990,STEEL LUNCH BOX BIG-6588(TOTAL 2400 PCS) (MILD STEEL),,,,,,,,,715.0,KGS,510.3241818181818,364881.79,7.122458922793883,5092.558129797627,88739.3
INNSA1,2020-01-30,301049751,73239990,STEEL LUNCH BOX SMALL-6587 (TOTAL 2400 PCS) (MILD STEEL),,,,,,,,,487.0,KGS,557.1300821355236,271322.35,7.77571642896753,3786.773900907187,65985.5
INNSA1,2020-01-30,301049751,73239990,STEEL RECTANGLE CONTAINER MEDIUM-6577(TOTAL 21000 PCS) (MILDSTEEL),,,,,,,,,4620.0,KGS,470.6568225108225,2174434.52,6.568832135531367,30348.00446615492,528822.5
INNSA1,2020-01-30,301049751,73239990,STEEL RECTANGLE CONTAINER BIG-6578(MILD STEEL) (TOTAL 17040PCS),,,,,,,,,5033.9,KGS,415.5967361290451,2092072.41,5.800373149044593,29198.49839497557,508791.9
INNSA1,2020-01-30,301049751,73239990,STEEL RECTANGLE CONTAINER- 6901(TOTAL 2400 PCS) (MILD STEEL),,,,,,,,,390.0,KGS,432.3836666666667,168629.63,6.034663875319842,2353.518911374738,41010.8
INNSA1,2020-01-30,301049751,73239990,HOUSEHOLD STEEL HOOK 3 PCS SET-2628(TOTAL 70200 SET) (MILD STEEL),,,,,,,,,2379.0,KGS,970.7938671710803,2309518.61,13.5491118935252,32233.33719469644,561675.0
INNSA1,2020-01-30,301049751,73239990,STEEL LUNCH BOX-6561 (TOTAL 21240 PCS) (MILD STEEL),,,,,,,,,8094.8,KGS,471.5781476997578,3817330.79,6.58169082623528,53277.47090020934,928374.9
INNSA1,2020-01-30,301049751,73239990,STEEL LUNCH BOX 2 LAYER-8504 (MILD STEEL) (TOTAL 672 PCS),,,,,,,,,321.44,KGS,369.5441450970632,118786.27,5.157629380280016,1657.868387997209,28888.8
INNSA1,2020-01-29,301049751,73239990,STEEL TEA STRAINER -NP-55 (TOTAL 61200 PCS) (MILD STEEL),,,,,,,,,2805.0,KGS,496.7448591800357,1393369.33,6.932935927146345,19446.8852756455,338867.4
INNSA1,2020-01-29,301049751,73239990,RYX-02-021A-13 MILD STEEL MULTI FUNCTION CLOTH STAND (1164 NOS) (OTHER ARTICLES OF HOUSEHOLD OF IRON & STEEL),,,,,,,,,4268.0,KGS,198.6852272727273,847988.55,2.772996891454672,11835.15073272854,206230.9
INNSA1,2020-01-29,301049751,73239990,RYX-02-021A MILD STEEL MULTI FUNCTION CLOTH STAND (1296 NOS)(OTHER ARTICLES OF HOUSEHOLD OF IRON & STEEL),,,,,,,,,4752.0,KGS,193.0727167508417,917481.55,2.694664574331357,12805.04605722261,223131.5
INNSA1,2020-01-29,301049751,73239990,STEEL HAND BLENDER-RS-02 (TOTAL 10000 PCS) (MILD STEEL),,,,,,,,,650.0,KGS,530.4435076923078,344788.28,7.403259004777498,4812.118353105373,83852.5
INNSA1,2020-01-29,301049751,73239990,STEEL SPOON HOLDER ROUND -MP-96 ( TOTAL 18936 PCS) (MILD STEEL),,,,,,,,,4050.2,KGS,253.3138684509407,1025971.83,3.535434311946136,14319.21605024424,249516.4
INNSA1,2020-01-29,301049751,73239990,STEEL ZHARA -NP-003 (TOTAL 12000 PCS) (MILD STEEL),,,,,,,,,1120.0,KGS,345.9341071428572,387446.2,4.828110357890539,5407.483600837404,94226.9
INNSA1,2020-01-22,301049751,73239990,STEEL ZHARA-NP-003(TOTAL 60000 PCS) (MILD STEEL),,,,,,,,,5600.0,KGS,343.1583142857143,1921686.56,4.789369354999502,26820.46838799721,467354.3
INNSA1,2020-01-22,301049751,73239990,STAINLESS STEEL BOTTLE 750ML SG805-AM-06 (TOTAL 14400 PCS) (NOT VACUUM BOTTLE) (MILD STEEL),,,,,,,,,2280.0,KGS,508.5996973684211,1159607.31,7.09839075182723,16184.33091416608,282016.5
INNSA1,2020-01-22,301049751,73239990,STAINLESS STEEL SPORTS BOTTLE KOOU 750ML-MP-202 (TOTAL 21348PCS)(NOT VACUUM BOTTLE)(MILD STEEL),,,,,,,,,4032.4,KGS,438.2792406507291,1767317.21,6.116946833925039,24665.97641311933,429811.6
INNSA1,2020-01-22,301049751,73239990,STAINLESS STEEL SPORTS BOTTLE 750ML SG-702 -SB-01 (TOTAL 12528 PCS ) (NOT VACUUM BOTTLE) (MILD STEEL),,,,,,,,,2053.2,KGS,509.7275472433275,1046572.6,7.114131852663329,14606.73551988835,254526.5
INNSA1,2020-01-22,301049751,73239990,STAINLESS STEEL SPORTS BOTTLE 750ML S-308-C6 -NP-20 (TOTAL 22320 PCS (NOT VACUUM BOTTLE)(MILD STEEL),,,,,,,,,3968.0,KGS,432.6513684475806,1716760.63,6.038400117900636,23960.37166782972,417516.2
INNSA1,2020-01-22,301049751,73239990,STAINLESS STEEL SPORTS BOTTLE 650ML S115 -NP-21(TOTAL 3168 PCS)(NOT VACUUM BOTTLE)(MILD STEEL),,,,,,,,,563.2,KGS,452.9715909090909,255113.6,6.322004060140835,3560.552686671318,62043.6
INNSA1,2020-01-21,301049751,73239990,KW-830 STAINLESS STEEL SPORT BOTTLE 1000ML (QTY- 34920 PCS/USD 0.98 PER PCS),,,,,,,,,6790.0,KGS,373.8326421207659,2538323.64,5.217482793032321,35426.70816468946,617320.3
INNSA1,2020-01-17,301049751,73231000,STEEL SCRUBBER 6PCS SET - OKS-4156 (QTY- 98000 PCS/USD 0.268 PER PCS),,,,,,,,,9212.0,KGS,213.6427181936604,1968076.72,2.981754615403495,27467.923517097,609710.2
INNSA1,2020-01-16,301049751,73239990,STAINLESS STEEL GRATER WITH HANDLE-DS-25 (TOTAL 102000 PCS)(MILD STEEL),,,,,,,,,3400.0,KGS,471.7949352941176,1604102.78,6.539084342260812,22232.88676368676,390117.8
INNSA1,2020-01-16,301049751,73239990,STEEL HAND BLENDER-RS-02 (TOTAL 20400 PCS) (MILD STEEL),,,,,,,,,1326.0,KGS,533.0577828054298,706834.62,7.388188257871515,9796.737629937628,171902.2
INNSA1,2020-01-16,301049751,73239990,STEEL TEA STRAINER -NP-55 (TOTAL 61200 PCS) (MILD STEEL),,,,,,,,,2805.0,KGS,499.0888556149733,1399944.24,6.917378456201986,19403.24656964657,340466.4
INNSA1,2020-01-15,301049751,73231000,SS SCRUBBER 3PCS SET-SS410 (TOTAL 124200 SET),,,,,,,,,7659.0,KGS,198.8250359054707,1522800.95,2.755717753367577,21106.04227304227,471763.7
INNSA1,2020-01-09,301049751,73239990,KWP-1000B SS OIL POT 1000ML (QTY:27000 PCS/USD 1.45 PER PCS),,,,,,,,,6097.5,KGS,470.8807314473144,2871195.26,6.526413464273242,39794.80609840609,698274.7
INNSA1,2020-01-07,301049751,73239990,STAINLESS STEEL BOTTLE 750ML SG805-AM-06 (TOTAL 10800 PCS) (NOT VACUUM BOTTLE) (MILD STEEL),,,,,,,,,1710.0,KGS,506.4737953216374,866070.19,7.019733822891717,12003.74483714484,210628.3
INNSA1,2020-01-07,301049751,73239990,STAINLESS STEEL SPORTS BOTTLE 650ML S115 -NP-21(TOTAL 10800PCS)(NOT VACUUM BOTTLE)(MILD STEEL),,,,,,,,,1920.0,KGS,451.0782083333334,866070.16,6.251950219450219,12003.74442134442,210628.3
INNSA1,2020-01-07,301049751,73239990,STAINLESS STEEL COLA BOTTLE 750ML SK750-SL-01(TOTAL 19692 PCS)(NOT VACUUM BOTTLE)(MILD STEEL),,,,,,,,,3719.6,KGS,476.1243198193354,1770992.02,6.59908967178566,24545.97394317394,430705.2
INNSA1,2020-01-06,301049751,73239990,STAINLESS STEEL GRATER WITH HANDLE-KL324H-9S (MILD STEEL)(TOTAL 25200 PCS),,,,,,,,,4200.0,KGS,305.5622238095239,1283361.34,4.235096657096658,17787.40595980596,312113.4
INNSA1,2020-01-06,301049751,73239990,STEEL SALT BOTTLE -NP-19 (MILD STEEL) (TOTAL 30000 PCS),,,,,,,,,4687.5,KGS,226.3900842666667,1061203.52,3.137769705705705,14708.29549549549,258084.7
INNSA1,2020-01-06,301049751,73239990,STEEL SPOON HOLDER ROUND-MP-96(MILD STEEL)(TOTAL 6192 PCS),,,,,,,,,860.0,KGS,387.2972325581395,333075.62,5.367945011200824,4616.432709632709,81004.1
INNSA1,2020-01-06,301049751,73239990,STAINLESS STEEL GRATER WITH HANDLE SMALL -KL321RB-S(MILD STEEL)(TOTAL 19800 PCS),,,,,,,,,2695.0,KGS,363.3126716141002,979127.65,5.035518664090092,13570.7227997228,238123.9
INNSA1,2020-01-06,301049751,73239990,STEEL ZHARA-NP-003(TOTAL 60000 PCS) (MILD STEEL),,,,,,,,,5600.0,KGS,344.0152553571428,1926485.43,4.768056207306206,26701.11476091476,468521.3
INNSA1,2020-01-06,301049751,73239990,STAINLESS STEEL GRATER WITH HANDLE HEXA-KL326D-9S(MILD STEEL)(TOTAL 15600 PCS),,,,,,,,,3575.0,KGS,309.1854965034965,1105338.15,4.285315266853728,15320.00207900208,268818.2
INNSA1,2020-01-06,301049751,73239990,STAINLESS STEEL GRATER WITH HANDLE-KL3241-8S(MILD STEEL)(TOTAL 19800 PCS),,,,,,,,,2530.0,KGS,340.7971620553359,862216.82,4.723453389540345,11950.33707553707,209691.2
INNSA1,2020-01-06,301049751,73239990,STAINLESS STEEL GRATER WITH HANDLE BIG -KL321R-S(MILD STEEL)(TOTAL 10224 PCS),,,,,,,,,2215.2,KGS,354.2750406283857,784790.07,4.910256973366399,10877.20124740125,190860.9
INNSA1,2019-12-30,301049751,73239990,STAINLESS STEEL SPORTS BOTTLE KOOU 750ML-MP-202 (TOTAL 10800PCS)(NOT VACUUM BOTTLE)(MILD STEEL),,,,,,,,,2040.0,KG,436.1031666666667,889650.46,6.065412610106629,12373.44172461752,216362.9
INNSA1,2019-12-30,301049751,73239990,STAINLESS STEEL COLA BOTTLE 750ML SK750-SL-01(TOTAL 10800 PCS)(NOT VACUUM BOTTLE)(MILD STEEL),,,,,,,,,2040.0,KG,475.7489264705883,970527.81,6.616813998200115,13498.30055632823,236032.4
INNSA1,2019-12-30,301049751,73239990,STAINLESS STEEL SPORTS BOTTLE 650ML S115 -NP-21(TOTAL 8640 PCS)(NOT VACUUM BOTTLE)(MILD STEEL),,,,,,,,,1536.0,KG,450.7225651041667,692309.86,6.2687422128535,9628.788038942976,168369.8
INNSA1,2019-12-26,301049751,73239990,STAINLESS STEEL SPORT BOTTLE 750ML ( ITEM NO. KW-820) ( QTY47160 PCS),,,,,,,,,7451.28,KG,415.7838586122116,3098121.95,5.782807491129508,43089.31780250348,753463.2
INNSA1,2019-12-24,301049751,73239990,STEEL LEMON SQUEEZER-AM-217 (TOTAL 120 PCS) (MILD STEEL),,,,,,,,,30.0,KG,612.9703333333333,18389.11,8.525317570700045,255.7595271210014,4472.2
INNSA1,2019-12-24,301049751,73239990,STEEL TEA STRAINER-NP-55(TOTAL 61200 PCS) (MILD STEEL),,,,,,,,,2805.0,KG,485.1317219251337,1360794.48,6.74731184875012,18926.20973574409,330945.1
INNSA1,2019-12-23,301049751,73239990,STAINLESS STEEL BOTTLE 750ML SG805-AM-06 (TOTAL 7200 PCS) (NOT VACUUM BOTTLE) (MILD STEEL),,,,,,,,,1080.0,KG,532.7043240740741,575320.67,7.408961391850821,8001.678303198887,139918.0
INNSA1,2019-12-23,301049751,73239990,STAINLESS STEEL SPORTS BOTTLE 650ML S115-NP-21 (TOTAL 9792 PCS)(NOT VACUUM BOTTLE) (MILD STEEL),,,,,,,,,1740.8,KG,449.469295726103,782436.15,6.251311484368609,10882.28303198887,190288.5
INNSA1,2019-12-23,301049751,73239990,STAINLESS STEEL SPORTS BOTTLE 750ML SG-702 -SB-01 (TOTAL 14400 PCS ) (NOT VACUUM BOTTLE) (MILD STEEL),,,,,,,,,2360.0,KG,505.7864237288135,1193655.96,7.034581693029395,16601.61279554937,290297.2
INNSA1,2019-12-23,301049751,73239990,STAINLESS STEEL SPORTS BOTTLE 750ML S-308-C6 -NP-20 (TOTAL 12600 PCS (NOT VACUUM BOTTLE)(MILD STEEL),,,,,,,,,2240.0,KG,429.3061875,961645.86,5.970878824756606,13374.7685674548,233872.3
INNSA1,2019-12-21,301049751,73239990,STAINLESS STEEL SPORT BOTTLE 1000 ML ( ITEM NO. KW-830) ( QTY 34920 PCS),,,,,,,,,6790.0,KG,369.1963387334316,2506843.14,5.134858675012956,34865.69040333797,609664.2
INNSA1,2019-12-18,301049751,73239990,STEEL GLASS CANISTER 3PCS SET -NP-20 (MILD STEEL) (TOTAL 600SET),,,,,,,,,1400.0,KG,127.4574285714286,178440.4,1.760461720599842,2464.646408839779,43396.7
INNSA1,2019-12-18,301049751,73239990,STEEL LUNCH BOX MEDIUM 6577 -AM-179 (TOTAL 336 PCS)(MILD STEEL),,,,,,,,,70.0,KG,603.5322857142858,42247.26,8.336081294396212,583.5256906077348,10274.5
INNSA1,2019-12-18,301049751,73239990,STEEL LUNCH BOX RECTANGLE 6576 -AM-170 (MILD STEEL) (TOTAL 720 PCS),,,,,,,,,65.0,KG,690.3366153846154,44871.88,9.535036124096896,619.7773480662983,10912.8
INNSA1,2019-12-18,301049751,73239990,STEEL LUNCH BOX 6016-3 -AM-192 (MILD STEEL) (TOTAL 360 PCS),,,,,,,,,159.0,KG,420.8500628930818,66915.16,5.812846172556378,924.2425414364641,16273.8
INNSA1,2019-12-18,301049751,73239990,STEEL LUNCH BOX MINI 001 -AM-169 (MILD STEEL) (TOTAL 720 PCS),,,,,,,,,38.0,KG,807.8989473684211,30700.16,11.15882523989532,424.0353591160221,7466.3
INNSA1,2019-12-18,301049751,73239990,STEEL LUNCH BOX 6576-AM-180 (MILD STEEL) (TOTAL 360 PCS),,,,,,,,,35.0,KG,652.2457142857143,22828.6,9.008918705603786,315.3121546961326,5552.0
INNSA1,2019-12-18,301049751,73239990,STEEL LUNCH BOX 6581 -AM-181 (MILD STEEL) (TOTAL 336 PCS),,,,,,,,,42.0,KG,647.2414285714285,27184.14,8.939798737174426,375.4715469613259,6611.1
INNSA1,2019-12-09,301049751,73239990,STEEL LUNCH BOX-6900(MILD STEEL)(TOTAL 86400 PCS),,,,,,,,,10116.0,KG,474.290808620008,4797925.82,6.550978019613369,66269.69364640884,1166855.6
INNSA1,2019-12-09,301049751,73239990,STEEL ROUND CONTAINER-6857 (TOTAL 72000 PCS)(MILD STEEL),,,,,,,,,9180.0,KG,435.5415501089325,3998271.43,6.015767266697962,55224.74350828729,972379.6
INNSA1,2019-12-09,301049751,73239990,STEEL ROUND CONTAINER-6856 (MILD STEEL) (TOTAL 127392 PCS),,,,,,,,,10616.0,KG,508.5520949510174,5398789.04,7.024200206505764,74568.90939226518,1312985.5
INNSA1,2019-11-26,301049751,73239990,STEEL ZHARA WAN-MP-263 (TOTAL 102000 PCS) (MILD STEEL),,,,,,,,,9605.0,KG,367.9336512233212,3534002.72,5.057507233310257,48577.35697594502,859469.5
INNSA1,2019-11-26,301049751,73239990,STEEL HANGER WITH HOOK ( ITEM NO. SM1168) (QTY: 25440 NOS),,,,,,,,,4770.0,KG,458.1531383647799,2185390.47,6.297637640752988,30039.73154639175,531486.9
INNSA1,2019-11-26,301049751,73239990,STEEL ZHARA-NP-003(TOTAL 24000 PCS) (MILD STEEL),,,,,,,,,2240.0,KG,350.2033571428572,784455.52,4.813791850760923,10782.89374570447,190779.7
INNSA1,2019-11-26,301049751,73239990,STEEL MULTI GRATER AND SLICER-RS-04 (TOTAL 144 PCS) (MILDSTEEL),,,,,,,,,31.8,KG,274.3474842767296,8724.25,3.77109944022996,119.9209621993127,2121.7
INNSA1,2019-11-13,301049751,73239990,STEEL ZHARA-NP-003(TOTAL 60000 PCS) (MILD STEEL),,,,,,,,,5600.0,KG,343.4346446428572,1923234.01,4.769925620039682,26711.58347222222,467730.5
INNSA1,2019-11-13,301049751,73239990,STEEL MULTI GRATER AND SLICER -RS-04 (TOTAL 5856 PCS) (MILDSTEEL),,,,,,,,,1049.2,KG,333.9875619519634,350419.75,4.638716138221714,4866.940972222223,85222.1
INNSA1,2019-11-13,301049751,73239990,STEEL TEA STRAINER-NP-55 (TOTAL 86040 PCS) (MILD STEEL),,,,,,,,,3943.5,KG,487.2427919360974,1921441.95,6.767260999112463,26686.69375,467294.7
INNSA1,2019-11-05,301049751,73239990,STEEL RECTANGLE CONTAINER LARGE-6862 (MILD STEEL) (TOTAL 20400 PCS),,,,,,,,,5100.0,KG,435.3185490196079,2220124.6,6.021003444254604,30707.11756569848,539934.3
INNSA1,2019-11-05,301049751,73239990,STEEL RECTANGLE CONTAINER- 6901(MILD STEEL) (TOTAL 54000 PCS),,,,,,,,,8775.0,KG,453.6866381766382,3981100.25,6.275057236191399,55063.62724757953,968203.6
INNSA1,2019-10-15,301049751,73231000,STEEL SCRUBBER 2 PCS-SET-SS430 (TOTAL 226080 SET)(MILD STEEL),,,,,,,,,7850.0,KG,255.7208038216561,2007408.31,3.544293885262038,27822.706999307,621895.1
INNSA1,2019-10-15,301049751,73239990,STEEL HANGER WITH HOOK ( ITEM NO. SM1168) ( QTY 25440 NOS),,,,,,,,,4770.0,KG,454.0877106918239,2165998.38,6.293661963850642,30020.76756756756,526770.8
INNSA1,2019-10-15,301049751,73239990,STEEL TEA STRAINER -NP-55 (TOTAL 14760 PCS) (MILD STEEL),,,,,,,,,676.5,KG,484.4859719142646,327754.76,6.714982285713993,4542.685516285516,79709.9
INNSA1,2019-10-15,301049751,73239990,STEEL HAND BLENDER-RS-02 (TOTAL 10200 PCS) (MILD STEEL),,,,,,,,,425.0,KG,831.0165882352941,353182.05,11.51790143084261,4895.108108108107,85893.9
INNSA1,2019-10-15,301049751,73239990,STEEL ZHARA-NP-003 (TOTAL 36000 PCS) (MILD STEEL),,,,,,,,,3360.0,KG,341.9555684523809,1148970.71,4.739508918258918,15924.74996534996,279429.7
INNSA1,2019-10-09,301049751,73239990,STEEL TEA STRAINER -NP-55(MILD STEEL) (TOTAL 55440 PCS),,,,,,,,,2541.0,KG,486.5216489571035,1236251.51,6.743196797742251,17134.46306306306,300656.4
INNSA1,2019-10-09,301049751,73239990,STEEL ZHARA-NP-003(MILD STEEL) (TOTAL 60000 PCS),,,,,,,,,5497.4,KG,349.4416724269655,1921020.65,4.843266423104164,26625.37283437283,467192.3
INNSA1,2019-10-09,301049751,73239990,STEEL HANGER WITH HOOK-SL-89 (MILD STEEL)(TOTAL 69336 PCS)(HOUSEHOLD),,,,,,,,,15408.0,KG,336.3336364226376,5182228.67,4.661588862406619,71825.76119196118,1260318.1
INNSA1,2019-10-07,301049751,73239990,SS OIL POT 1000ML ( ITEM NO. KWP-1000B) ( QTY 24840 PCS),,,,,,,,,6210.0,KG,444.0062624798712,2757278.89,6.153932951903966,38215.92363132363,670570.3
INNSA1,2019-09-24,301049751,73239990,HOUSEHOLD STEEL HOOK 3 PCS SET-2628(TOTAL 68760 SET) (MILD STEEL),,,,,,,,,2330.2,KG,957.9236889537378,2232153.78,13.26764112124291,30916.25734072022,542859.8
INNSA1,2019-09-23,301049751,73239990,STEEL LUNCH BOX 3LAYER -8505 (MILD STEEL) (TOTAL 16800 PCS),,,,,,,,,10892.0,KG,389.1724219610723,4238866.02,5.390199750153355,58710.05567867035,1030892.3
INNSA1,2019-09-23,301049751,73239990,STAINLESS STEEL SPORT BOTTLE 1000 ML ( ITEM NO. KW-830)( QTY34920 PCS),,,,,,,,,6790.0,KG,395.5840058910162,2686015.4,5.479002851676125,37202.42936288088,653239.0
INNSA1,2019-09-23,301049751,73239990,STEEL LUNCH BOX 2 LAYER-8504 (MILD STEEL) (TOTAL 22128 PCS),,,,,,,,,10584.56,KG,379.6059496096201,4017961.95,5.257700133097231,55650.44252077562,977168.3
INNSA1,2019-09-23,301049751,73239990,STEEL LUNCH BOX-6527 (MILD STEEL) (TOTAL 26124 PCS),,,,,,,,,9099.86,KG,418.6964491761411,3810079.07,5.799119794683395,52771.17825484764,926611.2
INNSA1,2019-09-18,301049751,73239990,STAINLESS STEEL SPORTS BOTTLE ( ITEM NO. KWB-600F) (QTY 50400 PCS),,,,,,,,,7897.5,KG,497.43523773346,3928494.79,6.832901617217857,53962.84052197803,955409.9
INNSA1,2019-09-17,301049751,73239990,STEEL ZHARA -NP-003 (MILD STEEL) (TOTAL 60000 PCS),,,,,,,,,5250.0,KG,368.4725961904762,1934481.13,5.061436760858189,26572.54299450549,470465.8
INNSA1,2019-09-17,301049751,73239990,STEEL PIZZA CUTTER-RJ-388 (TOTAL 12600 PCS) (MILD STEEL),,,,,,,,,1120.0,KG,390.1157321428572,436929.62,5.358732584379906,6001.780494505495,106261.3
INNSA1,2019-09-17,301049751,73239990,STEEL TEA STRAINER -NP-55 (MILD STEEL) (TOTAL 45360 PCS),,,,,,,,,2079.0,KG,491.2436748436749,1021295.6,6.747852676424105,14028.78571428571,248379.2
INNSA1,2019-09-10,301049751,73239990,STEEL SALT BOTTLE -NP-19 (MILD STEEL) (TOTAL 9600 PCS),,,,,,,,,1600.0,KG,217.95086875,348721.39,2.993830614697802,4790.128983516483,84809.0
INNSA1,2019-08-31,301049751,73239990,STAINLESS STEEL GRATER WITH HANDLE-KL324I-8S(MILD STEEL) (TOTAL 10800 PCS),,,,,,,,,1200.0,KG,409.9267,491912.04,5.705312456506611,6846.374947807933,119633.0
INNSA1,2019-08-31,301049751,73239990,STAINLESS STEEL GRATER WITH HANDLE HEXA -KL326D-9S(MILD STEEL) (TOTAL 1200 PCS),,,,,,,,,250.0,KG,354.91488,88728.72,4.939664300626305,1234.916075156576,21578.9
INNSA1,2019-08-31,301049751,73239990,STAINLESS STEEL GRATER WITH HANDLE-KL324H-9S(MILD STEEL) (TOTAL 2700 PCS),,,,,,,,,397.5,KG,360.6069182389937,143341.25,5.018885431301236,1995.006958942241,34860.6
INNSA1,2019-08-31,301049751,73239990,STAINLESS STEEL GRATER WITH HANDLE-KL324I-9S(MILD STEEL) (TOTAL 2520 PCS),,,,,,,,,357.0,KG,378.923837535014,135275.81,5.273818198121281,1882.753096729297,32899.1
INNSA1,2019-08-31,301049751,73239990,STAINLESS STEEL GRATER WITH HANDLE-KL324P-3S(MILD STEEL) (TOTAL 18000 PCS)DPD CLIENT,,,,,,,,,360.0,KG,805.9525555555555,290142.92,11.21715456583933,4038.175643702157,70562.7
INNSA1,2019-08-31,301049751,73231000,SS SCRUBBER 3PCS SET-SS410 (TOTAL 123840 SET)-DPD CLIENT,,,,,,,,,7740.0,KG,208.3918733850129,1612953.1,2.900374020668238,22448.89491997217,499692.8
INNSA1,2019-08-31,301049751,73239990,STAINLESS STEEL GRATER WITH HANDLE SMALL-KL321R-S(MILD STEEL) (TOTAL 2400 PCS),,,,,,,,,470.0,KG,409.6624255319149,192541.34,5.701634314988378,2679.768128044537,46826.0
INNSA1,2019-08-31,301049751,73239990,STAINLESS STEEL GRATER WITH HANDLE BIG-KL321RB-S(MILD STEEL)(TOTAL 2520 PCS),,,,,,,,,280.0,KG,465.8257857142857,130431.22,6.483309474102794,1815.326652748782,31720.8
INNSA1,2019-08-31,301049751,73239990,STEEL ZHARA -NP-003 (MILD STEEL) (TOTAL 48120 PCS),,,,,,,,,4491.2,KG,345.9530214641966,1553744.21,4.814934188784922,21624.83242867084,377870.5
INNSA1,2019-08-29,301049751,73239990,SS OIL POT 1000ML ( ITEM NO. KWP-1000B) (QTY 27000 PCS),,,,,,,,,6750.0,KG,442.7674814814815,2988680.5,6.162386659449986,41596.10995128741,726847.1
INNSA1,2019-08-24,301049751,73239990,STAINLESS STEEL GRATER WITH HANDLE-DS-25 (MILD STEEL) (TOTAL102240 PCS),,,,,,,,,3408.0,KG,468.3220099765258,1596041.41,6.518051635024716,22213.51997216423,388157.2
INNSA1,2019-08-24,301049751,73239990,STEEL ROUND CONTAINER BIG-6582 (MILD STEEL) (TOTAL 3000 PCS),,,,,,,,,886.25,KG,340.8534724964739,302081.39,4.743959255344104,4204.333890048713,73466.1
INNSA1,2019-08-24,301049751,73239990,STEEL TEA STRAINER -NP-55 (MILD STEEL) (TOTAL 50400 PCS),,,,,,,,,2310.0,KG,485.6370779220779,1121821.65,6.759040750481251,15613.38413361169,272827.0
INNSA1,2019-08-24,301049751,73239990,STEEL LUNCH BOX 3LAYER -8505 (MILD STEEL) (TOTAL 16800 PCS),,,,,,,,,10892.0,KG,389.404882482556,4241397.98,5.419692170947196,59031.28712595686,1031508.0
INNSA1,2019-08-24,301049751,73239990,STEEL ROUND CONTAINER MEDIUM-6581 (MILD STEEL) (TOTAL 3000 PCS),,,,,,,,,660.0,KG,341.6159696969697,225466.54,4.754571603298118,3138.017258176757,54833.5
INNSA1,2019-08-24,301049751,73239990,STEEL LUNCH BOX 2 LAYER-8504 (MILD STEEL) (TOTAL 26400 PCS)-DPD CLIENT,,,,,,,,,12628.0,KG,379.8326963889769,4796527.29,5.286467590660778,66757.5127348643,1166515.4
INNSA1,2019-08-24,301049751,73239990,STEEL LUNCH BOX-6900 (MILD STEEL) (TOTAL 456 PCS),,,,,,,,,53.39,KG,492.3292751451582,26285.46,6.852181978359893,365.8379958246347,6392.6
INNSA1,2019-08-24,301049751,73231000,STEEL SCRUBBER 6PCS SET ( ITEM NO. OKS-4156) ( QTY 98000 PCS),,,,,,,,,9065.0,KG,222.6762801985659,2018560.48,3.09918274458686,28094.09157967989,625350.0
INNSA1,2019-08-24,301049751,73239990,STEEL LUNCH BOX-6527 (MILD STEEL) (TOTAL 288 PCS),,,,,,,,,100.32,KG,418.9465709728868,42028.72,5.830849978745815,584.9508698677802,10221.4
INNSA1,2019-08-24,301049751,73239990,STEEL SPOON HOLDER ROUND- MP-96 (MILD STEEL) (TOTAL 36 PCS),,,,,,,,,7.7,KG,244.448051948052,1882.25,3.402199748755073,26.19693806541406,457.7
INNSA1,2019-08-24,301049751,73239990,STEEL RECTANGLE CONTAINER BIG-6578(MILD STEEL) (TOTAL 3000 PCS),,,,,,,,,886.25,KG,466.8210437235543,413720.15,6.497161360105141,5758.109255393181,100616.7
INNSA1,2019-08-24,301049751,73239990,STEEL RECTANGLE CONTAINER MEDIUM-6577 (MILD STEEL) (TOTAL 3000 PCS),,,,,,,,,660.0,KG,514.0823333333334,339294.34,7.154938529343541,4722.259429366737,82516.3
INNSA1,2019-08-24,301049751,73231000,STEEL SCRUBBER 2PCS SET ( ITEM NO.8001-2) ( QTY 166320 SETS),,,,,,,,,4851.0,KG,411.2260049474335,1994857.35,5.723396032671309,27764.19415448852,618006.8
INNSA1,2019-08-19,301049751,73239990,STAINLESS STEEL SPORTS BOTTLE 750ML SG-702 -SB-01 (TOTAL 41472 PCS ) (NOT VACUUM BOTTLE) (MILD STEEL)-DPD CLIENT,,,,,,,,,6566.4,KG,580.3949789839181,3811105.59,8.077870271174922,53042.52734864301,926861.0
INNSA1,2019-08-19,301049751,73239990,STAINLESS STEEL SPORTS BOTTLE 750ML SG-901-A-19 (TOTAL 720 PCS) (NOT VACUUM BOTTLE) (MILD STEEL),,,,,,,,,132.0,KG,509.3348484848485,67232.2,7.088863583644377,935.7299930410578,16350.8
INNSA1,2019-08-19,301049751,73239990,STAINLESS STEEL BOTTLE 750ML SG805-AM-6 (TOTAL 3780 PCS ) (NOT VACUUM BOTTLE) (MILD STEEL),,,,,,,,,567.0,KG,597.8172486772487,338962.38,8.320351408173261,4717.639248434239,82435.6
INNSA1,2019-08-19,301049751,73239990,STEEL SPOON HOLDER ROUND -MP-96 (TOTAL 20700 PCS) (MILD STEEL),,,,,,,,,4427.5,KG,252.9303376623377,1119849.07,3.520255221466078,15585.92999304106,272347.3
INNSA1,2019-08-13,301049751,73239990,STEEL ZHARA-AM-60 (TOTAL 1440 PCS) (MILD SEEL),,,,,,,,,103.2,KG,309.4916666666667,31939.54,4.421309523809524,456.2791428571429,7767.8
INNSA1,2019-08-12,301049751,73239990,STEEL LUNCH BOX 6862 -AM-22 (TOTAL 336 PCS)(MILD STEEL),,,,,,,,,87.5,KG,500.4611428571428,43790.35,7.149444897959183,625.5764285714286,10649.8
INNSA1,2019-08-12,301049751,73239990,STEEL ZHARA-AM-60 (TOTAL 960 PCS) (MILD STEEL),,,,,,,,,68.8,KG,308.2264534883721,21205.98,4.403235049833887,302.9425714285714,5157.3
INNSA1,2019-08-12,301049751,73239990,STEEL LUNCH BOX 2652 -AM-20 (TOTAL 288 PCS) (MILD STEEL),,,,,,,,,57.6,KG,662.6869791666666,38170.77,9.466956845238094,545.2967142857142,9283.2
INNSA1,2019-08-12,301049751,73239990,STEEL LUNCH BOX 6861 -AM-21 (TOTAL 420 PCS)(MILD STEEL),,,,,,,,,77.0,KG,586.3775324675324,45151.07,8.37682189239332,645.0152857142857,10980.7
INNSA1,2019-08-12,301049751,73239990,STEEL LUNCH BOX 2651-AM-19 (TOTAL 480 PCS) (MILD STEEL),,,,,,,,,72.0,KG,667.5956944444445,48066.89,9.53708134920635,686.6698571428572,11689.9
INNSA1,2019-08-10,301049751,73231000,SS SCOURER 3 PCS SET (MADE OF STEEL) ( QTY 106800 NOS),,,,,,,,,6401.0,KG,250.0773504139978,1600745.12,3.572533577342826,22867.78742857143,495910.9
INNSA1,2019-08-05,301049751,73239990,STEEL LUNCH BOX-6527 (TOTAL 26112 PCS) (MILD STEEL)DPD CLIENT,,,,,,,,,9095.68,KG,408.9297479682662,3719494.13,5.841853542403803,53135.63042857143,904580.9
INNSA1,2019-08-05,301049751,73239990,STEEL ZHARA-NP-003 (TOTAL 71880 PCS) (MILD STEEL),,,,,,,,,6708.8,KG,346.9177408776533,2327401.74,4.955967726823618,33248.59628571429,566024.1
INNSA1,2019-08-03,301049751,73231000,STEEL SCRUBBER 2PCS SET (ITEM NO. 8001-2) ( QTY 167400 SETS),,,,,,,,,4882.0,KG,400.6196374436706,1955825.07,5.723137677766723,27940.35814285715,605914.7
INNSA1,2019-07-30,301049751,73239990,STEEL SPOON HOLDER ROUND-MP-96(MILD STEEL) (TOTAL 8136 PCS) -,,,,,,,,,1740.2,KGS,246.9528215147684,429747.3,3.545625578101484,6170.097631012203,104514.5
INNSA1,2019-07-30,301049751,73239990,STEEL TEA STRAINER -NP-55 (MILD STEEL) (TOTAL 50400 PCS) -,,,,,,,,,2310.0,KGS,486.1632467532468,1123037.1,6.980089687770951,16124.0071787509,273122.6
INNSA1,2019-07-30,301049751,73239990,STEEL ZHARA-RS-07 (MILD STEEL) (TOTAL 2400 PCS) -,,,,,,,,,20.0,KGS,3708.39,74167.8,53.24321608040201,1064.86432160804,18037.7
INNSA1,2019-07-30,301049751,73239990,STAINLESS STEEL GRATER WITH HANDLE-DS-25 (MILD STEEL) (TOTAL - 51000 PCS),,,,,,,,,1700.0,KGS,469.0280176470588,797347.63,6.734070605126472,11447.920028715,193915.0
INNSA1,2019-07-24,301049751,73239990,STEEL LUNCH BOX 3LAYER -8505(MILD STEEL) (TOTAL 16800 PCS) -,,,,,,,,,10892.0,KGS,376.3297383400661,4098983.51,5.40315489361186,58851.16310122038,996872.8
INNSA1,2019-07-24,301049751,73239990,STEEL MULTI GRATER AND SLICER-RS-04(MILD STEEL) (TOTAL720 PC - S),,,,,,,,,170.0,KGS,267.9796470588236,45556.54,3.847518263586842,654.0781048097631,11079.4
INNSA1,2019-07-24,301049751,73239990,STEEL MULTI PEELER-RS-03(MILD STEEL) (TOTAL 1200 PCS) -,,,,,,,,,75.0,KGS,762.2532,57168.99,10.94405168700646,820.8038765254845,13903.5
INNSA1,2019-07-24,301049751,73239990,STEEL ROUND CONTAINER-6856 (MILD STEEL) (TOTAL 20064 PCS) -,,,,,,,,,1672.0,KGS,507.7188397129187,848905.9,7.289574152374999,12188.167982771,206454.0
INNSA1,2019-07-24,301049751,73239990,STEEL WATER JUG-6311(MILD STEEL) (TOTAL 2016 PCS) -,,,,,,,,,582.96,KGS,487.7222622478386,284322.57,7.002473255532499,4082.161809045226,69147.3
INNSA1,2019-07-24,301049751,73239990,STEEL RECTANGLE CONTAINER MEDIUM-6861 (MILD STEEL) (TOTAL 3 - 000 PCS),,,,,,,,,550.0,KGS,530.7969818181818,291938.34,7.620918619069372,4191.505240488155,70999.4
INNSA1,2019-07-24,301049751,73239990,STEEL RECTANGLE CONTAINER- 6901(MILD STEEL) (TOTAL 3000 PCS) -,,,,,,,,,487.5,KGS,446.9661948717949,217896.02,6.417317945036538,3128.442498205312,52992.4
INNSA1,2019-07-24,301049751,73239990,STEEL LUNCH BOX-6900 (MILD STEEL) (TOTAL 49560 PCS) -,,,,,,,,,5802.65,KGS,475.7982059920898,2760890.46,6.831273596440629,39639.48973438621,671448.5
INNSA1,2019-07-24,301049751,73239990,STEEL ROUND CONTAINER 730ML-6858 (MILD STEEL) (TOTAL 35040 P - CS),,,,,,,,,6847.4,KGS,389.7201872243479,2668570.01,5.595408287499611,38313.99870782483,648996.2
INNSA1,2019-07-24,301049751,73239990,STEEL LUNCH BOX 2 LAYER-8504 (MILD STEEL) (TOTAL 22800 PCS)D - PD CLIENT,,,,,,,,,10906.0,KGS,367.0789592884651,4003363.13,5.270336816776239,57478.29332376166,973617.9
INNSA1,2019-07-24,301049751,73239990,STEEL RECTANGLE CONTAINER LARGE-6862 (MILD STEEL) (TOTAL 30 - 24 PCS),,,,,,,,,756.0,KGS,459.7676190476191,347584.32,6.601114415615492,4990.442498205312,84532.4
INNSA1,2019-07-23,301049751,73239990,STEEL SPOON HOLDER ROUND-MP-96 (MILD STEEL) (TOTAL 12636 PCS - ),,,,,,,,,2702.7,KGS,251.5444555444555,679849.2,3.611549971923266,9760.936109117012,165339.3
INNSA1,2019-07-23,301049751,73239990,HOUSEHOLD STEEL HOOK 3 PCS SET-2628(TOTAL 68760 SET) (MILD S - TEEL)-DPD CLIENT,,,,,,,,,2330.2,KGS,933.1311175006438,2174382.13,13.39743169419445,31218.69533381191,528809.7
INNSA1,2019-07-23,301049751,73239990,STEEL PEELER-MP-196 (MILD STEEL) (TOTAL 20400 PCS) -,,,,,,,,,1742.5,KGS,432.1193170731707,752967.91,6.204153870397282,10810.73811916726,183121.8
INNSA1,2019-07-18,301049751,73239990,RYX-02-021A MILD STEEL MULTI FUNCTION CLOTH STAND (OTHER ART - ICLES OF HOUSEHOLD OF IRON & STEEL) (5184 NOS),,,,,,,,,19008.0,KGS,175.0491614057239,3327334.46,2.509665396497834,47703.71985663082,809207.7
INNSA1,2019-07-18,301049751,73239990,STEEL MULTI PEELER-RS-01 (TOTAL 1920 PCS) (MILD STEEL) -,,,,,,,,,100.0,KGS,308.5901,30859.01,4.42423082437276,442.423082437276,7504.9
INNSA1,2019-07-15,301049751,73239990,STAINLESS STEEL SPORTS BOTTLE KOOU 750ML-MP-202 (TOTAL 2070 - 0 PCS ) (NOT VACUUM BOTTLE) (MILD STEEL)DPD CLIENT,,,,,,,,,3910.0,KGS,426.9937519181586,1669545.57,6.121774221048868,23936.13720430108,406033.6
INNSA1,2019-07-15,301049751,73239990,STEEL HAND BLENDER-RS-02 (MILD STEEL) (TOTAL 1200 PCS) -,,,,,,,,,69.5,KGS,630.0835971223021,43790.81,9.033456589567056,627.8252329749104,10649.9
INNSA1,2019-07-15,301049751,73239990,STAINLESS STEEL BOTTLE 750ML SG805-AM-6(TOTAL 23184 PCS ) (N - OT VACUUM BOTTLE) (MILD STEEL),,,,,,,,,3477.6,KGS,580.9035369220152,2020150.14,8.328366120745738,28962.72602150538,491300.5
INNSA1,2019-07-10,301049751,73239990,STAINLESS STEEL BOTTLE 750ML SG805-AM-6(TOTAL 33588 PCS ) (N - OT VACUUM BOTTLE) (MILD STEEL),,,,,,,,,5038.2,KGS,581.0765412250407,2927579.83,8.330846469176212,41972.47068100359,711987.4
INNSA1,2019-07-10,301049751,73239990,STAINLESS STEEL SPORTS BOTTLE KOOU 750ML-MP-202 (TOTAL 1080 - 0 PCS ) (NOT VACUUM BOTTLE) (MILD STEEL)DPD CLIENT,,,,,,,,,2040.0,KGS,427.1209166666667,871326.67,6.123597371565114,12492.13863799283,211906.7
INNSA1,2019-07-05,301049751,73239990,STEEL ZHARA -NP-003 (MILD STEEL) (TOTAL 60000 PCS) -,,,,,,,,,5600.0,KGS,345.4088410714286,1934289.51,4.952098079877112,27731.74924731183,470419.3
INNSA1,2019-07-05,301049751,73239990,HOUSE HOLD STEEL HOOK 6 PCS SET -GN-09 (TOTAL 5000 SET) -,,,,,,,,,800.0,KGS,346.4905874999999,277192.47,4.967606989247311,3974.085591397849,67413.1
INNSA1,2019-07-05,301049751,73239990,STEEL SALT BOTTLE-NP-19 (MILD STEEL) (TOTAL 1008 PCS) -,,,,,,,,,154.0,KGS,248.813961038961,38317.35,3.567225247870409,549.352688172043,9318.8
INNSA1,2019-07-04,301049751,73239990,STEEL GLASS CANISTER 3PCS SET-NP-20 (MILD STEEL)(TOTAL 18 SE - T)-DPD CLIENT,,,,,,,,,42.0,KGS,129.4809523809524,5438.2,1.839218073593073,77.24715909090908,1322.6
INNSA1,2019-07-03,301049751,73239990,RYX-02-020 MILD STEEL MULTI FUNCTION CLOTH STAND (OTHER ARTI - CLES OF HOUSEHOLD OF IRON & STEEL) (2464 NOS),,,,,,,,,8008.0,KGS,317.5752247752247,2543142.4,4.511011715557169,36124.18181818182,618492.2
INNSA1,2019-07-03,301049751,73239990,RYX-02-021A MILD STEEL MULTI FUNCTION CLOTH STAND (OTHER ART - ICLES OF HOUSEHOLD OF IRON & STEEL) (6480 NOS),,,,,,,,,23760.0,KGS,175.4253253367003,4168105.73,2.491837007623584,59206.04730113636,1013683.4
INNSA1,2019-07-03,301049751,73239990,KWP-600B SS OIL POT 600ML ( QTY 38960 PCS/ USD 1.26 PER PCS - ),,,,,,,,,7012.8,KGS,496.8903775952543,3484592.84,7.058101954478044,49497.05738636363,847453.0
INNSA1,2019-07-03,301049751,73239990,KWP-1000B SS OIL POT 1000ML ( QTY 27000 PCS/ USD 1.52 PER PC - S),,,,,,,,,6750.0,KGS,432.2688888888889,2917815.0,6.140183080808081,41446.23579545454,709612.7
INNSA1,2019-06-25,301049751,73239990,STEEL TEA STRAINER -NP-55 (MILD STEEL) (TOTAL 27648 PCS) -,,,,,,,,,1267.2,KGS,489.4924952651515,620284.89,6.95301839865272,8810.864914772726,150853.3
INNSA1,2019-06-25,301049751,73239990,STEEL TEA STRAINER -NP-55 (MILD STEEL) (TOTAL 22752 PCS) -,,,,,,,,,1042.8,KGS,491.1026850786345,512121.88,6.975890413048784,7274.458522727272,124548.0
INNSA1,2019-06-24,301049751,73239990,STAINLESS STEEL SPORTS BOTTLE 650ML S115-NP-21 (TOTAL 1440 P - CS ) (NOT VACUUM BOTTLE) (MILD STEEL)DPD CLIENT,,,,,,,,,256.0,KGS,465.149140625,119078.18,6.607232111150568,1691.451420454545,28959.8
INNSA1,2019-06-24,301049751,73239990,STAINLESS STEEL SPORTS BOTTLE KOOU 750ML-MP-202 (TOTAL 1080 - 0 PCS ) (NOT VACUUM BOTTLE) (MILD STEEL),,,,,,,,,2040.0,KGS,430.1069607843137,877418.2,6.109473874777183,12463.32670454545,213388.1
INNSA1,2019-06-24,301049751,73239990,STAINLESS STEEL BOTTLE 750ML SG805-AM-6(TOTAL 27648 PCS ) (N - OT VACUUM BOTTLE) (MILD STEEL),,,,,,,,,4147.2,KGS,585.138900945216,2426688.05,8.31163211569909,34470.00071022726,590170.6
INNSA1,2019-06-24,301049751,73239990,STAINLESS STEEL COLA BOTTLE 750 ML SK750-SL-01 (TOTAL 1188 - PCS ) (NOT VACUUM BOTTLE) (MILD STEEL),,,,,,,,,211.2,KGS,510.0319602272727,107718.75,7.244772162319214,1530.095880681818,26197.2
INNSA1,2019-06-24,301049751,73239990,STAINLESS STEEL SPORTS BOTTLE 750ML SG-702-SB-01(TOTAL 2520 - PCS)(NOT VACUUM BOTTLE)(MILD STEEL),,,,,,,,,350.0,KGS,655.4522571428572,229408.29,9.31040137987013,3258.640482954545,55792.1
INNSA1,2019-06-19,301049751,73239990,RYX-02-021A MILD STEEL MULTI FUNCTION CLOTH STAND (OTHER ART - ICLES OF HOUSEHOLD OF IRON & STEEL) (6480 NOS),,,,,,,,,23760.0,KGS,174.7427550505051,4151887.86,2.485672191330086,59059.57126600284,1009739.2
INNSA1,2019-06-18,301049751,73239990,STEEL HANGER WITH HOOK-SL-89 (MILD STEEL)(TOTAL 28548 PCS) D - PD CLIENT,,,,,,,,,6344.0,KGS,349.7793742118537,2219000.35,4.975524526484406,31564.72759601707,539660.9
INNSA1,2019-06-18,301049751,73239990,STEEL PEELER -MP-196 (MILD STEEL) (TOTAL 20400 PCS) -,,,,,,,,,1513.0,KGS,493.2616192994051,746304.83,7.016523745368494,10616.00042674253,181501.3
INNSA1,2019-06-18,301049751,73239990,STEEL ZHARA-NP-003 (TOTAL 60240 PCS) (MILD STEEL) -,,,,,,,,,5622.4,KGS,345.3417686397269,1941649.56,4.912400691888007,27619.48165007112,472209.2
INNSA1,2019-06-18,301049751,73239990,SM1168 - STEEL HANGER WITH HOOK (QTY: 28200 PCS/USD 1.22 PER - PCS),,,,,,,,,5452.0,KGS,454.3225917094644,2476966.77,6.462625771116137,35234.23570412518,602398.4
INNSA1,2019-06-14,301049751,73239990,STAINLESS STEEL SPORTS BOTTLE 650ML ( ITEM NO.KW-868) (5209 - 2 PCS),,,,,,,,,9405.5,KGS,450.8148306841741,4240138.89,6.412728743729362,60314.92019914652,1031201.8
INNSA1,2019-06-14,301049751,73239990,STAINLESS STEEL SPORT BOTTLE 1000ML ( ITEM NO. KW-830) (349 - 20 PCS),,,,,,,,,6790.0,KGS,383.8191163475699,2606131.8,5.459731384744949,37071.57610241821,633811.3
INNSA1,2019-06-12,301049751,73239990,KWB-600F STAINLESS STEEL SPORTS BOTTLE. (QTY :50400 PCS / US - D 1.06 PER PCS),,,,,,,,,7897.5,KGS,480.3020576131687,3793185.5,6.832177206446212,53957.11948790897,1156162.9
INNSA1,2019-06-11,301049751,73239990,STAINLESS STEEL SPORTS BOTTLE 750ML SG-702-SB-01(TOTAL 16344 - PCS)(NOT VACUUM BOTTLE)(MILD STEEL)DPD CLIENT,,,,,,,,,2587.8,KGS,574.1142630806089,1485692.89,8.166632476253328,21133.61152204836,361320.5
INNSA1,2019-06-11,301049751,73239990,STAINLESS STEEL SPORTS BOTTLE 650ML S115-NP-21 (TOTAL 13824 - PCS ) (NOT VACUUM BOTTLE) (MILD STEEL),,,,,,,,,2457.6,KGS,462.8365804036458,1137467.18,6.583735140876897,16180.18748221906,276632.0
INNSA1,2019-06-11,301049751,73239990,STAINLESS STEEL COLA BOTTLE 750 ML SK750-SL-01 (TOTAL 12600 - PCS ) (NOT VACUUM BOTTLE) (MILD STEEL),,,,,,,,,2275.0,KGS,503.4540131868131,1145357.88,7.161508011192222,16292.4307254623,278551.1
INNSA1,2019-06-10,301049751,73231000,STEEL SCRUBBER 3PCS SET-DR-2(TOTAL 133000 SET) (MILD STEEL)- - DPD CLIENT,,,,,,,,,8645.0,KGS,225.1667761711972,1946566.78,3.202941339561838,27689.42788051209,603046.4
INNSA1,2019-06-10,301049751,73239990,STEEL TEA STRAINER -NP-55(MILD STEEL) (TOTAL 50400 PCS) -,,,,,,,,,2310.0,KGS,491.3516666666667,1135022.35,6.989355144618303,16145.41038406828,276037.4
INNSA1,2019-06-03,301049751,73239990,STAINLESS STEEL COLA BOTTLE 750 ML SK750-SL-01 (TOTAL 2268 - PCS ) (NOT VACUUM BOTTLE) (MILD STEEL),,,,,,,,,428.4,KGS,488.1548552754435,209125.54,6.860925583632375,2939.22052002811,50859.4
INNSA1,2019-06-03,301049751,73239990,STAINLESS STEEL WATER BOTTLE 750ML SB-08 (TOTAL 10800 PCS)(N - OT VACUUM BOTTLE)(MILD STEEL),,,,,,,,,1800.0,KGS,542.2213888888889,975998.5,7.620820644959787,13717.47716092762,237362.9
INNSA1,2019-06-03,301049751,73239990,STEEL PEELER-MP-196 (MILD STEEL) (TOTAL 20400 PCS) -,,,,,,,,,1445.0,KGS,528.4428027681661,763599.85,7.427165182967899,10732.25368938861,185707.5
INNSA1,2019-06-03,301049751,73239990,STAINLESS STEEL SPORTS BOTTLE 750ML SG-702-SB-01(TOTAL 12456 - PCS)(NOT VACUUM BOTTLE)(MILD STEEL),,,,,,,,,2076.0,KGS,553.2421483622351,1148530.7,7.775715367002601,16142.3851018974,279322.7
INNSA1,2019-06-03,301049751,73239990,STAINLESS STEEL SPORTS BOTTLE 750ML S-308-C6-NP-20 (TOTAL 3 - 456 PCS)(NOT VACUUM BOTTLE)(MILD STEEL),,,,,,,,,576.0,KGS,450.5284548611111,259504.39,6.332093532833606,3647.285874912157,63111.4
INNSA1,2019-06-01,301049751,73239990,RYX-02-020 MILD STEEL MULTI FUNCTION CLOTH STAND (OTHER ARTI - CLES OF HOUSEHOLD OF IRON & STEEL) (1232 NOS),,,,,,,,,4004.0,KGS,316.8529995004995,1268679.41,4.453309901623324,17831.05284609978,308542.8
INNSA1,2019-06-01,301049751,73239990,RYX-02-021A MILD STEEL MULTI FUNCTION CLOTH STAND (OTHER ART - ICLES OF HOUSEHOLD OF IRON & STEEL) (6480 NOS),,,,,,,,,23760.0,KGS,175.0263745791246,4158626.66,2.459963100198518,58448.72326071679,1011378.1
INNSA1,2019-05-28,301049751,73239990,STEEL SPOON HOLDER ROUND -MP-96 (MILD STEEL) (TOTAL 324 PCS - ),,,,,,,,,69.3,KGS,258.3585858585859,17904.25,3.631181811083427,251.6408995080815,4354.3
INNSA1,2019-05-22,301049751,73239990,03-027I FAMILY CLOTH RACK 3LAYERS (1824 PCS) (OTHER ARTICLES - OF HOUSEHOLD OF IRON & STEEL) (MADE UP OF MILD STEEL),,,,,,,,,10843.68,KGS,143.0971256990247,1551699.44,2.011203453254036,21808.84666198173,377373.3
INNSA1,2019-05-21,301049751,73239990,STAINLESS STEEL SPORT BOTTLE 750ML (ITEM NO. KW-820) (47160 - PCS),,,,,,,,,7860.0,KGS,418.0025101781171,3285499.73,5.874947437499888,46177.08685874912,799033.6
INNSA1,2019-05-15,301049751,73239990,RYX-02-021A MILD STEEL MULTI FUNCTION CLOTH STAND (OTHER ART - ICLES OF HOUSEHOLD OF IRON & STEEL) (7776 NOS),,,,,,,,,28512.0,KGS,172.700122053872,4924025.88,2.451385692744812,69893.9088715401,1197523.2
INNSA1,2019-05-15,301049751,73239990,RYX-02-020 MILD STEEL MULTI FUNCTION CLOTH STAND (OTHER ARTI - CLES OF HOUSEHOLD OF IRON & STEEL) (1232 NOS),,,,,,,,,4004.0,KGS,312.6417457542458,1251817.55,4.437782054708953,17768.87934705465,304442.1
INNSA1,2019-05-15,301049751,73239990,03-027I FAMILY CLOTH RACK 3LAYERS (3648 PCS) (OTHER ARTICLES - OF HOUSEHOLD OF IRON & STEEL)(MADE UP OF MILD STEEL),,,,,,,,,21687.36,KGS,144.0905841006005,3124944.37,2.045288631662179,44356.91085876508,759986.4
INNSA1,2019-05-14,301049751,73239990,STEEL SPOON HOLDER ROUND -MP-96 (MILD STEEL) (TOTAL 7992 PCS - ),,,,,,,,,1709.4,KGS,258.0139054639054,441048.97,3.662369133625343,6260.453797019162,107263.1
INNSA1,2019-05-14,301049751,73239990,STEEL ZHARA-NP-003(MILD STEEL) (TOTAL 47760 PCS) (DPD CLIENT - ),,,,,,,,,4457.6,KGS,355.1041636755205,1582912.32,5.040513323996032,22468.59219304471,384964.2
INNSA1,2019-05-04,301049751,73239990,STAINLESS STEEL COLA BOTTLE 750 ML SK750-SL-01 (TOTAL 20304 - PCS ) (NOT VACUUM BOTTLE) (MILD STEEL),,,,,,,,,3948.0,KGS,469.3866616008106,1853138.54,6.66269214479504,26304.30858765082,450683.4
INNSA1,2019-05-04,301049751,73231000,STEEL SCRUBBER 3 PCS SET-GN-15 (TOTAL 106320 SET ) (MILD ST - EEL)DPD CLIENT,,,,,,,,,6512.1,KGS,277.7517759248169,1808747.34,3.942537628457301,25674.19929027679,560349.9
INNSA1,2019-05-04,301049751,73239990,STEEL LUNCH BOX 2 LAYER-8504(TOTAL 21840 PCS) (MILD STEEL) -,,,,,,,,,10446.8,KGS,373.1251790021825,3897964.12,5.29631198015873,55329.51199432222,947984.8
INNSA1,2019-05-04,301049751,73239990,STEEL LUNCH BOX 3LAYER-8505 (TOTAL 16800 PCS) (MILD STEEL) -,,,,,,,,,10892.0,KGS,382.0993490635329,4161826.11,5.423695515451141,59074.89155429382,1012156.1
INNSA1,2019-05-04,301049751,73239990,STEEL LUNCH BOX -6561(TOTAL 18108 PCS) (MILD STEEL) -,,,,,,,,,6901.16,KGS,473.9298828023115,3270665.95,6.727180735306054,46425.35060326473,795426.0
INNSA1,2019-05-02,301049751,73239990,STAINLESS STEEL SPORT BOTTLE 1000ML (ITEM NO. KW-830) (34920 - PCS),,,,,,,,,6790.0,KGS,384.6242120765832,2611598.4,5.463412103360556,37096.56818181818,635140.7
INNSA1,2019-04-30,301049751,73239990,STEEL ZHARA-NP-003 (MILD STEEL) (TOTAL 36720 PCS) DPD CLIENT -,,,,,,,,,3018.06,KG,402.0419474761933,1213386.72,5.710823117559563,17235.60681818182,295095.7
INNSA1,2019-04-24,301049751,73239990,RYX-02-020 MILD STEEL MULTI FUNCTION CLOTH STAND (OTHER ARTI - CLES OF HOUSEHOLD OF IRON & STEEL) (2464 NOS),,,,,,,,,8008.0,KG,311.9234515484516,2497883.0,4.430730845858687,35481.29261363636,607485.1
INNSA1,2019-04-24,301049751,73239990,RYX-02-021A MILD STEEL MULTI FUNCTION CLOTH STAND (OTHER ART - ICLES OF HOUSEHOLD OF IRON & STEEL) (7776 NOS),,,,,,,,,28512.0,KG,172.3033431537598,4912712.92,2.447490669797725,69782.85397727272,1194771.8
INNSA1,2019-04-23,301049751,73239990,STEEL LUNCH BOX 2 LAYER-8504(TOTAL 324 PCS) (MILD STEEL) -,,,,,,,,,154.98,KG,371.8553361724094,57630.14,5.282036025176269,818.6099431818182,14015.6
INNSA1,2019-04-23,301049751,73239990,STAINLESS STEEL SPORTS BOTTLE 750ML SG-702-SB-01 (TOTAL 1080 - 0 PCS)(NOT VACUUM BOTTLE)(MILD STEEL),,,,,,,,,1500.0,KG,655.23778,982856.67,9.307354829545455,13961.03224431818,239030.8
INNSA1,2019-04-23,301049751,73239990,STEEL ZHARA -NP-003 (TOTAL 6840 PCS) (MILD STEEL) -,,,,,,,,,655.5,KG,352.0727993897788,230783.72,5.001034082241176,3278.177840909091,56126.6
INNSA1,2019-04-23,301049751,73239990,STEEL ZHARA -NP-003 (TOTAL 16560 PCS) (MILD STEEL) -,,,,,,,,,1697.4,KG,322.3589371980676,547172.06,4.578962176108915,7772.330397727273,133072.2
INNSA1,2019-04-23,301049751,73239990,STEEL LUNCH BOX-6527 (TOTAL 22152 PCS) (MILD STEEL)DPD CLIEN - T,,,,,,,,,7716.28,KG,428.9324169159232,3309762.63,6.092790013010273,47013.6737215909,804934.3
INNSA1,2019-04-23,301049751,73239990,STAINLESS STEEL SPORTS BOTTLE 650ML S115-NP-21 (TOTAL 50040 - PCS ) (NOT VACUUM BOTTLE) (MILD STEEL),,,,,,,,,8555.8,KG,481.7475537062578,4121735.72,6.843005024236616,58547.38238636364,1002406.2
INNSA1,2019-04-23,301049751,73239990,STEEL LUNCH BOX -6561(TOTAL 2952PCS) (MILD STEEL) -,,,,,,,,,1125.04,KG,472.3169487307118,531375.46,6.70904756719761,7547.946874999999,129230.5
INNSA1,2019-04-23,301049751,73239990,STAINLESS STEEL COLA BOTTLE 750ML SK750-SL-01(TOTAL 9792 PCS - ) (NOT VACUUM BOTTLE)(MILD STEEL),,,,,,,,,1740.8,KG,511.9045151654412,891123.38,7.271370954054562,12658.00255681818,216721.1
INNSA1,2019-04-23,301049751,73239990,HOUSEHOLD STEEL HOOK 3 PCS SET-2628(TOTAL 68760 SET) (MILD S - TEEL)-DPD CLIENT,,,,,,,,,2330.2,KG,935.0386018367524,2178826.95,13.28179832154478,30949.24644886364,529890.8
INNSA1,2019-04-23,301049751,73239990,STAINLESS STEEL SPORTS BOTTLE 750ML S-308-C6-NP-20 (TOTAL 15 - 444 PCS)(NOT VACUUM BOTTLE)(MILD STEEL)-DPD CLIENT,,,,,,,,,2488.2,KG,459.9897596656218,1144546.52,6.533945449795763,16257.76306818182,278353.8
INNSA1,2019-04-23,301049751,73239990,STEEL CONTAINER -GN-30 (TOTAL 10080 PCS) (MILD STEEL) -,,,,,,,,,1680.0,KG,501.6059583333333,842698.01,7.125084635416666,11970.1421875,204944.2
INNSA1,2019-04-20,301049751,73239990,KWB-600F STAINLESS STEEL SPORTS BOTTLE ( 50400 PCS ) -,,,,,,,,,7897.5,KG,480.1026654004431,3791610.8,6.819640133529021,53858.10795454545,922119.8
INNSA1,2019-04-15,301049751,73239990,RYX-02-021A MILD STEEL MULTI FUNCTION CLOTH STAND (OTHER ART - ICLES OF HOUSEHOLD OF IRON & STEEL) (6480 NOS),,,,,,,,,23760.0,KG,170.6572289562289,4054815.76,2.457267515568451,58384.6761699064,986131.3
INNSA1,2019-04-15,301049751,73239990,03-027I FAMILY CLOTH RACK 3LAYERS (3648 PCS) (OTHER ARTICLES - OF HOUSEHOLD OF IRON & STEEL) (MADE UP OF MILD STEEL),,,,,,,,,21687.36,KG,142.8664618469007,3098396.39,2.057112481596842,44613.33894888409,753530.0
INNSA1,2019-04-11,301049751,73231000,STEEL SCRUBBER 2 PCS SET-8001-2 (QTY-64800 PCS/USD 0.170 PER - PCS),,,,,,,,,1998.0,KG,390.3552802802803,779929.85,5.620666382725418,11230.09143268538,241622.3
INNSA1,2019-04-11,301049751,73239990,KWP-1000B- SS OIL POT 1000ML (QTY: 11100 PCS/USD 1.53 PER PC - S),,,,,,,,,2812.0,KG,422.8914224751067,1189170.68,6.0891493516934,17122.68797696184,289206.3
INNSA1,2019-04-11,301049751,73239990,KWP-600B- SS OIL POT 600ML (QTY: 6800 PCS/USD 1.26 PER PCS) -,,,,,,,,,1205.0,KG,497.8770871369294,599941.89,7.168856546248084,8638.47213822894,145905.9
INNSA1,2019-04-10,301049751,73239990,RYX-02-021A MILD STEEL MULTI FUNCTION CLOTH STAND (OTHER ART - ICLES OF HOUSEHOLD OF IRON & STEEL) (1296 NOS),,,,,,,,,4752.0,KG,169.1097306397306,803609.44,2.43498532238633,11571.05025197984,195437.8
INNSA1,2019-04-10,301049751,73239990,RYX-02-020 MILD STEEL MULTI FUNCTION CLOTH STAND (OTHER ARTI - CLES OF HOUSEHOLD OF IRON & STEEL) (3696 NOS),,,,,,,,,12012.0,KG,306.1420038295038,3677377.75,4.408092207768234,52950.00359971202,894338.3
INNSA1,2019-04-09,301049751,73239990,RYX-02-021A MILD STEEL MULTI FUNCTION CLOTH STAND (2592 PCS) - (OTHER ARTICLES OF HOUSEHOLD OF IRON & STEEL),,,,,,,,,9504.0,KG,170.642591540404,1621787.19,2.457056753641527,23351.86738660907,394418.7
INNSA1,2019-04-09,301049751,73239990,STEEL LUNCH BOX 3LAYER-8505 (TOTAL 16800 PCS) (MILD STEEL) -,,,,,,,,,10892.0,KG,376.0333565919941,4095755.32,5.414447179150383,58974.15867530597,996087.7
INNSA1,2019-04-09,301049751,73239990,STEEL LUNCH BOX -6900(TOTAL 82488 PCS) (MILD STEEL) -,,,,,,,,,9657.97,KG,474.0534056328608,4578393.57,6.825822975275173,65923.59352051836,1113465.3
INNSA1,2019-04-09,301049751,73239990,STEEL LUNCH BOX-6527 (TOTAL 3708 PCS) (MILD STEEL) -,,,,,,,,,1291.62,KG,423.5644539415617,547084.32,6.098840229540126,7877.384017278617,133050.8
INNSA1,2019-04-09,301049751,73239990,STAINLESS STEEL SPORTS BOTTLE 650ML S115-NP-21 (TO TAL 30312 - PCS ) (NOT VACUUM BOTTLE) (MILD STEEL),,,,,,,,,4546.8,KG,541.3111726928829,2461233.64,7.794257346189818,35438.92930165587,598572.0
INNSA1,2019-04-09,301049751,73239990,STEEL ROUND CONTAINER-6857 (TOTAL 70320 PCS)(MILD STEEL) -,,,,,,,,,8965.8,KG,440.833988043454,3952429.37,6.347501627695523,56910.43009359251,961230.8
INNSA1,2019-04-09,301049751,73239990,STAINLESS STEEL SPORTS BOTTLE 750ML S-308-C6-NP-20 (TOTAL 30 - 96 PCS)(NOT VACUUM BOTTLE)(MILD STEEL)-DPD CLIENT,,,,,,,,,464.4,KG,486.5135658914729,225936.9,7.005234930042805,3253.231101511879,54947.9
INNSA1,2019-04-09,301049751,73239990,STEEL LUNCH BOX 2 LAYER-8504(TOTAL 22236 PCS) (MILD STEEL) -,,,,,,,,,10636.22,KG,367.2016562274944,3905637.6,5.287280867206542,56236.68250539956,949851.1
INNSA1,2019-04-09,301049751,73239990,STAINLESS STEEL COLA BOTTLE 750ML SK750-SL-01(TOTAL 8856 PCS - ) (NOT VACUUM BOTTLE)(MILD STEEL),,,,,,,,,1328.4,KG,598.0154772658838,794403.76,8.610734013907614,11438.49906407487,193199.0
INNSA1,2019-04-08,301049751,73239990,KW-830 STAINLESS STEEL SPORTS BOTTLE 1000ML -,,,,,,,,,34920.0,PCS,73.67953751431845,2572889.45,1.060900468168732,37046.64434845212,625726.7
INNSA1,2019-04-05,301049751,73239990,03-027I FAMILY CLOTH RACK 3LAYERS (3648 PCS) (HOUSEHOLD ARTI - CLES) (MADE UP OF MILD STEEL),,,,,,,,,21687.36,KG,142.8665079567084,3098397.39,2.057113145524959,44613.35334773218,753530.2
INNSA1,2019-04-03,301049751,73239990,STEEL TEA STRAINER-NP-55 (TOTAL 50400 PCS) (MILD STEEL) -,,,,,,,,,2114.0,KG,545.957587511826,1154154.34,7.7993941073118,16487.91914285714,280690.3
INNSA1,2019-04-03,301049751,73239990,STEEL SPOON HOLDER ROUND-MP-96 (TOTAL 11880 PCS) (MILD STEE - L),,,,,,,,,2475.0,KG,258.9213898989899,640830.44,3.698876998556999,9154.72057142857,155849.9
INNSA1,2019-04-03,301049751,73239990,STEEL PEELER-MP-196 (TOTAL 20400 PCS) (MILD STEEL) -,,,,,,,,,1139.0,KG,664.0478753292361,756350.53,9.486398218989088,10805.00757142857,183944.5
INNSA1,2019-04-03,301049751,73239990,STEEL ZHARA -NP-003(TOTAL 24000 PCS) (MILD STEEL) -,,,,,,,,,2196.0,KG,357.5314298724954,785139.02,5.107591855321363,11216.27171428571,190945.8
INNSA1,2019-04-02,301049751,73239990,STEEL LUNCH BOX -6900(TOTAL 4632 PCS) (MILD STEEL)DPD CLIENT -,,,,,,,,,542.33,KG,477.2766765622407,258841.46,6.818238236603438,3697.735142857143,62950.2
INNSA1,2019-04-02,301049751,73239990,STEEL LUNCH BOX-6527 (TOTAL 24504 PCS) (MILD STEEL) -,,,,,,,,,8535.56,KG,426.4444348115414,3639942.06,6.092063354450591,51999.17228571429,885233.9
INNSA1,2019-04-01,301049751,73239990,STAINLESS STEEL SPORTS BOTTLE 750ML S-308-C6-NP-20 (TOTAL 15 - 264 PCS)(NOT VACUUM BOTTLE)(MILD STEEL),,,,,,,,,2594.88,KG,433.7238562091504,1125461.36,6.196055088702148,16078.01942857143,273712.2
INNSA1,2019-04-01,301049751,73239990,STAINLESS STEEL SPORTS BOTTLE 650ML S115-NP-21 (TOTAL 16776 - PCS ) (NOT VACUUM BOTTLE) (MILD STEEL),,,,,,,,,2851.92,KG,482.104136862184,1374922.43,6.887201955174057,19641.749,334381.1
INNSA1,2019-03-29,301049751,73239990,RYX-02-021A MILD STEEL MULTI FUNCTION CLOTH STAND (OTHER ART - ICLES OF HOUSEHOLD OF IRON & STEEL) (3888 NOS),,,,,,,,,14256.0,KGS,171.2896499719416,2441905.25,2.446994999599166,34884.36071428571,593871.4
INNSA1,2019-03-29,301049751,73239990,RYX-02-020 MILD STEEL MULTI FUNCTION CLOTH STAND (OTHER ARTI - CLES OF HOUSEHOLD OF IRON & STEEL) (2464 NOS),,,,,,,,,8008.0,KGS,310.088347902098,2483187.49,4.429833541458542,35474.107,603911.2
INNSA1,2019-03-26,301049751,73239990,STAINLESS STEEL SPORTS BOTTLE 650ML S115-NP-21 (TOTAL 11736 - PCS ) (NOT VACUUM BOTTLE) (MILD STEEL),,,,,,,,,1995.12,KGS,481.9301696138579,961508.52,6.884716708769398,13735.836,233838.9
INNSA1,2019-03-26,301049751,73239990,STEEL LUNCH BOX -6527 (TOTAL 1356 PCS) (MILD STEEL) -,,,,,,,,,472.34,KGS,426.2669263666004,201342.92,6.089527519522862,2876.327428571429,48966.6
INNSA1,2019-03-26,301049751,73239990,STAINLESS STEEL COLA BOTTLE 750ML SK750-SL-01(TOTAL 10260 PC - S) (NOT VACUUM BOTTLE),,,,,,,,,2003.55,KGS,463.4954805220733,928636.37,6.62136400745819,13266.23385714286,225844.4
INNSA1,2019-03-26,301049751,73239990,STEEL LUNCH BOX 3LAYER-8505 (TOTAL 16800 PCS) (MILDSTEEL)-DP - D CLIENT,,,,,,,,,10892.0,KGS,378.432559676827,4121887.44,5.406179423954671,58884.10628571428,1002443.0
INNSA1,2019-03-26,301049751,73239990,STEEL LUNCH BOX -6561 (TOTAL 21060 PCS) (MILD STEEL) -,,,,,,,,,8026.2,KGS,469.3818481971543,3767352.59,6.705454974245061,53819.32271428571,916220.2
INNSA1,2019-03-26,301049751,73239990,STAINLESS STEEL SPORTS BOTTLE 750ML S-308-C6-NP-20 (TOTAL 1 - 0080 PCS)(NOT VACUUM BOTTLE)(MILD STEEL),,,,,,,,,1713.6,KGS,433.5673436041083,742961.0,6.193819194344404,10613.72857142857,180688.1
INNSA1,2019-03-26,301049751,73239990,STEEL LUNCH BOX 2 LAYER-8504(TOTAL 22260 PCS) (MILD STEEL) -,,,,,,,,,10647.7,KGS,372.3151150013618,3964299.65,5.318787357162312,56632.85214285714,964117.7
INNSA1,2019-03-13,301049751,73239990,03-027I FAMILY CLOTH RACK 3LAYERS (3648 PCS) (HOUSEHOLD ARTI - CLES) (MADE UP OF MILD STEEL),,,,,,,,,21687.36,KGS,145.6219590581795,3158155.85,2.051013507861683,44481.06830985915,768063.6
INNSA1,2019-02-26,301049751,73231000,STEEL SCRUBBER-SS430 (TOTAL 273456 PCS)(MILD STEEL) DPD CLIE - NT,,,,,,,,,6520.0,KGS,201.8136794,1315825.19,2.80296777,18275.34986,407642.7
INNSA1,2019-02-20,301049751,73231000,STEEL SCRUBBER 2 PCS SET-8001-2 -,,,,,,,,,96000.0,SET,12.58783938,1208432.58,0.173266887,16633.6212,374372.4
INNSA1,2019-02-19,301049751,73239990,STAINLESS STEEL SPORTS BOTTLE 750ML-AM-06(TOTAL NT WT.106.5 - 6 KGS) (NOT VACUUM BOTTLE) (MILD STEEL),,,,,,,,,720.0,PCS,95.15766667,68513.52,1.309809589,943.0629043,16662.5
INNSA1,2019-02-19,301049751,73239990,STAINLESS STEEL COLA BOTTLE 750ML SK750 SL-01 (TOTAL NT WT.1 - 829.81KGS) (NOT VACUUM BOTTLE) (MILD STEEL),,,,,,,,,9432.0,PCS,94.03375212,886926.35,1.294339327,12208.20853,215700.5
INNSA1,2019-02-19,301049751,73239990,STAINLESS STEEL SPORTS BOTTLE 750ML S-308-C6-NP-20 (TOTAL NT - WT.2790.14KGS)(NOT VACUUM BOTTLE)(MILD STEEL)DPD CLIENT,,,,,,,,,16128.0,PCS,76.5756932,1235012.78,1.054035694,16999.48768,300355.1
INNSA1,2019-02-19,301049751,73239990,STEEL TEA STRAINER -NP-55 (TOTAL NET WT.628.02 KGS) (MILD ST - EEL),,,,,,,,,21240.0,PCS,24.25627448,515203.27,0.33387852,7091.579766,125297.4
INNSA1,2019-02-19,301049751,73239990,STEEL PEELER -MP-196 (TOTAL NET WT.167.28 KGS) (MILD STEEL)D - PD CLIENT,,,,,,,,,1968.0,PCS,39.27252541,77288.33,0.540571582,1063.844873,18796.5
INNSA1,2019-02-19,301049751,73239990,STAINLESS STEEL SPORTS BOTTLE 650ML S115-NP-21 (TOTAL NT WT. - 2696.72 KGS) (NOT VACUUM BOTTLE) (MILD STEEL),,,,,,,,,15588.0,PCS,85.11740441,1326810.1,1.171609145,18263.04336,322680.2
INNSA1,2019-02-12,301049751,73239990,STAINLESS STEEL SPORTS BOTTLE 650ML S115-NP-21 (TOTAL NT WT. - 3286.99 KGS) (NOT VACUUM BOTTLE) (MILD STEEL),,,,,,,,,19044.0,PCS,83.54980099,1591122.41,1.150031672,21901.20317,386960.9
INNSA1,2019-02-12,301049751,73239990,STAINLESS STEEL COLA BOTTLE 750ML SK750 SL-01 (TOTAL NT WT.5 - 529 KGS) (NOT VACUUM BOTTLE) (MILD STEEL),,,,,,,,,28800.0,PCS,92.30193715,2658295.79,1.270501544,36590.44446,646497.6
INNSA1,2019-02-12,301049751,73239990,STAINLESS STEEL SPORTS BOTTLE 750ML S-308-C6-NP-20 (TOTAL NT - WT. 2029.49KGS)(NOT VACUUM BOTTLE)(MILD STEEL),,,,,,,,,11772.0,PCS,75.2021755,885280.01,1.035129738,12185.54728,215300.1
INNSA1,2019-02-11,301049751,73239990,STEEL LUNCH BOX 2 LAYER-8504(TOTAL NET.WT.574.00 KGS) (MILD - STEEL),,,,,,,,,1200.0,PCS,184.4697417,221363.69,2.539156802,3046.988162,53835.6
INNSA1,2019-02-11,301049751,73239990,STEEL LUNCH BOX -6900(TOTAL NET.WT.4496.00KGS) (MILD STEEL) -,,,,,,,,,38400.0,PCS,58.29243906,2238429.66,0.802373559,30811.14467,544386.1
INNSA1,2019-02-11,301049751,73239990,STEEL LUNCH BOX 3LAYER-8505 (TOTAL NET WT.10892.00 KGS) (MIL - DSTEEL),,,,,,,,,16800.0,PCS,256.0440048,4301539.28,3.524349687,59209.07474,1046134.3
INNSA1,2019-02-11,301049751,73239990,STEEL LUNCH BOX-6527 (TOTAL NET WT.9007.90 KGS) (MILD STEEL) -,,,,,,,,,25860.0,PCS,154.9545851,4007125.57,2.132891742,55156.58045,974533.0
INNSA1,2019-02-06,301049751,73231000,STEEL SCRUBBER-DR-1 (TOTAL NET WT. 4951.80KGS) (MILD STEEL) - DPD CLIENT,,,,,,,,,235800.0,PCS,4.938705895,1164546.85,0.068498001,16151.82871,360776.7
INNSA1,2019-02-05,301049751,73239990,KWB-600F STAINLESS STEEL SPORTS BOTTLE -,,,,,,,,,50400.0,PCS,77.08109921,3884887.4,1.069085981,53881.93343,944804.6
INNSA1,2019-02-05,301049751,73239990,STEEL ZHARA -NP-003 (TOTAL NET WT.4368 KGS) (MILD STEEL) -,,,,,,,,,48000.0,KGS,33.51349021,1608647.53,0.464819559,22311.33883,391223.2
INNSA1,2019-02-05,301049751,73239990,STAINLESS STEEL SPORTS BOTTLE 750ML S-308-C6-NP-20 (TOTAL NT - WT. 4671KGS)(NOT VACUUM BOTTLE)(MILD STEEL)DPD CLIENT,,,,,,,,,27000.0,PCS,76.09752963,2054633.3,1.055444239,28496.99445,499686.8
INNSA1,2019-02-05,301049751,73239990,STAINLESS STEEL SPORTS BOTTLE 650ML S115-NP-21 (TOTAL NT WT. - 2559.71KGS) (NOT VACUUM BOTTLE) (MILD STEEL),,,,,,,,,14796.0,PCS,84.58590362,1251533.03,1.173174808,17358.29445,304372.8
INNSA1,2019-02-05,301049751,73239990,STEEL PEELER -MP-196 (TOTAL NET WT.1566.72 KGS) (MILD STEEL) -,,,,,,,,,18432.0,PCS,38.00253906,700462.8,0.527080986,9715.156727,170352.6
INNSA1,2019-02-05,301049751,73239990,STEEL TEA STRAINER-NP-55 (TOTAL NET WT.1312.20 KGS) (MILD ST - EEL),,,,,,,,,29160.0,PCS,23.47453944,684517.57,0.325583071,9494.002358,166474.7
INNSA1,2019-01-29,301049751,73239990,KWP-600B-SS OIL POT 600ML -,,,,,,,,,6800.0,PCS,91.54969853,622537.95,1.269760035,8634.368239,151401.3
INNSA1,2019-01-29,301049751,73239990,KWP-1000B-SS OIL POT 1000ML -,,,,,,,,,11100.0,PCS,111.1674901,1233959.14,1.541851458,17114.55118,300098.9
INNSA1,2019-01-28,301049751,73231000,STEEL SCRUBBER 3PCS SET-DR-2(TOTAL NET WT.630.00 KGS) (MILD - STEEL),,,,,,,,,10000.0,SET,15.529305,155293.05,0.215385645,2153.856449,48109.8
INNSA1,2019-01-22,301049751,73239990,SM1168 STEEL HOOK WITH HANGER -,,,,,,,,,1800.0,PCS,99.89136111,179804.45,1.385455771,2493.820388,43728.4
INNSA1,2019-01-22,301049751,73239990,KWP-1000B-SS OIL POT 1000ML -,,,,,,,,,11100.0,PCS,111.380709,1236325.87,1.544808724,17147.37684,300674.5
INNSA1,2019-01-22,301049751,73239990,KWP-600B-SS OIL POT 600ML -,,,,,,,,,6800.0,PCS,91.72528971,623731.97,1.272195419,8650.928849,151691.6
INNSA1,2019-01-21,301049751,73239990,STEEL WALL HANGER HOOK-SL-89 (TOTAL NET WT.2709.50 KGS)(MILD - STEEL),,,,,,,,,14112.0,PCS,80.85876276,1141078.86,1.121480759,15826.33648,277510.4
INNSA1,2019-01-19,301049751,73239990,STAINLESS STEEL SPORTS BOTTLE 750ML S-308-C6-NP-20 (TOTAL NT - WT. 3103.20 KGS)(NOT VACUUM BOTTLE)(MILD STEEL),,,,,,,,,18000.0,PCS,76.15621333,1370811.84,1.05625816,19012.64688,333381.4
INNSA1,2019-01-19,301049751,73239990,STEEL WALL HANGER HOOK-SL-89 (TOTAL NET WT.1161.22 KGS)(MILD - STEEL),,,,,,,,,6048.0,PCS,80.96455357,489673.62,1.122948038,6791.589736,119088.6
INNSA1,2019-01-19,301049751,73239990,STAINLESS STEEL SPORTS BOTTLE 650ML S115-NP-21 (TOTAL NT WT. - 3697.09 KGS) (NOT VACUUM BOTTLE) (MILD STEEL),,,,,,,,,21420.0,PCS,84.65113352,1813227.28,1.174079522,25148.78336,440976.9
INNSA1,2019-01-15,301049751,73239990,KWS-750C - STAINLESS STEEL SPORTS BOTTLE 850ML -,,,,,,,,,19188.0,PCS,71.99756984,1381489.37,1.010492208,19389.32449,335978.2
INNSA1,2019-01-15,301049751,73239990,KW830- STAINLESS STEEL SPORTS BOTTLE 1000ML -,,,,,,,,,14040.0,PCS,75.51662607,1060253.43,1.059882471,14880.74989,257853.6
INNSA1,2019-01-15,301049751,73239990,KWS-750D- STAINLESS STEEL SPORTS BOTTLE 750ML -,,,,,,,,,19476.0,PCS,79.19732645,1542447.13,1.111541424,21648.38077,375123.2
INNSA1,2019-01-15,301049751,73239990,KW-820 - STAINLESS STEEL SPORTS BOTTLE 750ML -,,,,,,,,,14040.0,PCS,71.92059615,1009765.17,1.009411876,14172.14274,245574.9
INNSA1,2019-01-15,301049751,73239990,KW-868- STAINLESS STEEL SPORTS BOTTLE 650ML -,,,,,,,,,14040.0,PCS,84.86630342,1191522.9,1.191106013,16723.12842,289778.4
INNSA1,2019-01-14,301049751,73239990,STEEL TEA STRAINER -NP-55 (TOTAL NET WT.2368.80 KGS) (MILD S - TEEL),,,,,,,,,50400.0,PCS,23.07264683,1162861.4,0.323826622,16320.86175,282807.8
INNSA1,2019-01-12,301049751,73239990,STAINLESS STEEL SPORTS BOTTLE 650ML S115-NP-21 (TOTAL NT WT. - 3286.99 KGS) (NOT VACUUM BOTTLE) (MILD STEEL),,,,,,,,,19044.0,PCS,83.54980099,1591122.41,1.172628786,22331.5426,386960.9
INNSA1,2019-01-12,301049751,73239990,STAINLESS STEEL SPORTS BOTTLE 750ML S-308-C6-NP-20 (TOTAL NT - WT. 2029.49KGS)(NOT VACUUM BOTTLE)(MILD STEEL),,,,,,,,,11772.0,PCS,75.2021755,885280.01,1.05546913,12424.9826,215300.1
INNSA1,2019-01-12,301049751,73239990,STAINLESS STEEL COLA BOTTLE 750ML SK750 SL-01 (TOTAL NT WT.5 - 529 KGS) (NOT VACUUM BOTTLE) (MILD STEEL),,,,,,,,,28800.0,PCS,92.30193715,2658295.79,1.295465785,37309.4146,646497.6
INNSA1,2019-01-11,301049751,73239990,RYX-02-021A MILD STEEL MULTI FUNCTION CLOTH STAND (OTHER ART - ICLES OF HOUSEHOLD OF IRON & STEEL),,,,,,,,,2592.0,PCS,637.835841,1653270.5,8.95208198,23203.79649,402075.4
INNSA1,2019-01-08,301049751,73239990,STEEL CONTAINER-GN-32 (TOTAL NET WT.27.79 KGS) (MILD STEEL) -,,,,,,,,,72.0,PCS,152.0622222,10948.48,2.134206628,153.6628772,2662.6
INNSA1,2019-01-08,301049751,73239990,STAINLESS STEEL SPORTS BOTTLE 750ML S-308-C6-NP-20(TOTAL NT - WT.5480.64 KGS)(NOT VACUUM BOTTLE)(MILD STEEL)-DPD CLIENT,,,,,,,,,31680.0,PCS,75.01245896,2376394.7,1.052806442,33352.90807,577939.2
INNSA1,2019-01-08,301049751,73239990,STAINLESS STEEL SPORTS BOTTLE 600ML S115-NP-21 (TOTAL NT WT. - 5119.41 KGS)(NOT VACUUM BOTTLE) (MILD STEEL),,,,,,,,,29592.0,PCS,83.37979758,2467374.97,1.170242773,34629.82414,600065.6
INNSA1,2019-01-08,301049751,73239990,STEEL PEELER -MP-196 (TOTAL NET WT.1611.60KGS)(MILD STEEL) -,,,,,,,,,20400.0,PCS,36.97199265,754228.65,0.51890516,10585.66526,183428.5
INNSA1,2019-01-08,301049751,73239990,STAINLESS STEEL COLA BOTTLE 750ML SK750-SL-01 (TOTAL NT WT - .4237.05 KGS)(NOT VACUUM BOTTLE) (MILD STEEL),,,,,,,,,22068.0,PCS,92.1288046,2033098.46,1.293035854,28534.71523,494449.5
INNSA1,2019-01-08,301049751,73239990,STEEL CONTAINER-GN-30 (TOTAL NET WT.24.91 KGS) (MILD STEEL) -,,,,,,,,,144.0,PCS,84.23055556,12129.2,1.182183236,170.234386,2949.8
INNSA1,2019-01-07,301049751,73239990,STEEL ZHARA-NP-003 (TOTAL NET WT.6925.80 KGS) (MILD TEEL) -,,,,,,,,,71400.0,PCS,32.48791345,2319637.02,0.455970715,32556.30905,564135.8
INNSA1,2019-01-02,301049751,73239990,RYX-02-021A MILD STEEL MULTI FUNCTION CLOTH STAND (1296 PCS) - (OTHER ARTICLES OF HOUSEHOLD OF IRON & STEEL),,,,,,,,,4752.0,KG,173.4268056,824124.18,2.427247104,11534.27824,200426.9
INNSA1,2019-01-02,301049751,73239990,RYX-02-020 MILD STEEL MULTI FUNCTION CLOTH STAND (1232 PCS) - (OTHER ARTICLES OF HOUSEHOLD OF IRON & STEEL),,,,,,,,,4004.0,KG,313.9572727,1257084.92,4.394083593,17593.91071,305723.0
INNSA1,2018-12-31,301049751,73239990,STAINLESS STEEL SPORTS BOTTLE 600ML S115-NP-21 (TOTAL NT WT.5797.29 KGS)(NOT VACUUM BOTTLE) (MILD STEEL),,,,,,,,,33588.0,PCS,83.59243688,2807702.77,1.169943133,39296.04997,682833.3
INNSA1,2018-12-31,301049751,73239990,STEEL HOOK 5 PCS SET-GN-08 (TOTAL NET WT.76.50 KGS) (MILD STEEL),,,,,,,,,450.0,SET,84.97268889,38237.71,1.189260866,535.1673898,9299.5
INNSA1,2018-12-31,301049751,73239990,STAINLESS STEEL SPORTS BOTTLE 750ML -MP-201(TOTAL NT WT.651.60 KGS)(NOT VACUUM BOTTLE)(MILD STEEL)-DPD CLIENT,,,,,,,,,3600.0,PCS,86.83017222,312588.62,1.215257834,4374.928202,76021.6
INNSA1,2018-12-31,301049751,73231000,STEEL SCRUBBER 2PCS SET-GN-15 (TOTAL NET WT.648 KGS) (MILDSTEEL),,,,,,,,,10800.0,SET,17.36722685,187566.05,0.243068255,2625.137159,58108.0
INNSA1,2018-12-31,301049751,73239990,STAINLESS STEEL COLA BOTTLE 750ML SK750-SL-01 (TOTAL NT WT.4147.20KGS)(NOT VACUUM BOTTLE) (MILD STEEL),,,,,,,,,21600.0,PCS,92.34903889,1994739.24,1.292498795,27917.97397,485120.6
INNSA1,2018-12-31,301049751,73239990,STEEL HOOK 6 PCS SET -GN-09 (TOTAL NET WT.81 KGS) (MILD STEEL),,,,,,,,,500.0,SET,58.88458,29442.29,0.824136879,412.0684395,7160.3
INNSA1,2018-12-31,301049751,73231000,STEEL SCRUBBER 6PCS SET-GN-16 (TOTAL NET WT.534 KGS) (MILDSTEEL),,,,,,,,,6000.0,SET,21.69039833,130142.39,0.303574504,1821.447026,40318.1
INNSA1,2018-12-31,301049751,73239990,STAINLESS STEEL SPORTS BOTTLE 750ML S-308-C6-NP-20(TOTAL NTWT.3742.46KGS)(NOT VACUUM BOTTLE)(MILD STEEL),,,,,,,,,21708.0,PCS,75.20375944,1632523.21,1.052536871,22848.4704,397029.6
INNSA1,2018-12-31,301049751,73239990,STAINLESS STEEL SPORTS BOTTLE 750ML -MP-202(TOTAL NT WT.630.00 KGS)(NOT VACUUM BOTTLE)(MILD STEEL),,,,,,,,,3600.0,PCS,85.358475,307290.51,1.194660252,4300.776907,74733.1
INNSA1,2018-12-31,301049751,73239990,STEEL WALL HANGER HOOK-SL-89 (TOTAL NET WT.4697.28 KGS) (MILD STEEL),,,,,,,,,20160.0,PCS,79.3078497,1598846.25,1.109976903,22377.13436,388839.4
INNSA1,2018-12-31,301049751,73239990,STEEL HOOK 5 PCS SET-GN-07 (TOTAL NET WT.121.50 KGS) (MILDSTEEL),,,,,,,,,450.0,SET,106.5885556,47964.85,1.49179224,671.306508,11665.0
INNSA1,2018-12-29,301049751,73231000,STEEL SCRUBBER -ANG-537 (TOTAL NET WT.6045KGS)(MILD STEEL) (DPD CLIENT),,,,,,,,,280800.0,PCS,4.856987678,1363842.14,0.067977434,19088.06354,422518.3
INNSA1,2018-12-25,301049751,73239990,KWS-750B- STAINLESS STEEL SPORTS BOTTLE,,,,,,,,,46044.0,PCS,71.22714925,3279582.86,0.996881025,45900.38992,797594.5
INNSA1,2018-12-22,301049751,73239990,STAINLESS STEEL SPORTS BOTTLE 750ML S-308-C6 (TOTAL NET WT.3407.04 KGS)(NOT VACUUM BOTTLE)(MILD STEEL),,,,,,,,,20160.0,PCS,75.4131379,1520328.86,1.05546729,21278.22057,369744.0
INNSA1,2018-12-22,301049751,73239990,STAINLESS STEEL COLA BOTTLE 750ML SK750 SL-01 (TOTAL NT WT.4147.20 KGS) (NOT VACUUM BOTTLE) (MILD STEEL)-DPD CLIENT,,,,,,,,,21600.0,PCS,92.61922731,2000575.31,1.296280298,27999.65444,486539.9
INNSA1,2018-12-15,301049751,73239990,STEEL HOOK 3 PCS SET-2628(TOTAL 68760 SET) (MILD STEEL)-DPDCLIENT,,,,,,,,,2330.2,KGS,990.766402,2308683.87,13.80859097,32176.77868,561471.9
INNSA1,2018-12-15,301049751,73239990,STAINLESS STEEL SPORTS BOTTLE 600ML S115-NP-21 (TOTAL NT WT.4069.91 KGS)(NOT VACUUM BOTTLE) (MILD STEEL),,,,,,,,,23580.0,PCS,83.97529092,1980137.36,1.17038733,27597.73324,481569.4
INNSA1,2018-12-15,301049751,73239990,STEEL ZHARA-NP-003 (TOTAL NET WT.1466.40 KGS) (MILD STEEL),,,,,,,,,15600.0,PCS,33.15121154,517158.9,0.462037791,7207.789547,125773.1
INNSA1,2018-12-15,301049751,73239990,STAINLESS STEEL SPORTS BOTTLE 750ML S-308-C6-NP-20(TOTAL NTWT.3289.39 KGS)(NOT VACUUM BOTTLE)(MILD STEEL)-DPD CLIENT,,,,,,,,,19080.0,PCS,75.55484382,1441586.42,1.053029182,20091.79679,350593.8
INNSA1,2018-12-11,301049751,73239990,STAINLESS STEEL SPORTS BOTTLE (ITEM NO: KWB-600F) (50400 PCS),,,,,,,,,7875.0,KGS,498.2311124,3923570.01,6.943987629,54683.90258,954212.2
INNSA1,2018-12-10,301049751,73231000,STEEL SCRUBBER -ANG-537 (TOTAL NET WT.5905.50 KGS)(MILD STEEL) (DPD CLIENT),,,,,,,,,274320.0,PCS,4.896323965,1343159.59,0.068241449,18719.99429,416110.9
INNSA1,2018-12-08,301049751,73239990,STEEL TEA STRAINER -NP-55 (TOTAL NET WT.2318.40 KGS) (MILD STEEL),,,,,,,,,50400.0,PCS,22.76209266,1147209.47,0.31724171,15988.98216,279001.3
INNSA1,2018-12-08,301049751,73239990,STAINLESS STEEL COLA BOTTLE 750ML SK750 SL-01 (TOTAL NT WT.5075.46 KGS) (NOT VACUUM BOTTLE) (MILD STEEL)-DPD CLIENT,,,,,,,,,26028.0,PCS,95.15216229,2476620.48,1.326162541,34517.35861,602314.1
INNSA1,2018-12-08,301049751,73239990,STEEL ZHARA -NP-003 (TOTAL NET WT.5854.32 KGS) (MILD STEEL),,,,,,,,,62280.0,PCS,32.49588215,2023843.54,0.452904281,28206.87861,492198.8
INNSA1,2018-12-08,301049751,73239990,STAINLESS STEEL SPORTS BOTTLE 600ML S115-NP-21 (TOTAL NT WT.2606.832 KGS)(NOT VACUUM BOTTLE) (MILD STEEL),,,,,,,,,15156.0,PCS,85.28289126,1292547.5,1.188611725,18014.5993,314347.6
INNSA1,2018-12-07,301049751,73231000,8001-1PCS - STEEL SCRUBBER (MADE UP MILD STEEL) (NET WEIGHT:1245 KGS),,,,,,,,,83000.0,SET,7.276342048,603936.39,0.101412433,8417.231916,187099.5
INNSA1,2018-12-04,301049751,73239990,STEEL ROUND CONTAINER -6856(TOTAL NET WT.4400 KGS) (MILD STEEL) (DPD CLIENT),,,,,,,,,52800.0,PCS,44.5127661,2350274.05,0.610181852,32217.60178,571586.6
INNSA1,2018-12-03,301049751,73239990,RYX-02-021A MILD STEEL MULTI FUNCTION CLOTH STAND (OTHER ARTICLES OF HOUSEHOLD OF IRON & STEEL),,,,,,,,,2592.0,PCS,693.1804398,1796723.7,9.502130772,24629.52296,436963.2
INNSA1,2018-11-24,301049751,73239990,STEEL TEA STRAINER-NP-55(TOTAL 2268 KGS) (MILD STEEL),,,,,,,,,50400.0,PCS,23.08038829,1163251.57,0.316386406,15945.87485,282902.8
INNSA1,2018-11-24,301049751,73239990,STEEL STRAW 3PCS SET -SB-9 (TOTAL 34.00 KGS) (MILD STEEL),,,,,,,,,1000.0,SET,28.18397,28183.97,0.386346402,386.3464016,6854.3
INNSA1,2018-11-24,301049751,73239990,STEEL ZHARA-NP-003 (TOTAL NET WT.2823.48 KGS) (MILD STEEL),,,,,,,,,30360.0,PCS,33.05903821,1003672.4,0.45317393,13758.36052,244093.1
INNSA1,2018-11-19,301049751,73239990,STAINLESS STEEL SPORTS BOTTLE 600ML S115-NP-21 (TOTAL NT WT.294.41 KGS)(NOT VACUUM BOTTLE) (MILD STEEL)-DPD CLIENT,,,,,,,,,1692.0,PCS,91.00553191,153981.36,1.247505578,2110.779438,37448.2
INNSA1,2018-11-19,301049751,73239990,STAINLESS STEEL SPORTS BOTTLE 750ML S-308-C6-NP-20(TOTAL NTWT.3476.16 KGS)(NOT VACUUM BOTTLE)(MILD STEEL),,,,,,,,,20448.0,PCS,79.64864388,1628655.47,1.091825139,22325.64044,396089.0
INNSA1,2018-11-19,301049751,73239990,STAINLESS STEEL GAMES BOTTLE 750ML S117-750 SB-08 (TOTAL NTWT. 295.20 KGS)(NOT VACUUM BOTTLE)(MILD STEEL),,,,,,,,,1800.0,PCS,92.50975556,166517.56,1.268125505,2282.625908,40497.1
INNSA1,2018-11-19,301049751,73239990,STAINLESS STEEL COCA BOTTLE 750ML SK750 SL-01 (TOTAL NT WT.3067.74 KGS) (NOT VACUUM BOTTLE) (MILD STEEL),,,,,,,,,15732.0,PCS,97.02242754,1526356.83,1.329985299,20923.32872,371210.0
INNSA1,2018-11-17,301049751,73239990,STEEL LUNCH BOX-SB-13 (TOTAL NET WT.83.92 KGS) (MILD STEEL),,,,,,,,,252.0,PCS,192.8527381,48598.89,2.643629035,666.1945168,11819.3
INNSA1,2018-11-17,301049751,73239990,STEEL LUNCH BOX 2 LAYER-SB-14 (TOTAL NET WT.90.29 KGS) (MILDSTEEL),,,,,,,,,144.0,PCS,327.5435417,47166.27,4.489973155,646.5561343,11470.9
INNSA1,2018-11-15,301049751,73231000,STEEL SCRUBBER -ANG-537 (TOTAL NET WT.5905.50 KGS)(MILD STEEL) (DPD CLIENT),,,,,,,,,274320.0,PCS,5.117878099,1403936.32,0.068512424,18794.32825,434939.5
INNSA1,2018-11-06,301049751,73239990,STEEL ROUND CONTAINER -6856(TOTAL NET WT.4400.00KGS) (MILD STEEL) (DPD CLIENT),,,,,,,,,52800.0,PCS,45.54046269,2404536.43,0.609644748,32189.2427,584783.3
INNSA1,2018-11-06,301049751,73239990,RYX-02-021A MILD STEEL MULTI FUNCTION CLOTH STAND (OTHER ARTICLES OF HOUSEHOLD OF IRON & STEEL),,,,,,,,,2592.0,PCS,715.2824846,1854012.2,9.5754014,24819.44043,450895.7
INNSA1,2018-11-06,301049751,73239990,STEEL PEELER-MP-196 (TOTAL NET WT. 38.02 KGS) (MILD STEEL),,,,,,,,,576.0,PCS,38.90706597,22410.47,0.520844257,300.0062918,5450.2
INNSA1,2018-11-06,301049751,73239990,STEEL PIZZA CUTTER -RJ-388 (TOTAL NET WT.1915.20KGS) (MILDSTEEL),,,,,,,,,20160.0,PCS,36.87577431,743415.61,0.493651597,9952.016198,180798.8
INNSA1,2018-11-06,301049751,73239990,STEEL LUNCH BOX 2 LAYERS-8504(TOTAL NET WT.189.42KGS) (MILDSTEEL),,,,,,,,,396.0,PCS,189.7519192,75141.76,2.540186335,1005.913788,18274.5
INNSA1,2018-11-05,301049751,73239990,STEEL LUNCH BOX 2 LAYER-8504(TOTAL NET.WT.86.10 KGS) (MILD STEEL),,,,,,,,,180.0,PCS,189.1106667,34039.92,2.531601963,455.6883534,8278.5
INNSA1,2018-11-05,301049751,73239990,STEEL LUNCH BOX -6900(TOTAL NET.WT.4625.26KGS) (MILD STEEL)DPD CLIENT,,,,,,,,,39504.0,PCS,60.28848395,2381636.27,0.807074752,31882.68099,579214.0
INNSA1,2018-11-05,301049751,73239990,STEEL ZHARA- NP-003 (MILD STEEL) (TOTAL NET WT.5546.52KGS),,,,,,,,,59640.0,PCS,34.06294987,2031514.33,0.455996651,27195.64029,494064.2
INNSA1,2018-11-03,301049751,73239990,STAINLESS STEEL SPORTS BOTTLE 600ML S115-NP-21 (TOTAL NET WT.4660.42 KGS)(NOT VACUUM BOTTLE)(MILD STEEL),,,,,,,,,26784.0,PCS,93.16186604,2495247.42,1.247146801,33403.57992,606844.2
INNSA1,2018-11-03,301049751,73239990,STAINLESS STEEL SPORTS BOTTLE 600ML S115-NP-21 (TOTAL NET WT.1318.18 KGS)(NOT VACUUM BOTTLE)(MILD STEEL),,,,,,,,,7164.0,PCS,93.25547599,668082.23,1.248399946,8943.537216,162477.6
INNSA1,2018-11-03,301049751,73239990,STAINLESS STEEL SPORTS BOTTLE 750ML S-308-C6-NP-20(TOTAL NETWT.3674.52 KGS)(NOT VACUUM BOTTLE)(MILD STEEL),,,,,,,,,21240.0,PCS,81.61780932,1733562.27,1.092607889,23206.99157,421602.3
INNSA1,2018-10-31,301049751,73239990,KWB-600F STAINLESS STEEL SPORTS BOTTLE -,,,,,,,,,50400.0,PCS,80.86887381,4075791.24,1.088410145,54855.87133,991232.4
INNSA1,2018-10-31,301049751,73239990,KWP-1000B-SS OIL POT 1000ML -,,,,,,,,,27000.0,PCS,116.8105956,3153886.08,1.572147989,42447.99569,767025.1
INNSA1,2018-10-26,301049751,73239990,STEEL ZHARA WAN-MP-263 (TOTAL NT WT.2822.40 KGS)(MILD STEEL) - -DPD CLIENT,,,,,,,,,29400.0,PCS,37.83477755,1112342.46,0.509216387,14970.96178,270521.6
INNSA1,2018-10-26,301049751,73239990,STEEL PEELER-MP-196 (TOTAL NET WT.1387.58 KGS) (MILD STEEL) -,,,,,,,,,21024.0,PCS,38.87829433,817377.26,0.523261027,11001.03984,198786.2
INNSA1,2018-10-26,301049751,73239990,STEEL ZHARA WAN -MP-263 (TOTAL NET WT.2419.20 KGS) (MILD STE - EL),,,,,,,,,25200.0,PCS,36.59596548,922218.33,0.492543277,12412.09058,224283.5
INNSA1,2018-10-26,301049751,73239990,STEEL TEA STRAINER- NP-55 (TOTAL NET WT.2368.80 KGS) (MILD S - TEEL),,,,,,,,,50400.0,PCS,24.00380516,1209791.78,0.323066018,16282.52732,294221.4
INNSA1,2018-10-26,301049751,73239990,STEEL LUNCH BOX 2LAYERS-8504 (TOTAL NET.WT.10601.78 KGS) (MI - LD STEEL)-DPD CLIENT,,,,,,,,,22164.0,PCS,187.8804367,4164182.0,2.528673442,56045.51817,1012729.0
INNSA1,2018-10-15,301049751,73239990,STEEL HOOK 3 PCS SET-2628(TOTAL 68760 SET) (MILD STEEL)-DPD - CLIENT,,,,,,,,,2330.2,KGS,1039.764866,2422860.09,13.93786683,32478.01729,589239.6
INNSA1,2018-10-13,301049751,73239990,STEEL ZHARA WAN -MP-263 (TOTAL NET WT.4645.20 KGS) (MILD STE - EL),,,,,,,,,47400.0,PCS,36.58892468,1734315.03,0.490468159,23248.19075,421785.5
INNSA1,2018-10-10,301049751,73239990,RYX-02-021A MILD STEEL MULTI FUNCTION CLOTH STAND (OTHER ART - ICLES OF HOUSEHOLD OF IRON & STEEL),,,,,,,,,2592.0,PCS,708.856713,1837356.6,9.50210071,24629.44504,446845.2
INNSA1,2018-10-08,301049751,73239990,STEEL PEELER-MP-196 (TOTAL NET WT.2414.88 KGS) (MILD STEEL) -,,,,,,,,,30960.0,PCS,39.14738211,1212002.95,0.524763835,16246.68834,294759.1
INNSA1,2018-10-08,301049751,73239990,STAINLESS STEEL SPORTS BOTTLE 600ML S115-NP-21 (TOTAL NET WT - .6326.64 KGS)(NOT VACUUM BOTTLE)(MILD STEEL),,,,,,,,,36360.0,PCS,92.9337863,3379072.47,1.245761211,45295.87761,821790.4
INNSA1,2018-10-03,301049751,73239990,RYX-02-021A MILD STEEL MULTI FUNCTION CLOTH STAND (OTHER ART - ICLES OF HOUSEHOLD OF IRON & STEEL),,,,,,,,,2592.0,PCS,699.8309799,1813961.9,9.502117854,24629.48948,441155.5
INNSA1,2018-10-03,301049751,73239990,STEEL PEELER -MP-196 (TOTAL NET WT.580.32 KGS) (MILD STEEL) -,,,,,,,,,7440.0,PCS,38.39010887,285622.41,0.52125063,3878.104684,69463.3
INNSA1,2018-10-03,301049751,73239990,RYX-02-020 MILD STEEL MULTI FUNCTION CLOTH STAND (OTHER ARTI - CLES OF HOUSEHOLD OF IRON & STEEL),,,,,,,,,1232.0,PCS,1113.291177,1371574.73,15.11596982,18622.87481,333567.0
INNSA1,2018-10-01,301049751,73239990,STAINLESS STEEL GRATER WITH HANDLE -DS-25 (TOTAL NET WT.1734 - KGS) (MILD STEEL),,,,,,,,,51000.0,PCS,16.13491549,822880.69,0.219075567,11172.8539,200124.6
INNSA1,2018-10-01,301049751,73239990,STAINLESS STEEL SPORTS BOTTLE 600ML S115-NP-21 (TOTAL NET WT - .5537.38KGS)(NOT VACUUM BOTTLE)(MILD STEEL),,,,,,,,,31824.0,PCS,93.20184641,2966055.56,1.265469741,40272.30903,721344.8
INNSA1,2018-10-01,301049751,73239990,STEEL HOOK 4PCS SET-SL-172 (TOTAL NET WT.54 KGS) (MILD STEE - L),,,,,,,,,1200.0,SET,20.84415,25012.98,0.283016293,339.6195519,6083.1
INNSA1,2018-10-01,301049751,73239990,STAINLESS STEEL SPORTS BOTTLE 750ML S-308-C6-NP-20(TOTAL NET - WT.5.98 KGS)(NOT VACUUM BOTTLE)(MILD STEEL),,,,,,,,,36.0,PCS,86.03833333,3097.38,1.168205476,42.05539715,753.3
INNSA1,2018-10-01,301049751,73239990,STEEL ROUND CONTAINER 730ML-6858 (TOTAL NET.WT.3470.60KGS) ( - MILD STEEL),,,,,,,,,17760.0,PCS,82.86492793,1471681.12,1.125117827,19982.0926,357912.8
INNSA1,2018-09-26,301049751,73239990,STEEL ZHARA- NP-003 (MILD STEEL) (TOTAL NET WT.2566.80 KGS),,,,,,,,,27600.0,PCS,33.51151957,924917.94,0.455010449,12558.28839,224940.1
INNSA1,2018-09-25,301049751,73239990,STEEL TEA STRAINER-NP-55 (TOTAL NET WT.2318.40 KGS) (MILD ST - EEL),,,,,,,,,50400.0,PCS,23.5919619,1189034.88,0.320325348,16144.39756,289173.3
INNSA1,2018-09-25,301049751,73239990,STEEL WALL HANGER HOOK-SL-89 (TOTAL NET WT.9390.60 KGS) (MIL - D STEEL),,,,,,,,,39960.0,PCS,82.57186662,3299571.79,1.121138718,44800.70319,802455.9
INNSA1,2018-09-24,301049751,73239990,STAINLESS STEEL SPORTS BOTTLE 750ML S-308-C6-NP-20 (TOTAL NET WT.1509.01 KGS)(NOT VACUUM BOTTLE)(MILD STEEL)(DPD CLIENT),,,,,,,,,9036.0,PCS,85.80915449,775371.52,1.165093747,10527.7871,188570.4
INNSA1,2018-09-24,301049751,73239990,STAINLESS STEEL COLA BOTTLE 750ML SK750-SL-01 (TOTAL NET WT.5844.60 KGS)(NOT VACUUM BOTTLE)(MILD STEEL),,,,,,,,,30600.0,PCS,99.79566797,3053747.44,1.354998886,41462.96592,742671.4
INNSA1,2018-09-24,301049751,73239990,RYX-02-021A MILD STEEL MULTI FUNCTION CLOTH STAND (OTHER ARTICLES OF HOUSEHOLD OF IRON & STEEL),,,,,,,,,2592.0,PCS,699.8213349,1813936.9,9.501986896,24629.15003,441149.5
INNSA1,2018-09-24,301049751,73239990,STEEL LUNCH BOX -6900(TOTAL NET.WT.1854.60KGS) (MILD STEEL) -,,,,,,,,,15840.0,PCS,59.45097601,941703.46,0.80720945,12786.19769,229022.2
INNSA1,2018-09-24,301049751,73239990,STAINLESS STEEL SPORTS BOTTLE 600ML S115-NP-21 (TOTAL NET WT.92.88 KGS)(NOT VACUUM BOTTLE)(MILD STEEL),,,,,,,,,540.0,PCS,94.88148148,51236.0,1.288275377,695.6687033,12460.6
INNSA1,2018-09-18,301049751,73239990,STEEL LUNCH BOX 2LAYER-8504 (TOTAL NET.WT.10532.90KGS) (MILDSTEEL)-DPD CLIENT,,,,,,,,,22020.0,PCS,182.9397911,4028334.2,2.521568451,55524.93728,979690.8
INNSA1,2018-09-18,301049751,73239990,STEEL LUNCH BOX 3LAYER-8505 (TOTAL NET WT.9608.30 KGS) (MILDSTEEL),,,,,,,,,14820.0,PCS,253.9204298,3763100.77,3.499937007,51869.06644,915186.1
INNSA1,2018-09-17,301049751,73239990,STEEL SPOON HOLDER ROUND -MP-96 (MILD STEEL) (TOTAL NET WT.2236.18 KGS) (DPD CLIENT),,,,,,,,,10548.0,PCS,53.7290273,566733.78,0.740579287,7811.630324,137829.6
INNSA1,2018-09-17,301049751,73239990,STEEL ZHARA-NP-003 (MILD STEEL) (TOTAL NET WT.1692 KGS),,,,,,,,,18000.0,PCS,32.72447889,589040.62,0.451061046,8119.098828,143254.7
INNSA1,2018-09-17,301049751,73231000,STEEL SCRUBBER -ANG537 (TOTAL NET WT.5831.10 KGS)(MILD STEEL) (DPD CLIENT),,,,,,,,,270864.0,PCS,4.919737101,1332579.67,0.067811676,18367.74183,412833.2
INNSA1,2018-09-17,301049751,73239990,STEEL LUNCH BOX 3 LAYER -8505 (TOTAL NET.WT. 1174.78 KGS) (MILD STEEL),,,,,,,,,1812.0,PCS,253.7221302,459744.5,3.497203725,6336.93315,111809.8
INNSA1,2018-09-17,301049751,73239990,STEEL LUNCH BOX -6561 (TOTAL NET.WT. 2469.60 KGS) (MILD STEEL),,,,,,,,,6480.0,PCS,191.5711759,1241381.22,2.640539985,17110.6991,301903.9
INNSA1,2018-09-17,301049751,73239990,STEEL CONTAINER ROUND-6857(TOTAL NET WT.3029.40 KGS) (MILD STEEL)(DPD CLIENT),,,,,,,,,23760.0,PCS,61.41976599,1459333.64,0.846585334,20114.86754,354909.9
INNSA1,2018-09-17,301049751,73239990,STEEL LUNCH BOX -6900(TOTAL NET.WT. 2686.36 KGS) (MILD STEEL),,,,,,,,,22944.0,PCS,58.275659,1337076.72,0.803248229,18429.72736,325177.1
INNSA1,2018-09-10,301049751,73239990,STAINLESS STEEL SPORTS BOTTLE 750ML S-308-C6-NP-20 (TOTAL NET WT.3585.60 KGS)(NOT VACUUM BOTTLE)(MILD STEEL)(DPD CLIENT),,,,,,,,,21600.0,PCS,84.6257537,1827916.28,1.166447329,25195.2623,444549.3
INNSA1,2018-09-10,301049751,73239990,STAINLESS STEEL SPORTS BOTTLE 600ML S115-NP-21 (TOTAL NET WT. 3609.94KGS)(NOT VACUUM BOTTLE)(MILD STEEL),,,,,,,,,20988.0,PCS,93.57297027,1963909.5,1.289772161,27069.73811,477622.7
INNSA1,2018-09-08,301049751,73239990,STEEL SPOON HOLDER ROUND -MP-96 (TOTAL NET WT.1034.21 KGS) (MILD STEEL),,,,,,,,,4788.0,PCS,54.64257101,261628.63,0.753171206,3606.183735,63628.1
INNSA1,2018-09-03,301049751,73239990,STAINLESS STEEL SPORTS BOTTLE 750ML SG-702-SB-01(TOTAL NET WT.2016 KGS)(NOT VACUUM BOTTLE)(MILD STEEL)-DPD CLIENT,,,,,,,,,12600.0,PCS,97.22706508,1225061.02,1.36746927,17230.1128,297934.8
INNSA1,2018-09-03,301049751,73239990,STEEL ZHARA-NP-003 (TOTAL NET WT.2256 KGS) (MILD STEEL),,,,,,,,,24000.0,PCS,32.17004333,772081.04,0.452461932,10859.08636,187770.1
INNSA1,2018-09-03,301049751,73239990,STEEL TEA STRAINER-NP-55 (TOTAL NET WT.2368.80KGS) (MILD STEEL),,,,,,,,,50400.0,PCS,23.03685258,1161057.37,0.324006365,16329.92082,282369.1
INNSA1,2018-09-03,301049751,73239990,STAINLESS STEEL SPORTS BOTTLE 600ML S115-NP-21 (TOTAL NET WT.4185.79 KGS)(NOT VACUUM BOTTLE)(MILD STEEL),,,,,,,,,24336.0,PCS,91.74433555,2232690.15,1.290356337,31402.11181,542990.2
INNSA1,2018-09-03,301049751,73239990,STAINLESS STEEL SPORTS BOTTLE 750ML S-308-C6-NP-20 (TOTAL NET WT.1165.32 KGS)(NOT VACUUM BOTTLE)(MILD STEEL)-,,,,,,,,,7020.0,PCS,82.97196866,582463.22,1.166975649,8192.169058,141655.0
INNSA1,2018-08-30,301049751,73239990,RYX-02-020 MILD STEEL MULTI FUNCTION CLOTH STAND (OTHER ARTICLES OF HOUSEHOLD OF IRON & STEEL),,,,,,,,,1232.0,PCS,1076.178344,1325851.72,15.13612298,18647.70352,322447.2
INNSA1,2018-08-29,301049751,73239990,KWB-600F STAINLESS STEEL SPORTS BOTTLE,,,,,,,,,50544.0,PCS,82.37398425,4163510.66,1.158565179,58558.51842,1012565.8
INNSA1,2018-08-28,301049751,73239990,STEEL LUNCH BOX -6900(TOTAL NET.WT. 255.71KGS) (MILD STEEL)(DPD CLIENT),,,,,,,,,2184.0,PCS,57.88220238,126414.73,0.814095673,1777.984951,30744.0
INNSA1,2018-08-28,301049751,73239990,STEEL LUNCH BOX -6900(TOTAL NET.WT. 3057.28KGS) (MILD STEEL),,,,,,,,,26112.0,PCS,57.2273809,1494321.37,0.804885807,21017.1782,363418.9
INNSA1,2018-08-28,301049751,73239990,STEEL LUNCH BOX -6111(TOTAL NET.WT. 1134.00KGS) (MILD STEEL),,,,,,,,,6720.0,PCS,85.44615179,574198.14,1.201774287,8075.923207,139645.0
INNSA1,2018-08-28,301049751,73239990,STEEL LUNCH BOX -6950(TOTAL NET.WT. 2095.20KGS) (MILD STEEL),,,,,,,,,6480.0,PCS,172.328375,1116687.87,2.423746484,15705.87722,271578.5
INNSA1,2018-08-28,301049751,73239990,STEEL CONTAINER ROUND-6857(TOTAL NET WT.3090.60KGS) (MILD STEEL)(DPD CLIENT),,,,,,,,,24240.0,PCS,60.31493111,1462033.93,0.848311267,20563.06512,355566.6
INNSA1,2018-08-28,301049751,73239990,STEEL LUNCH BOX -6900(TOTAL NET.WT. 193.89KGS) (MILD STEEL)(DPD CLIENT),,,,,,,,,1656.0,PCS,57.8615157,95818.67,0.813804722,1347.660619,23303.2
INNSA1,2018-08-28,301049751,73239990,STEEL LUNCH BOX-6527 (TOTAL NET WT.4375 KGS) (MILD STEEL),,,,,,,,,10500.0,PCS,162.6802229,1708142.34,2.288048141,24024.50549,415420.2
INNSA1,2018-08-27,301049751,73239990,KIDS STEEL BOWL-HLG00020-2 (MILD STEEL) (TOTAL NET WT.158.40KGS),,,,,,,,,960.0,PCS,104.9557188,100757.49,1.476170447,1417.123629,24504.2
INNSA1,2018-08-27,301049751,73239990,KIDS STEEL BOWL -HLG0001-2 (MILD STEEL) (TOTAL NET WT.264.96 KGS),,,,,,,,,1920.0,PCS,74.43667708,142918.42,1.046929354,2010.10436,34757.7
INNSA1,2018-08-20,301049751,73239990,STEEL ZHARA -NP-003 (TOTAL NET WT. 1382.40 KGS)(MILD STEEL),,,,,,,,,14400.0,PCS,32.2596125,464538.42,0.453721695,6533.592405,112975.7
INNSA1,2018-08-20,301049751,73239990,STEEL HOOK 3PCS SET-2628 (MILD STEEL) (TOTAL NET WT.2330.20KGS),,,,,,,,,68760.0,SET,33.33225131,2291925.6,0.468808035,32235.24051,557396.4
INNSA1,2018-08-20,301049751,73239990,STEEL GARLIC CRUSHER-SL-159 (MILD STEEL) (TOTAL NET WT.40.80KGS),,,,,,,,,240.0,PCS,106.7929167,25630.3,1.50201008,360.4824191,6233.3
INNSA1,2018-08-20,301049751,73239990,STEEL WALL HANGER HOOK-SL-89 (TOTAL NET WT. 1706.40 KGS)(MILD STEEL),,,,,,,,,7200.0,PCS,81.58463472,587409.37,1.147463217,8261.735162,142857.9
INNSA1,2018-08-20,301049751,73239990,STEEL PEELER -MP-196 (MILD STEEL)(TOTAL NET WT.4488 KGS),,,,,,,,,52800.0,PCS,37.41485511,1975504.35,0.526228623,27784.87131,480442.6
INNSA1,2018-08-16,301049751,73239990,RYX-02-020 MILD STEEL MULTI FUNCTION CLOTH STAND (OTHER ARTICLES OF HOUSEHOLD OF IRON & STEEL),,,,,,,,,2464.0,PCS,1057.735471,2606260.2,15.27415842,37635.52635,633842.5
INNSA1,2018-08-14,301049751,73231000,8001-1PCS - STEEL SCRUBBER (MADE UP MILD STEEL) (NET WEIGHT:4581 KGS),,,,,,,,,305400.0,PCS,7.022338736,2144622.25,0.101405614,30969.27437,664403.9
INNSA1,2018-08-13,301049751,73239990,STEEL LUNCH BOX 2LAYER-8504 (TOTAL NET.WT.10532.9KGS) (MILDSTEEL)-DPD CLIENT,,,,,,,,,22020.0,PCS,174.9696871,3852832.51,2.526638081,55636.57054,937008.9
INNSA1,2018-08-13,301049751,73239990,STAINLESS STEEL SPORTS BOTTLE 750ML S-308-C6-NP-20 (TOTAL NET WT.6890.32 KGS)(NOT VACUUM BOTTLE)(MILD STEEL)-DPD CLIENT,,,,,,,,,41508.0,PCS,81.06695914,3364927.34,1.170642009,48591.00852,818350.3
INNSA1,2018-08-13,301049751,73239990,STEEL LUNCH BOX 3LAYER-8505 (TOTAL NET WT.10783.08 KGS) (MILD STEEL),,,,,,,,,16632.0,PCS,242.8579251,4039213.01,3.506973647,58327.9857,982336.6
INNSA1,2018-08-07,301049751,73239990,STEEL PIZZA CUTTER-RJ-388 (TOTAL NET WT.531.36 KGS) (MILD STEEL),,,,,,,,,5904.0,PCS,35.73043191,210952.47,0.515962916,3046.245054,51303.6
INNSA1,2018-08-07,301049751,73239990,STEEL WALL HANGER HOOK -SL-89 (TOTAL NET WT.2986.20 KGS) (MILD STEEL),,,,,,,,,12600.0,PCS,81.20552619,1023189.63,1.172642977,14775.30152,248839.8
INNSA1,2018-08-06,301049751,73239990,KWP-600B-SS OIL POT 600ML,,,,,,,,,16000.0,PCS,95.9244375,1534791.0,1.385190433,22163.04693,373261.2
INNSA1,2018-08-01,301049751,73239990,STAINLESS STEEL COLA BOTTLE 750ML SK750 -SL-01 (TOTAL NET WT.3352.32 KGS) (NOT VACUUM BOTTLE) (MILD STEEL)-DPD CLIENT,,,,,,,,,17280.0,PCS,98.10715278,1695291.6,1.409585528,24357.63793,412294.9
INNSA1,2018-08-01,301049751,73239990,STAINLESS STEEL SPORTS BOTTLE 600ML S115-NP-21 (TOTAL NET WT.3294.144 KGS)(NOT VACUUM BOTTLE)(MILD STEEL),,,,,,,,,19152.0,PCS,89.87188074,1721226.26,1.291262654,24730.26236,418602.2
INNSA1,2018-08-01,301049751,73231000,STEEL SCRUBBER-GS21 (TOTAL NET WT.306 KGS) (MILD STEEL),,,,,,,,,6000.0,PCS,17.253965,103523.79,0.247901796,1487.410776,32071.7
INNSA1,2018-08-01,301049751,73239990,STEEL TEA STRAINER-NP-55 (TOTAL NET WT.2268 KGS) (MILD STEEL),,,,,,,,,50400.0,PCS,23.1261131,1165556.1,0.33227174,16746.49569,283463.3
INNSA1,2018-07-28,301049751,73239990,KWP-1000B-SS OIL POT 1000ML,,,,,,,,,27000.0,PCS,116.2931389,3139914.75,1.670878432,45113.71767,763627.2
INNSA1,2018-07-24,301049751,73231000,8001-1PCS - STEEL SCRUBBER,,,,,,,,,259800.0,SET,7.045251771,1830356.41,0.101224882,26298.22428,567044.4
INNSA1,2018-07-24,301049751,73231000,STEEL SCRUBBER -ANG537 (TOTAL NET WT.5719.50KGS)(MILD STEEL)(DPD CLIENT),,,,,,,,,265680.0,PCS,4.756953139,1263827.31,0.068347028,18158.43836,391533.7
INNSA1,2018-07-24,301049751,73231000,8001-2 PCS - STEEL SCRUBBER 2PCS SET,,,,,,,,,30000.0,SET,12.681453,380443.59,0.182204784,5466.143534,117861.4
INNSA1,2018-07-23,301049751,73239990,STAINLESS STEEL SPORTS BOTTLE 750ML S-308-C6-NP-20 (TOTAL NET WT. 2055.24 KGS)(NOT VACUUM BOTTLE)(MILD STEEL)-,,,,,,,,,11880.0,PCS,81.34374411,966363.68,1.168731956,13884.53563,235019.6
INNSA1,2018-07-23,301049751,73239990,STAINLESS STEEL SPORTS BOTTLE 600ML S115-NP-21 (TOTAL NET WT.66.24 KGS)(NOT VACUUM BOTTLE)(MILD STEEL),,,,,,,,,360.0,PCS,89.94397222,32379.83,1.292298451,465.2274425,7874.8
INNSA1,2018-07-23,301049751,73239990,STEEL ZHARA-NP-003 (TOTAL NET WT.4085.64 KGS) (MILD STEEL),,,,,,,,,42120.0,PCS,32.47571557,1367877.14,0.466605109,19653.40718,332667.7
INNSA1,2018-07-23,301049751,73239990,STAINLESS STEEL COLA BOTTLE 750ML SK750 -SL-01 (TOTAL NET WT.2857.68 KGS) (NOT VACUUM BOTTLE) (MILD STEEL),,,,,,,,,15120.0,PCS,98.18584061,1484569.91,1.410716101,21330.02744,361047.4
INNSA1,2018-07-17,301049751,73239990,STEEL LUNCH BOX 2LAYER-8504 (TOTAL NET.WT.10532.9 KGS) (MILDSTEEL)-DPD CLIENT,,,,,,,,,22020.0,PCS,176.1571853,3878981.22,2.527362773,55652.52826,943368.2
INNSA1,2018-07-17,301049751,73239990,STEEL WALL HANGER HOOK-SL-89 (TOTAL NET WT.3855.60 KGS) (MILD STEEL),,,,,,,,,16200.0,PCS,83.57875494,1353975.83,1.199121305,19425.76514,329287.0
INNSA1,2018-07-17,301049751,73239990,STEEL LUNCH BOX 3LAYER-8505 (TOTAL NET WT.10783.08 KGS) (MILD STEEL),,,,,,,,,16632.0,PCS,244.506173,4066626.67,3.507979527,58344.71549,989003.7
INNSA1,2018-07-16,301049751,73239990,STAINLESS STEEL SPORTS BOTTLE 750ML S-308-C6-NP-20 (TOTAL NET WT. 7286.76 KGS)(NOT VACUUM BOTTLE)(MILD STEEL)-,,,,,,,,,42120.0,PCS,81.44147317,3430314.85,1.168457291,49215.42109,834252.5
INNSA1,2018-07-16,301049751,73239990,STAINLESS STEEL SPORTS BOTTLE 600ML S115-NP-21 (TOTAL NET WT.2848.32KGS)(NOT VACUUM BOTTLE)(MILD STEEL),,,,,,,,,15480.0,PCS,90.05202519,1394005.35,1.291994623,20000.07676,339022.1
INNSA1,2018-07-16,301049751,73239990,STAINLESS STEEL COLA BOTTLE 750ML SK750 -SL-01 (TOTAL NET WT.1360.80KGS) (NOT VACUUM BOTTLE) (MILD STEEL),,,,,,,,,7200.0,PCS,98.30380417,707787.39,1.410384565,10154.76887,172133.9
INNSA1,2018-07-13,301049751,73239990,RYX-02-021A MILD STEEL MULTI FUNCTION CLOTH STAND (OTHER ARTICLES OF HOUSEHOLD OF IRON & STEEL),,,,,,,,,5184.0,PCS,649.9747492,3369469.1,9.325319214,48342.45481,819454.9
INNSA1,2018-07-05,301049751,73239990,RYX-02-021A MILD STEEL MULTI FUNCTION CLOTH STAND (OTHER ARTICLES OF HOUSEHOLD OF IRON & STEEL),,,,,,,,,5184.0,PCS,644.3803106,3340467.53,9.32533011,48342.51129,812401.8
INNSA1,2018-07-03,301049751,73239990,STAINLESS STEEL SPORTS BOTTLE 600ML S115-NP-21 (TOTAL NET WT.4590.432 KGS)(NOT VACUUM BOTTLE)(MILD STEEL),,,,,,,,,27324.0,PCS,89.18133436,2436790.78,1.290612654,35264.70014,592627.5
INNSA1,2018-07-03,301049751,73239990,STEEL SPOON HOLDER ROUND-MP-96 (TOTAL NET WT.2654.57 KGS) (MILD STEEL),,,,,,,,,11592.0,PCS,51.96774845,602410.14,0.752065824,8717.947033,146506.1
INNSA1,2018-07-03,301049751,73239990,STEEL PIZZA CUTTER -RJ-388 (TOTAL NET WT.1749.60 KGS) (MILDSTEEL),,,,,,,,,19440.0,PCS,36.84985751,716361.23,0.533283032,10367.02214,174219.0
INNSA1,2018-07-03,301049751,73239990,STAINLESS STEEL SPORTS BOTTLE 750ML S-308-C6-NP-20 (TOTAL NET WT. 2529.108 KGS)(NOT VACUUM BOTTLE)(MILD STEEL)-DPD CLIEN,,,,,,,,,15516.0,PCS,80.65403583,1251428.02,1.167207465,18110.39103,304347.3
INNSA1,2018-06-25,301049751,73239990,STEEL SPOON HOLDER ROUND-MP-96 (TOTAL NET WT. 585.32 KGS) (D - PD CLIENT),,,,,,,,,2556.0,PCS,52.26910407,133599.83,0.756426976,1933.427352,32491.5
INNSA1,2018-06-25,301049751,73239990,STEEL ZHARA-NP-003-NP-003 (TOTAL NET WT.3948 KGS) (MILD STEE - L),,,,,,,,,42000.0,PCS,33.39414929,1402554.27,0.483272783,20297.45687,341101.1
INNSA1,2018-06-18,301049751,73239990,STAINLESS STEEL SPORTS BOTTLE 600ML S115-NP-21 (TOTAL NET WT - .2909.088 KGS)(NOT VACUUM BOTTLE)(MILD STEEL)-DPD CLIENT,,,,,,,,,17316.0,PCS,87.62716736,1517352.03,1.291483675,22363.33132,369020.0
INNSA1,2018-06-18,301049751,73239990,STAINLESS STEEL SPORTS BOTTLE 750ML S-308-C6-NP-20 (TOTAL NE - T WT.3114.00 KGS)(NOT VACUUM BOTTLE)(MILD STEEL),,,,,,,,,18000.0,PCS,79.24847389,1426472.53,1.167995194,21023.91349,346918.1
INNSA1,2018-06-18,301049751,73239990,STAINLESS STEEL COLA BOTTLE 750ML SK750 -SL-01 (TOTAL NET WT - .1230.12 KGS) (NOT VACUUM BOTTLE) (MILD STEEL),,,,,,,,,6120.0,PCS,94.26029902,576873.03,1.38924538,8502.181724,140295.5
INNSA1,2018-06-13,301049751,73239990,RYX-02-020 MILD STEEL MULTI FUNCTION CLOTH STAND (OTHER ARTI - CLES OF HOUSEHOLD OF IRON & STEEL),,,,,,,,,1232.0,PCS,1033.244058,1272956.68,15.22835753,18761.33648,309583.1
INNSA1,2018-06-13,301049751,73239990,RYX-02-021A MILD STEEL MULTI FUNCTION CLOTH STAND (OTHER ART - ICLES OF HOUSEHOLD OF IRON & STEEL),,,,,,,,,6480.0,PCS,629.9657731,4082178.21,9.284683466,60164.74886,992785.7
INNSA1,2018-06-12,301049751,73239990,STEEL PEELER-MP-196(TOTAL NET WT.179.28 KGS) (MILD STEEL) -,,,,,,,,,2160.0,PCS,38.09446759,82284.05,0.561451254,1212.734709,20011.4
INNSA1,2018-06-05,301049751,73239990,STEEL CONTAINER ROUND-6856(TOTAL NET WT.3964.00KGS) (MILD ST - EEL) (DPD CLIENT),,,,,,,,,47568.0,PCS,41.81176757,1988902.16,0.609057066,28971.62651,483701.0
INNSA1,2018-06-04,301049751,73239990,STEEL ROUND CONTAINER 730ML-LF-8 (TOTAL NET WT.48 KGS) (MILD - STEEL),,,,,,,,,240.0,PCS,88.16920833,21160.61,1.284329328,308.2390386,5146.3
INNSA1,2018-06-04,301049751,73239990,STEEL ROUND CONTAINER 420ML-LF-9(TOTAL NET WT.42KGS) (MILD S - TEEL),,,,,,,,,300.0,PCS,67.93363333,20380.09,0.989564943,296.8694829,4956.4
INNSA1,2018-06-04,301049751,73239990,STEEL PEELER-MP-196 (TOTAL NET WT.4900.32 KGS) (MILD STEEL) -,,,,,,,,,59040.0,PCS,38.63016277,2280724.81,0.562711767,33222.50269,554672.2
INNSA1,2018-06-04,301049751,73239990,STAINLESS STEEL SPORTS BOTTLE 600ML S115-NP-21 (TOTAL NET WT - . 3628.80 KGS)(NOT VACCUM BOTTLE)(MILD STEEL),,,,,,,,,21600.0,PCS,88.58100324,1913349.67,1.290327797,27871.08041,465326.7
INNSA1,2018-06-04,301049751,73239990,STEEL TEA STRAINER-NP-55 (TOTAL NET WT.2419.20 KGS) (MILD ST - EEL) (DPD CLIENT),,,,,,,,,50400.0,PCS,24.08114048,1213689.48,0.350781362,17679.38063,295169.2
INNSA1,2018-06-04,301049751,73239990,STAINLESS STEEL SPORTS BOTTLE 750ML S-308-C6-NP-20 (TOTAL NE - T WT. 2491.20 KGS)(NOT VACCUM BOTTLE)(MILD STEEL) (DPD CLIEN,,,,,,,,,14400.0,PCS,80.11110625,1153599.93,1.166949836,16804.07764,280555.5
INNSA1,2018-06-04,301049751,73239990,STAINLESS STEEL COLA BOTTLE 750ML SK750 -SL-01 (TOTAL NET WT - .1165.00 KGS) (NOT VACCUM BOTTLE) (MILD STEEL),,,,,,,,,5796.0,PCS,95.28633885,552279.62,1.388002023,8044.859723,134314.5
INNSA1,2018-05-31,301049751,73239990,KWB-600F STAINLESS STEEL SPORTS BOTTLE -,,,,,,,,,50400.0,PCS,79.48987103,4006289.5,1.157900525,58358.18645,974329.7
INNSA1,2018-05-29,301049751,73231000,8001- STEEL SCRUBBER 2PCS SET -,,,,,,,,,134400.0,SET,12.52905074,1683904.42,0.182506202,24528.8335,521673.5
INNSA1,2018-05-29,301049751,73239990,RYX-02-020 MILD STEEL MULTI FUNCTION CLOTH STAND (OTHER ARTI - CLES OF HOUSEHOLD OF IRON & STEEL),,,,,,,,,2464.0,PCS,1043.942565,2572274.48,15.20673802,37469.40248,625577.1
INNSA1,2018-05-29,301049751,73239990,RYX-02-021A MILD STEEL MULTI FUNCTION CLOTH STAND (OTHER ART - ICLES OF HOUSEHOLD OF IRON & STEEL),,,,,,,,,6480.0,PCS,636.4886173,4124446.24,9.271502073,60079.33343,1003065.3
INNSA1,2018-05-28,301049751,73239990,STEEL ZHARA-NP-003 (TOTAL NET WT.4608 KGS) (MILD STEEL) -,,,,,,,,,48000.0,PCS,33.5236775,1609136.52,0.488327422,23439.71624,391342.1
INNSA1,2018-05-28,301049751,73239990,STAINLESS STEEL COLA BOTTLE 750ML SK750 -SL-01 (TOTAL NET WT - .1932.01KGS) (NOT VACUUM BOTTLE) (MILD STEEL),,,,,,,,,9612.0,PCS,95.29614544,915986.55,1.388144872,13342.84851,222768.0
INNSA1,2018-05-28,301049751,73239990,STAINLESS STEEL SPORTS BOTTLE 600ML S115-NP-21 (TOTAL NET WT - . 5310.14 KGS)(NOT VACUUM BOTTLE)(MILD STEEL) (DPD CLIENT),,,,,,,,,31608.0,PCS,85.97830043,2717602.12,1.252415156,39586.33824,660920.8
INNSA1,2018-05-28,301049751,73239990,STEEL WALL HANGER HOOK-SL-89 (TOTAL NET WT.1670.40KGS) (MILD - STEEL),,,,,,,,,7200.0,PCS,85.30803056,614217.82,1.242651574,8947.091333,149377.8
INNSA1,2018-05-21,301049751,73239990,STEEL HOOK -LF-35 (TOTAL NET WT.45.79 KGS) (MILD STEEL) -,,,,,,,,,864.0,PCS,40.53390046,35021.29,0.590442833,510.1426074,8517.1
INNSA1,2018-05-14,301049751,73239990,KWP-1000B-SS OIL POT 1000ML -,,,,,,,,,27000.0,PCS,113.4410741,3062909.0,1.680608505,45376.42963,744899.5
INNSA1,2018-05-11,301049751,73239990,RYX-02-020 MILD STEEL MULTI FUNCTION CLOTH STAND (OTHER ART - ICLES OF HOUSEHOLD OF IRON & STEEL),,,,,,,,,3696.0,PCS,1027.720135,3798453.62,15.22548349,56273.38696,923783.9
INNSA1,2018-05-11,301049751,73239990,RYX-02-021A MILD STEEL MULTI FUNCTION CLOTH STAND (OTHER AR - TICLES OF HOUSEHOLD OF IRON & STEEL),,,,,,,,,7776.0,PCS,626.5977842,4872424.37,9.282930136,72184.06474,1184973.5
INNSA1,2018-05-08,301049751,73239990,STAINLESS STEEL SPORTS BOTTLE 750ML S-308-C6-NP-20 (TOTAL NE - T WT. 2186.03 KGS)(NOT VACCUM BOTTLE)(MILD STEEL) (DPD CLIEN,,,,,,,,,12636.0,PCS,78.62968107,993564.65,1.164884164,14719.4763,241634.9
INNSA1,2018-05-08,301049751,73239990,STAINLESS STEEL COLA BOTTLE 750ML SK750 -SL-01 (TOTAL NET WT - .2981.23 KGS) (NOT VACCUM BOTTLE) (MILD STEEL),,,,,,,,,14832.0,PCS,93.52429005,1387152.27,1.385545038,20550.404,337355.4
INNSA1,2018-05-08,301049751,73239990,STEEL SCRUBBER-SL-55(TOTAL NET WT. 901.80KGS) (MILD STEEL) -,,,,,,,,,54000.0,PCS,13.41698556,724517.22,0.198770156,10733.58844,224455.4
INNSA1,2018-05-08,301049751,73239990,STAINLESS STEEL SPORTS BOTTLE 600ML S115-NP-21 (TOTAL NET WT - . 2413.15 KGS)(NOT VACCUM BOTTLE)(MILD STEEL),,,,,,,,,14364.0,PCS,84.37969298,1212029.91,1.250069526,17955.99867,294765.7
INNSA1,2018-05-01,301049751,73239990,KWP-600B-SS OIL POT 600ML -,,,,,,,,,38204.0,PCS,91.49159879,3495345.04,1.371688138,52403.97361,850068.0
INNSA1,2018-04-30,301049751,73239990,STEEL WALL HANGER HOOK-SL-89 (TOTAL NET WT.2088.00 KGS) (MIL - D STEEL),,,,,,,,,9000.0,PCS,83.24053,749164.77,1.247983958,11231.85562,182196.9
INNSA1,2018-04-30,301049751,73239990,RYX-02-021A MILD STEEL MULTI FUNCTION CLOTH STAND (1296 PCS) - (OTHER ARTICLES OF HOUSEHOLD OF IRON & STEEL),,,,,,,,,4752.0,KGS,172.1453199,818034.56,2.580889353,12264.38621,198946.0
INNSA1,2018-04-30,301049751,73239990,RYX-02-020 MILD STEEL MULTI FUNCTION CLOTH STAND (1232 PCS) - (OTHER ARTICLES OF HOUSEHOLD OF IRON & STEEL),,,,,,,,,4004.0,KGS,311.7942333,1248424.11,4.674576211,18717.00315,303616.7
INNSA1,2018-04-27,301049751,73239990,STEEL LUNCH BOX 2LAYER-8504 (TOTAL NET.WT.5912.20 KGS) (MILD - STEEL) (DPD CLIENT),,,,,,,,,12360.0,PCS,165.4495696,2044956.68,2.480503292,30659.02069,497333.5
INNSA1,2018-04-27,301049751,73239990,STEEL LUNCH BOX -6900(TOTAL NET.WT. 4215.00KGS) (MILD STEEL) -,,,,,,,,,36000.0,PCS,53.60297028,1929706.93,0.803642733,28931.13838,469304.8
INNSA1,2018-04-27,301049751,73239990,STEEL CONTAINER ROUND-6856 (TOTAL NET WT.116 KGS) (MILD STEE - L),,,,,,,,,1392.0,PCS,40.35355603,56172.15,0.60500084,842.1611694,13661.0
INNSA1,2018-04-24,301049751,73239990,STAINLESS STEEL SPORTS BOTTLE 600ML S115-NP-21 (TOTAL NET WT - .991.872 KGS)(MILD STEEL),,,,,,,,,5904.0,PCS,83.48713753,492908.06,1.251681222,7389.925937,119875.3
INNSA1,2018-04-24,301049751,73239990,STAINLESS STEEL SPORTS BOTTLE 750ML S-308-C6 -NP-20 (TOTAL N - ET WT.6053.616 KGS)(MILD STEEL),,,,,,,,,34992.0,PCS,76.57785665,2679612.36,1.148093803,40174.09835,651681.7
INNSA1,2018-04-18,301049751,73239990,STEEL LUNCH BOX ROUND-9568(TOTAL NET WT.947.64KGS) (MILD STE - EL),,,,,,,,,3576.0,PCS,87.30247204,312193.64,1.324771958,4737.384522,75925.5
INNSA1,2018-04-18,301049751,73239990,STEEL LUNCH BOX 2LAYER-8504 (TOTAL NET.WT.5171.74 KGS) (MILD - STEEL),,,,,,,,,10812.0,PCS,163.9420459,1772541.4,2.487739695,26897.44158,431082.0
INNSA1,2018-04-18,301049751,73239990,STEEL LUNCH BOX -6527(TOTAL NET.WT.5125KGS) (MILD STEEL) -,,,,,,,,,12300.0,PCS,149.2805626,1836150.92,2.265258917,27862.68467,446551.9
INNSA1,2018-04-18,301049751,73239990,STEEL LUNCH BOX 3LAYER-8505 (TOTAL NET WT.10783.08 KGS) (MIL - D STEEL),,,,,,,,,16632.0,PCS,221.9215506,3690999.23,3.367550085,56009.09302,897651.0
INNSA1,2018-04-18,301049751,73239990,STEEL LUNCH BOX -6900(TOTAL NET.WT. 4136.32KGS) (MILD STEEL) -,,,,,,,,,35328.0,PCS,53.11455729,1876431.08,0.805987212,28473.91624,456348.0
INNSA1,2018-04-18,301049751,73239990,STEEL CONTAINER ROUND-6856 (TOTAL NET WT.220 KGS) (MILD STEE - L),,,,,,,,,2640.0,PCS,39.98586364,105562.68,0.606765761,1601.861608,25672.9
INNSA1,2018-04-17,301049751,73239990,03-027I FAMILY CLOTH RACK 3LAYERS (3600 PCS) (HOUSEHOLD ARTI - CLES) (MADE UP OF MILD STEEL),,,,,,,,,3600.0,PCS,834.158,3002968.8,12.65793627,45568.57056,730322.0
INNSA1,2018-04-10,301049751,73239990,03-027I FAMILY CLOTH RACK 3LAYERS (1800 PCS) (HOUSEHOLD ARTI - CLES) (MADE UP OF MILD STEEL),,,,,,,,,1800.0,PCS,834.1043889,1501387.9,12.65712274,22782.82094,365137.6
INNSA1,2018-04-07,301049751,73239990,STAINLESS STEEL SPORTS BOTTLE 600ML S115-NP-21 (TOTAL NET WT - .2298.24 KGS)(MILD STEEL),,,,,,,,,13680.0,PCS,82.65892836,1130774.14,1.254308473,17158.93991,275004.2
INNSA1,2018-04-07,301049751,73239990,STAINLESS STEEL SPORTS BOTTLE 750ML S-308-C6 -NP-20 (TOTAL N - ET WT.2242.08 KGS)(MILD STEEL),,,,,,,,,12960.0,PCS,74.99024306,971873.55,1.137939955,14747.70182,236359.7
INNSA1,2018-04-03,301049751,73239990,STEEL TEA STRAINER-NP-55 (TOTAL NET WT.1878.12 KGS) (MILD ST - EEL),,,,,,,,,39960.0,PCS,23.56984184,941850.88,0.358204283,14313.84316,229058.1
INNSA1,2018-04-03,301049751,73239990,STEEL ZHARA-NP-003(TOTAL NET WT.2280 KGS) (MILD STEEL) -,,,,,,,,,24000.0,PCS,32.63516583,783243.98,0.495975165,11903.40395,190484.9
INNSA1,2018-03-22,301049751,73239990,03-0271 FAMILY CLOTH RACK 3LAYERS (1800 PCS) (HOUSEHOLD ARTI - CLES) (MADE UP OF MILD STEEL),,,,,,,,,10701.0,KGS,140.104208,1499255.13,2.129243283,22785.03237,364618.9
INNSA1,2018-03-07,301049751,73239990,KWB-600F STAINLESS STEEL SPORTS BOTTLE -,,,,,,,,,50400.0,PCS,76.68434524,3864891.0,1.160126252,58470.36309,939941.5
INNSA1,2018-02-21,301049751,73239990,STEEL TEA STRAINER -NP-55(TOTAL NET WT.1878.12 KGS) (MILD STEEL),,,,,,,,,39960.0,PCS,23.18727978,926563.7,0.357552502,14287.798,225340.3
INNSA1,2018-02-20,301049751,73239990,STAINLESS STEEL SPORTS BOTTLE 750ML S-308-C6 -NP-20 (TOTAL NET WT. 411.05 KGS)(MILD STEEL),,,,,,,,,2376.0,PCS,74.22217172,176351.88,1.144520767,2719.381342,42888.8
INNSA1,2018-02-20,301049751,73239990,STEEL ZHARA -NP-003 (MILD STEEL) (TOTAL NET WT.3276 KGS),,,,,,,,,36000.0,PCS,31.21482611,1123733.74,0.481338876,17328.19954,273292.0
INNSA1,2018-02-20,301049751,73239990,STEEL PEELER -MP-196 (MILD STEEL) (TOTAL NET WT.4680 KGS),,,,,,,,,60000.0,PCS,36.71719483,2203031.69,0.566186505,33971.19029,535777.3
INNSA1,2018-02-20,301049751,73239990,STAINLESS STEEL COLA BOTTLE 750ML SK750 -SL-01 (TOTAL NET WT.1733.76 KGS)(MILD STEEL),,,,,,,,,10080.0,PCS,90.67867063,914041.0,1.398283279,14094.69545,222294.8
INNSA1,2018-02-20,301049751,73239990,STAINLESS STEEL SPORTS BOTTLE 600ML S115-NP-21 (TOTAL NET WT. 2104.70 KGS)(MILD STEEL),,,,,,,,,12528.0,PCS,81.81231162,1024944.64,1.261562246,15804.85181,249266.5
INNSA1,2018-02-20,301049751,73239990,STAINLESS STEEL SPORTS BOTTLE 750ML S-308-C6 -NP-20 (TOTAL NET WT. 3045.49 KGS)(MILD STEEL),,,,,,,,,17604.0,PCS,74.21958987,1306561.66,1.144480954,20147.44271,317755.8
INNSA1,2018-02-20,301049751,73239990,STEEL MESAURING SPOON 4 PC SET -SJ-05 (MILD STEEL)(TOTAL NET WT.73 KGS),,,,,,,,,1000.0,SET,40.04278,40042.78,0.617467695,617.4676947,9738.4
INNSA1,2018-02-20,301049751,73239990,STAINLESS STEEL SPORTS BOTTLE 600ML S115-NP-21 (TOTAL NET WT.2001.89 KGS)(MILD STEEL),,,,,,,,,11916.0,PCS,81.8094671,974841.61,1.261518382,15032.25305,237081.5
INNSA1,2018-02-19,301049751,73239990,STAINLESS STEEL SPORTS BOTTLE 750ML S-308-C6 -NP-20 (TOTAL NET WT. 2837.92KGS)(MILD STEEL) (DPD CLIENT),,,,,,,,,16596.0,PCS,74.20633827,1231528.39,1.144276612,18990.41465,299507.7
INNSA1,2018-02-14,301049751,73231000,STEEL SCRUBBER -ANG537 (TOTAL NET WT.8549.20 KGS)(MILD STEEL) (DPD CLIENT),,,,,,,,,318384.0,PCS,4.964384517,1580580.6,0.076967202,24505.12558,489663.9
INNSA1,2018-02-07,301049751,73239990,MILD STEEL MULTI FUNCTION CLOTH STAND-RYX-02-021A (DPD CLIENT),,,,,,,,,1206.0,PCS,610.9728939,736833.31,9.472447967,11423.77225,179197.8
INNSA1,2018-02-07,301049751,73239990,STEEL LUNCH BOX ROUND-9568(TOTAL NET WT.3898.68 KGS) (MILD STEEL),,,,,,,,,14712.0,PCS,85.58171629,1259078.21,1.326848315,19520.5924,306207.8
INNSA1,2018-02-07,301049751,73239990,STEEL LUNCH BOX RECTANGLE-9707 (TOTAL NET WT.4143.90 KGS) (MILD STEEL)-(DPD CLIENT),,,,,,,,,13680.0,PCS,107.14047,1465681.63,1.661092559,22723.7462,356453.8
INNSA1,2018-02-03,301049751,73239990,STEEL LUNCH BOX 3 LAYER-6505 (TOTAL NET WT.10783.08 KGS) (MILD STEEL),,,,,,,,,16632.0,PCS,217.5061243,3617561.86,3.372187974,56086.23039,879791.0
INNSA1,2018-02-03,301049751,73239990,STEEL LUNCH BOX ROUND- 9568 (TOTAL NT WT.241.68 KGS) (MILD STEEL),,,,,,,,,912.0,PCS,85.56547149,78035.71,1.326596457,1209.855969,18978.4
INNSA1,2018-02-03,301049751,73239990,STEEL LUNCH BOX -6527 (TOTAL NET WT.6437 KGS)(MILD STEEL),,,,,,,,,12300.0,PCS,146.310426,1799618.24,2.268378698,27901.05798,437667.2
INNSA1,2018-02-03,301049751,73239990,STEEL LUNCH BOX 2 LAYER-6504(TOTAL NET WT.5166 KGS) (MILD STEEL),,,,,,,,,10800.0,PCS,160.6802,1735346.16,2.491165891,26904.59163,422036.2
INNSA1,2018-01-23,301049751,73239990,STEEL HOOK 3PCS-RJ-409 (TOTAL 1257.984 KGS) (MILD STEEL),,,,,,,,,29952.0,SET,39.1546788194444,1172760.94,0.604238870670439,18098.162654321,276021.0
INNSA1,2018-01-22,301049751,73231000,STEEL SCRUBBER -ANG537 (TOTAL NET WT.8549.20 KGS)(MILD STEEL) (DPD CLIENT),,,,,,,,,318384.0,PCS,4.97357982813207,1583508.24,0.0767527751254949,24436.8555555556,477491.0
INNSA1,2018-01-22,301049751,73231000,STEEL SCRUBBER -ANG537 (TOTAL NET WT.8549.20 KGS)(MILD STEEL) (DPD CLIENT),,,,,,,,,318384.0,PCS,4.97357982813207,1583508.24,0.0767527751254949,24436.8555555556,477491.0
INNSA1,2018-01-16,301049751,73239990,STEEL WALL HANGER HOOK -SL-89 (TOTAL NET WT. 1274.40KGS) (MILD STEEL),,,,,,,,,5400.0,PCS,81.241812962963,438705.79,1.25956299167384,6801.64015503876,103253.8
INNSA1,2018-01-08,301049751,73239990,STEEL HOOK 3PCS -RJ-409 (TOTAL NET WT.63.50 KGS) (MILD STEEL) (DPD CLIENT),,,,,,,,,1512.0,SET,38.2474338624339,57830.12,0.592983470735409,896.591007751938,13610.9
INNSA1,2018-01-08,301049751,73239990,RYX-02-021A MULTI FUNCTION CLOTH STAND,,,,,,,,,1296.0,PCS,611.510794753086,792517.99,9.48078751555173,12287.100620155,186527.0
INNSA1,2018-01-08,301049751,73239990,RYX-02-020 MULTI FUNCTION CLOTH STAND,,,,,,,,,1232.0,PCS,981.72273538961,1209482.41,15.2205075254203,18751.6652713178,284663.8
INNSA1,2018-01-02,301049751,73239990,STEEL SPOON HOLDER ROUND -MP-96 (TOTAL NET WT.1822.36 KGS)(MILD STEEL),,,,,,,,,8028.0,PCS,47.6048567513702,382171.79,0.733510889851621,5888.62542372881,89948.0
INNSA1,2018-01-02,301049751,73239990,STEEL HOOK 3PCS -RJ-409 (TOTAL NET WT.1200.53 KGS) (MILD STEEL),,,,,,,,,28584.0,SET,38.0158788133221,1086645.88,0.585760844581235,16743.38798151,255753.0
INNSA1,2018-01-02,301049751,73239990,STEEL ZHARA-NP-003 (TOTAL NET WT.3420 KGS) (MILD STEEL),,,,,,,,,36000.0,PCS,30.3991016666667,1094367.66,0.468399101181304,16862.367642527,257570.4
INNSA1,2017-12-11,301049751,73239990,STEEL WALLNUT CRACKER -SL-145 (TOTAL NET WT.99.84 KGS) (MILDSTEEL)(DPD CLIENT),,,,,,,,,480.0,PCS,69.9703333333333,33585.76,1.06988277268094,513.54373088685,7904.8
INNSA1,2017-12-11,301049751,73239990,STEEL LUNCH BOX -SL-104 (TOTAL NET WT.173.16 KGS) (MILD STEEL),,,,,,,,,360.0,PCS,180.637722222222,65029.58,2.76204468229698,994.336085626911,15305.4
INNSA1,2017-12-11,301049751,73239990,STEEL SPOON HOLDER ROUND-MP-96 (TOTAL NET WT.2180.23 KGS)(MILD STEEL),,,,,,,,,10188.0,PCS,49.9074146054181,508456.74,0.763110315067556,7774.56788990826,119670.4
INNSA1,2017-12-07,301049751,73239990,KWB-600F STAINLESS STEEL SPORTS BOTTLE,,,,,,,,,50400.0,PCS,76.8331746031746,3872392.0,1.16062197285762,58495.3474320242,911406.2
INNSA1,2017-12-01,301049751,73239990,STAINLESS STEEL SPORTS BOTTLE 750ML S-308-C6 -NP-20 (TOTAL NET WT. 1514.38 KGS)(MILD STEEL),,,,,,,,,8856.0,PCS,75.800460704607,671288.88,1.14502206502428,10140.315407855,157994.6
INNSA1,2017-12-01,301049751,73239990,STAINLESS STEEL SPORTS BOTTLE 600ML S115-NP-21 (TOTAL NET WT.1388.84 KGS)(MILD STEEL) (DPD CLIENT),,,,,,,,,8028.0,PCS,83.5520017438964,670755.47,1.26211482996822,10132.2578549849,157869.0
INNSA1,2017-12-01,301049751,73239990,STEEL PEELER-MP-196 (TOTAL NET WT. 2370.00KGS) (MILD STEEL),,,,,,,,,30000.0,PCS,36.2637743333333,1087913.23,0.5477911530715,16433.734592145,256051.2
INNSA1,2017-12-01,301049751,73239990,STEEL HOOK 3 PCS SET-RM2628 (TOTAL NET WT.2330.20 KGS) (MILDSTEEL) (DPD CLIENT),,,,,,,,,68760.0,SET,31.4152678883072,2160113.82,0.474550874445727,32630.1181268882,508404.4
INNSA1,2017-11-27,301049751,73239990,STEEL TEA STRAINER -NP-55 (TOTAL NET WT.1192.32 KGS) (MILD S - TEEL) ,,,,,,,,,25920.0,PCS,22.4028290895062,580681.33,0.338411315551453,8771.62129909365,136669.2
INNSA1,2017-11-27,301049751,73239990,STEEL PIZZA CUTTER-RJ-388(TOTAL NET WT.1935.36 KGS) (MILD ST - EEL) ,,,,,,,,,20160.0,PCS,34.2999836309524,691487.67,0.518126640950942,10445.433081571,162748.6
INNSA1,2017-11-20,301049751,73239990,STEEL JAR - SALT & PEPPER-MP-009 (TOTAL NET WT.1857.60KGS) ( - MILD STEEL) ,,,,,,,,,43200.0,PCS,16.7281574074074,722656.4,0.252691199507665,10916.2598187311,170084.4
INNSA1,2017-11-20,301049751,73239990,STAINLESS STEEL SPORTS BOTTLE 750ML S-308-C6 -NP-20 (TOTAL N - ET WT. 1836 KGS)(MILD STEEL) ,,,,,,,,,10800.0,PCS,75.7669259259259,818282.8,1.14451549737048,12360.7673716012,192591.1
INNSA1,2017-11-20,301049751,73239990,STAINLESS STEEL SPORTS BOTTLE 600ML S115-NP-21 (TOTAL NET WT - . 2377.73 KGS)(MILD STEEL) ,,,,,,,,,13824.0,PCS,83.5150368923611,1154511.87,1.26155644852509,17439.7563444109,271725.9
INNSA1,2017-11-16,301049751,73239990,KWP-1000B SS OIL POT 1000ML - ,,,,,,,,,18000.0,PCS,109.806775,1976521.95,1.67900267584098,30222.0481651376,465194.2
INNSA1,2017-11-16,301049751,73239990,KWP-600B SS OIL POT 600ML - ,,,,,,,,,6000.0,PCS,89.9621766666667,539773.06,1.37556845056065,8253.41070336392,127041.0
INNSA1,2017-11-14,301049751,73239990,STAINESS STEEL COLA BOTTLE -SL-07 (TOTAL NET WT.432.48 KGS) - (MILD STEEL) ,,,,,,,,,2040.0,PCS,120.829617647059,246492.42,1.84754767044432,3768.99724770642,58014.4
INNSA1,2017-11-14,301049751,73239990,STEEL ZHARA -NP-03 (TOTAL NET WT.6768 KGS) (MILD STEEL) - ,,,,,,,,,72000.0,PCS,30.7599831944444,2214718.79,0.470336134471627,33864.2016819572,521256.2
INNSA1,2017-11-14,301049751,73239990,STAINLESS STEELSPORTS BOTTLE 750ML S-308-C6 -NP-20 (TOTAL NE - T WT. 3301.20 KGS)(MILD STEEL) ,,,,,,,,,18864.0,PCS,74.5303143553859,1405939.85,1.13960725314046,21497.5512232416,330902.0
INNSA1,2017-11-14,301049751,73239990,STEEL TEA STRAINER -NP-55 (TOTAL NET WT.662.40 KGS) (MILD ST - EEL) ,,,,,,,,,14400.0,PCS,21.9814333333333,316532.64,0.33610754332314,4839.94862385321,74499.2
INNSA1,2017-11-14,301049751,73239990,STAINLESS STEEL SPORTS BOTTLE 600ML S115-NP-21 (TOTAL NET WT - . 2674.72 KGS)(MILD STEEL)(DPD CLIENT) ,,,,,,,,,15372.0,PCS,82.1519665625813,1262840.03,1.25614627771531,19309.4805810398,297222.0
INNSA1,2017-11-14,301049751,73239990,STEEL TEA STRAINER-NP-55 (TOTAL NET WT.1854.72 KGS) (MILD ST - EEL) ,,,,,,,,,40320.0,PCS,22.0400773809524,888655.92,0.337004241298966,13588.0110091743,209154.1
INNSA1,2017-11-14,301049751,73239990,STAINLESS STEEL COLA BOTTLE 750ML SK750 -SL-01 (TOTAL NET WT - .1164.24 KGS)(MILD STEEL) ,,,,,,,,,5940.0,PCS,93.0785824915825,552886.78,1.42321991577343,8453.92629969419,130127.5
INNSA1,2017-11-07,301049751,73239990,STEEL GRATER -ST-4 (TOTAL 1142.04KGS) (MILD STEEL) - ,,,,,,,,,7368.0,PCS,52.1279248099891,384078.55,0.79706307048913,5872.76070336391,90396.8
INNSA1,2017-11-07,301049751,73239990,STEEL BBQ SKEWER 12 PCS-NP-007 (TOTAL NET WT.4032 KGS) (MILD - STEEL) ,,,,,,,,,25200.0,SET,30.119898015873,759021.43,0.460548899325275,11605.8322629969,178643.2
INNSA1,2017-11-07,301049751,73239990,STEEL TEA STRAINER -NP-55 (TOTAL 1854.72 KGS) (MILD STEEL) - ,,,,,,,,,40320.0,PCS,22.5701339285714,910027.8,0.345109081476627,13914.7981651376,214184.2
INNSA1,2017-11-03,301049751,73239990,STEEL HOOK 3PCS-RJ-409 (TOTAL NET WT.1008 KGS)(MILD STEEL) - ,,,,,,,,,25200.0,SET,38.7385888888889,976212.44,0.592333163438668,14926.7957186544,229761.3
INNSA1,2017-11-03,301049751,73239990,KWB-600F STAINLESS STEEL SPORTS BOTTLE (QTY 50400 PCS/USD1.1 - 5PER PCS) ,,,,,,,,,7350.0,KGS,520.979708843537,3829200.86,7.96605059393788,58550.4718654434,901240.7
INNSA1,2017-11-03,301049751,73239990,STEEL GRATER-ST-4 (TOTAL 1647.96 KGS)(MILD STEEL) - ,,,,,,,,,10632.0,KGS,51.6053348382242,548667.92,0.789072398137985,8389.41773700306,129134.5
INNSA1,2017-10-26,301049751,73231000,STEEL SCRUBBER 3PCS SET-ANGW11 (TOTAL NET WT.7146KGS)(MILD STEEL) (DPD CLIENT),,,,,,,,,114336.0,SET,11.15,1274903.21,0.17,19360.72,384434.3
INNSA1,2017-10-14,301049751,73239990,STEEL WALL HANGER HOOK-SL-89 (TOTAL NET WT.86.76 KGS) (MILDSTEEL),,,,,,,,,360.0,PCS,90.89,32719.98,1.38,496.13,7700.9
INNSA1,2017-10-14,301049751,73239990,STEEL WALL HANGER HOOK-SL-89 (TOTAL NET WT.86.76 KGS) (MILDSTEEL),,,,,,,,,360.0,PCS,90.89,32719.98,1.38,496.13,7700.9
INNSA1,2017-10-10,301049751,73239990,STEEL ZHARA -NP-03 (TOTAL NET WT.2256 KGS) (MILD STEEL),,,,,,,,,24000.0,PCS,31.82,763664.97,0.48,11579.45,179736.2
INNSA1,2017-10-10,301049751,73231000,STEEL SCRUBBER -ANG537 (TOTAL NET WT.8696.60 KGS)(MILD STEEL) (DPD CLIENT),,,,,,,,,318384.0,PCS,4.76,1514229.21,0.07,22960.26,456600.7
INNSA1,2017-10-10,301049751,73239990,STEEL ZHARA -NP-03 (TOTAL NET WT.2256 KGS) (MILD STEEL),,,,,,,,,24000.0,PCS,31.82,763664.97,0.48,11579.45,179736.2
INNSA1,2017-10-10,301049751,73231000,STEEL SCRUBBER -ANG537 (TOTAL NET WT.8696.60 KGS)(MILD STEEL) (DPD CLIENT),,,,,,,,,318384.0,PCS,4.76,1514229.21,0.07,22960.26,456600.7
INNSA1,2017-10-05,301049751,73239990,STAINLESS STEEL COLA BOTTLE 750ML SK750-SL-01 (TOTAL NET WT.1298.70 KGS)(MILD STEEL),,,,,,,,,6660.0,PCS,93.62,623511.88,1.43,9533.82,146749.7
INNSA1,2017-10-05,301049751,73239990,STAINLESS STEEL SPORTS BOTTLE 750ML S-308-C6- NP-21 (TOTAL NET WT.857.844 KGS) (MILD STEEL),,,,,,,,,5076.0,PCS,82.63,419430.8,1.26,6413.31,98717.3
INNSA1,2017-09-22,301049751,73239990,KWP-600B -SS OIL POT 600ML,,,,,,,,,12000.0,PCS,91.751785,1101021.42,1.40293249235474,16835.1899082569,259136.3
INNSA1,2017-09-22,301049751,73239990,KWP-1000B -SS OIL POT 1000ML,,,,,,,,,30000.0,PCS,111.991149333333,3359734.48,1.7124028950051,51372.0868501529,790747.1
INNSA1,2017-09-21,301049751,73239990,STAINLESS STEEL SPORTS BOTTLE 750ML S-308-C6-NP-AB39 (TOTAL NET WT.4536 KGS) (MILD STEEL)(DPD CLIENT),,,,,,,,,27000.0,PCS,94.9254511111111,2562987.18,1.46264177366889,39491.3278890601,603224.7
INNSA1,2017-09-21,301049751,73239990,STAINLESS STEEL SPORTS BOTTLE 600ML S115 -NP-21(TO TAL NET WT. 2518.78 KGS)(MILD STEEL),,,,,,,,,14904.0,PCS,80.2120061728395,1195479.74,1.23593229850292,18420.3349768875,281368.2
INNSA1,2017-09-21,301049751,73239990,STEEL JAR - SALT & PEPPER -MP-009 (TOTAL NET WT.1296 KGS) (M ILD STEEL),,,,,,,,,36000.0,PCS,16.8702427777778,607328.74,0.259942107515836,9357.91587057011,142940.9
INNSA1,2017-09-20,301049751,73239990,STEEL ZHARA-NP-03(TOTAL NET WT.5640 KGS) (MILD STEEL),,,,,,,,,60000.0,PCS,30.9939571666667,1859637.43,0.477564825372368,28653.8895223421,437684.2
INNSA1,2017-09-14,301049751,73239990,STEEL GRATER -ST-4 (TOTAL NET WT.372 KGS) (MILD STEEL),,,,,,,,,2400.0,PCS,51.4737625,123537.03,0.793124229583975,1903.49815100154,29075.7
INNSA1,2017-09-14,301049751,73239990,STEEL SCRUBBER -SL-55 (TOTAL NET WT.61.20 KGS) (MILD STEEL),,,,,,,,,3600.0,PCS,12.4510861111111,44823.91,0.191850325286766,690.661171032357,13516.1
INNSA1,2017-09-14,301049751,73239990,TEA LIGHT CANDLE HOLDER ROUND-SL-51 (MADE OF IRON)(TOTAL NET WT. 185.86 KGS),,,,,,,,,768.0,PCS,82.0797786458333,63037.27,1.26471153537494,971.298459167951,14836.4
INNSA1,2017-09-14,301049751,73239990,TEA LIGHT CANDLE HOLDER -MP-289 (MADE OF IRON) (TOTAL NET WT .1918.80KGS),,,,,,,,,15600.0,PCS,45.2134403846154,705329.67,0.696663180040299,10867.9456086287,166006.4
INNSA1,2017-09-08,301049751,73239990,MULTI FUNCTION CLOTH STAND-RYX-02-021A(MADE OF MI LD STEEL) (DPD CLIENT),,,,,,,,,2592.0,PCS,593.818144290123,1539176.63,9.14974028182008,23716.1268104777,362260.7
INNSA1,2017-08-31,301049751,73239990,STEEL ZHARA-NP-03 (TOTAL NET WT.3269.88 KGS) (MILD STEEL),,,,,,,,,35160.0,PCS,31.37266866,1103063.03,0.481545183,16931.12863,0.0
INNSA1,2017-08-31,301049751,73239990,STAINLESS STEEL COLA BOTTLE 750ML SK750-SL-01(TOTAL NET WT. 905.58 KGS)(MILD STEEL),,,,,,,,,4644.0,PCS,92.97331826,431768.09,1.427065514,6627.292249,0.0
INNSA1,2017-08-31,301049751,73239990,STAINLESS STEEL SPORTS BOTTLE 750ML S-308-C6-NP-20(TOTAL NET WT.72.14 KGS) (MILD STEEL),,,,,,,,,432.0,PCS,73.35321759,31688.59,1.12591278,486.3943208,0.0
INNSA1,2017-08-31,301049751,73239990,STAINLESS STEEL SPORTS BOTTLE 600ML S115 -NP-21(TOTAL NET WT. 4782.02 KGS)(MILD STEEL),,,,,,,,,28296.0,PCS,80.87311422,2288385.64,1.241337133,35124.87552,0.0
INNSA1,2017-08-25,301049751,73239990,STEEL HOOK 3PCS-RJ-409 (TOTAL NET WT.619.92KGS) (MILD STEEL),,,,,,,,,15120.0,SET,38.27503241,578718.49,0.587490904,8882.862471,136207.1
INNSA1,2017-08-22,301049751,73239990,STEEL JAR - SALT & PEPPER -MP-009 (TOTAL NET WT.1296 KGS) (MILD STEEL),,,,,,,,,36000.0,PCS,16.37458694,589485.13,0.251336714,9048.121719,138741.3
INNSA1,2017-08-21,301049751,73231000,STEEL SCRUBBER 3PCS SET-ANGW11 (TOTAL NET WT.7152 KGS)(MILDSTEEL) (DPD CLIENT),,,,,,,,,114432.0,SET,11.24517451,1286807.81,0.172604367,19751.46293,388024.0
INNSA1,2017-08-19,301049751,73239990,KWB-600F STAINLESS STEEL SPORTS BOTTLE,,,,,,,,,49776.0,PCS,76.9413167,3829830.98,1.180987209,58784.81934,901389.0
INNSA1,2017-08-14,301049751,73239990,STEEL CORNER STAND -MP-103 (TOTAL NET WT.2764.20 KGS) (MILD - STEEL),,,,,,,,,10200.0,PCS,48.84181863,498186.55,0.756650947,7717.839659,117253.3
INNSA1,2017-08-03,301049751,73239990,STAINLESS STEEL SPORTS BOTTLE 750ML S-308-C6 -NP-20 (TOTAL 3150.29 KGS)(MILD STEEL) (DPD CLIENT),,,,,,,,,18864.0,PCS,74.11411366,1398088.64,1.136719535,21443.0773,329054.2
INNSA1,2017-08-03,301049751,73239990,STAINLESS STEEL SPORTS BOTTLE 600ML S115-NP-21 (TOTAL 3985.92 KGS)(MILD STEEL),,,,,,,,,23040.0,PCS,81.7120191,1882644.92,1.253251827,28874.92209,443099.3
INNSA1,2017-08-02,301049751,73239990,MULTI FUNCTION CLOTH STAND-RYX-02-021A(MADE OF MI LD STEEL)(DPD CLIENT),,,,,,,,,2592.0,PCS,618.784483,1603889.38,9.490559556,24599.53037,377491.4
INNSA1,2017-08-02,301049751,73239990,STEEL ZHARA -NP-03 (TOTAL NET WT.5022 KGS) (MILD STEEL),,,,,,,,,54000.0,PCS,31.03236278,1675747.59,0.475956484,25701.65015,394404.0
INNSA1,2017-08-02,301049751,73239990,STEEL HOOK 3PCS-RJ-409 (TOTAL NET WT.628.99 KGS) (MILD STEEL),,,,,,,,,14976.0,SET,38.68251068,579309.28,0.593290041,8885.111656,136346.2
INNSA1,2017-08-02,301049751,73239990,STAINLESS STEEL SPORTS BOTTLE 750ML S-308-C6-NP-20(TOTAL NET WT.2146.28 KGS) (MILD STEEL),,,,,,,,,12852.0,PCS,73.89808979,949738.25,1.133406285,14566.53758,223530.4
INNSA1,2017-08-02,301049751,73239990,STAINLESS STEEL SPORTS BOTTLE 600ML S115 -NP-21(TOTAL NET WT. 311.40 KGS)(MILD STEEL),,,,,,,,,18000.0,PCS,81.47384889,1466529.28,1.249598909,22492.78037,345162.3
INNSA1,2017-07-29,301049751,73231000,STEEL WOOL SCRUBBER -PR-12 (TOTAL NET WT.153 KGS) (MILD STEEL),,,,,,,,,3000.0,PCS,13.4332433333333,40299.73,0.206031339,618.0940184,12152.0
INNSA1,2017-07-28,301049751,73239990,STEEL JAR - SALT & PEPPER -MP-009 (TOTAL NET WT.1296 KGS) (MILD STEEL),,,,,,,,,36000.0,PCS,16.2749130555556,585896.87,0.249615231,8986.148313,137896.7
INNSA1,2017-07-27,301049751,73239990,FAMILY CLOTH RACK-HW 03-026 (STANDING CLOTH RACK ) (MADE UPOF MILD STEEL) (TOTAL NET WT.121 KGS ),,,,,,,,,12.0,PCS,1728.28166666667,20739.38,26.50738753,318.0886503,4881.2
INNSA1,2017-07-27,301049751,73239990,FAMILY CLOTH RACK 3LAYERS -03-027I (STANDING CLOTHRACK ) (MADE UP OF MILD STEEL) (TOTAL NET WT.10170 KGS ) (DPD CLIENT),,,,,,,,,1800.0,PCS,819.896994444445,1475814.59,12.57510728,22635.1931,347347.7
INNSA1,2017-07-20,301049751,73239990,MULTI FUNCTION CLOTH STAND-RYX-02-021A(MADE OF MI LD STEEL)(DPD CLIENT),,,,,,,,,3888.0,PCS,641.290383230453,2493337.01,9.768322669,37979.23854,586831.8
INNSA1,2017-07-20,301049751,73239990,STAINLESS STEEL SPORTS BOTTLE 600ML S115 -NP-21(TOTAL NET WT. 2354.18 KGS)(MILD STEEL),,,,,,,,,13608.0,PCS,82.383692680776,1121077.29,1.254892501,17076.57715,263856.8
INNSA1,2017-07-20,301049751,73239990,STAINESS STEEL COLA BOTTLE 750ML SK750-SL-01 (TOTAL NET WT.1284.19 KGS)(MILD STEEL),,,,,,,,,7056.0,PCS,94.7099092970521,668273.12,1.442649037,10179.33161,157284.7
INNSA1,2017-07-20,301049751,73239990,STAINLESS STEEL SPORTS BOTTLE 750ML S-308-C6-NP-20(TOTAL NET WT.1875.74 KGS) (MILD STEEL),,,,,,,,,11232.0,PCS,74.7233324430199,839292.47,1.138207653,12784.34836,197535.9
INNSA1,2017-07-20,301049751,73239990,STEEL PEELER-MP-196 (TOTAL NET WT.2979.84KGS) (MILD STEEL),,,,,,,,,37248.0,PCS,35.5496265571306,1324152.49,0.541502309,20169.87799,311652.5
INNSA1,2017-07-20,301049751,73239990,STEEL HOOK 3PCS-RJ-409 (TOTAL NET WT.635.04 KGS) (MILD STEEL),,,,,,,,,15120.0,SET,38.791417989418,586526.24,0.590882224,8934.139223,138044.8
INNSA1,2017-07-20,301049751,73239990,STAINLESS STEEL GRATER WITH HANDLE -DS-25(TOTAL NET WT.1887KGS)(MILD STEEL),,,,,,,,,51000.0,PCS,15.1172437254902,770979.43,0.230270278,11743.78416,181457.7
INNSA1,2017-07-13,301049751,73239990,STEEL LUNCH BOX 2 LAYER-6504(TOTAL NET WT.6227.90 KGS)(MILD STEEL),,,,,,,,,13020.0,PCS,174.864917050691,2276741.22,2.663593558,34679.98812,535853.8
INNSA1,2017-07-13,301049751,73239990,STEEL LUNCH BOX (TOTAL NET WT.2346.35 KGS)(MILD STEEL),,,,,,,,,20040.0,PCS,54.3766442115768,1089707.95,0.828280948,16598.75019,256473.6
INNSA1,2017-07-13,301049751,73239990,STEEL LUNCH BOX 3 LAYER-6505 (TOTAL NET WT.2271.76 KGS)(MILD STEEL),,,,,,,,,3504.0,PCS,241.658881278539,846772.72,3.681018755,12898.28972,199296.4
INNSA1,2017-07-12,301049751,73239990,STEEL PILLER-MP-196 (TOTAL NET WT.1052.16 KGS)(MILD STEEL),,,,,,,,,13152.0,PCS,35.3549673053528,464988.53,0.538537202,7082.84128,109439.8
INNSA1,2017-07-06,301049751,73239990,STAINLESS STEEL SPORTS BOTTLE 750ML S-308-C6-NP-20(TOTAL NET WT.6883.74 KGS),,,,,,,,,41220.0,PCS,74.0168813682678,3050975.85,1.136099484,46830.02072,718077.8
INNSA1,2017-07-06,301049751,73239990,STAINLESS STEEL SPORTS BOTTLE 600ML S115 -NP-21(TOTAL NET WT.7448.68 KGS)(DPD CLIENT),,,,,,,,,43056.0,PCS,81.6048188405797,3513577.08,1.252568209,53930.57682,826955.6
INNSA1,2017-07-05,301049751,73231000,STEEL SCRUBBER 3PCS SET-ANGW11 (TOTAL NET WT.7152 KGS)(MILD STEEL) (DPD CLIENT),,,,,,,,,114432.0,SET,10.590749528104,1211920.65,0.162559471,18602.00537,365442.5
INNSA1,2017-07-03,301049751,73239990,STAINESS STEEL COLA BOTTLE -SL-07 (TOTAL NET WT.104 KGS)(MILD STEEL),,,,,,,,,500.0,PCS,119.4809,59740.45,1.833935533,916.9677667,14060.5
INNSA1,2017-07-03,301049751,73239990,STEEL HOOK 3PCS-RJ-409 (TOTAL NET WT.429.41 KGS)(MILD STEEL),,,,,,,,,10224.0,SET,37.9527552816901,388028.97,0.58254421,5955.932003,91326.5
INNSA1,2017-07-03,301049751,73239990,STEEL JAR - SALT & PEPPER-MP-009 (TOTAL NET WT.1260 KGS)(MILD STEEL),,,,,,,,,36000.0,PCS,16.3056283333333,587002.62,0.250278255,9010.017191,138157.0
INNSA1,2017-07-03,301049751,73239990,STEEL ZHARA-NP-003 (TOTAL NET WT.4752 KGS)(MILD STEEL),,,,,,,,,48000.0,PCS,31.6272960416667,1518110.21,0.485453508,23301.76838,357302.4
INNSA1,2017-06-23,301049751,73231000,STEEL SCRUBBER -ANG-537(TOTAL NET WT.8720KGS)(MILD STEEL) (D - PD CLIENT) ,,,,,,,,,319248.0,PCS,4.7575711045958,1518845.06,0.0730248826492064,23313.0477359939,259692.2
INNSA1,2017-06-15,301049751,73239990,STEEL TEA STAINER-NP-54 (TOTAL NET WT.1438.20 KGS) (MILD STE EL),,,,,,,,,30600.0,PCS,21.86858268,669178.63,0.334637837,10239.91783,114416.2
INNSA1,2017-06-14,301049751,73239990,STAINLESS STEEL SPORTS BOTTLE 600ML S115 -NP-21(TOTAL NET WT . 7311.67 KGS),,,,,,,,,42264.0,PCS,81.23973807,3433516.29,1.243148249,52540.4176,587062.6
INNSA1,2017-06-12,301049751,73239990,STEEL TEA STAINER 304 -MP-290(TOTAL NET WT.987.84 KGS) (MILD STEEL),,,,,,,,,20160.0,PCS,32.42696429,653727.6,0.496204503,10003.48279,111774.4
INNSA1,2017-06-12,301049751,73239990,STEEL TEA STAINER -NP-55 (TOTAL NET WT.3836.16 KGS) (MILD ST EEL),,,,,,,,,79920.0,PCS,21.59483058,1725858.86,0.330448823,26409.46993,295087.4
INNSA1,2017-06-06,301049751,73239990,STEEL ZHARA-NP-003 (TOTAL NET WT.407.40 PCS) (MILD STEEL),,,,,,,,,4200.0,PCS,28.75608333,120775.55,0.44003188,1848.133894,20650.3
INNSA1,2017-06-06,301049751,73239990,STEEL ZHARA -NP-003 (TOTAL NET WT.3148.20 KGS) (MILD STEEL),,,,,,,,,31800.0,PCS,27.58596447,877233.67,0.422126465,13423.62158,149989.4
INNSA1,2017-06-06,301049751,73239990,STAINLESS STEEL GRATER WITH HANDLE -DS-25 (TOTAL NET WT.1344KGS) (MILD STEEL),,,,,,,,,38400.0,PCS,14.59611797,560490.93,0.223352991,8576.754858,95832.7
INNSA1,2017-06-06,301049751,73239990,STEEL ZHARA WAN-MP-263 (TOTAL NET WT.2970 KGS) (MILD STEEL),,,,,,,,,30000.0,PCS,30.58899367,917669.81,0.468079475,14042.38424,156903.2
INNSA1,2017-06-06,301049751,73239990,STEEL GRATER 4 SIDE-GR40275 (TOTAL NET WT.5953.30 KGS) (MILD STEEL) (DPD CLIENT),,,,,,,,,115848.0,PCS,24.25582418,2809988.72,0.371167929,42999.06228,480452.0
INNSA1,2017-05-30,301049751,73239990,STEEL CAKE MOULD CH302322-MP-10 (TOTAL NET WT.2475 KGS) (MILD STEEL),,,,,,,,,9900.0,PCS,39.04787475,386573.96,0.597976642,5919.96876,66096.4
INNSA1,2017-05-30,301049751,73239990,STAINLESS STEEL CAKE MOULD -MK-145 (TOTAL NET WT.68.16 KGS) (MILD STEEL),,,,,,,,,480.0,PCS,112.3679792,53936.63,1.720796006,825.9820827,9222.1
INNSA1,2017-05-30,301049751,73239990,STAINLESS STEEL GRATER WITH HANDLE -DS-25 (TOTAL NET WT.1470 KGS) (MILD STEEL),,,,,,,,,42000.0,PCS,14.6078381,613529.2,0.223703493,9395.546708,104901.2
INNSA1,2017-05-30,301049751,73239990,STEEL HOOK 3PCS -RJ-409 (TOTAL NET 429.41 KGS) (MILD STEEL),,,,,,,,,10224.0,SET,37.5730448,384146.81,0.575391191,5882.799541,65681.5
INNSA1,2017-05-29,301049751,73239990,STAINLESS STEEL SPORTS BOTTLE 750ML S-308-C6-NP-20(TOTAL NET WT.2945.88KGS) (DPD CLIENT),,,,,,,,,17640.0,PCS,73.67852154,1299689.12,1.12830814,19903.35559,222220.9
INNSA1,2017-05-29,301049751,73239990,STAINLESS STEEL SPORTS BOTTLE 600ML S115 -NP-21(TOTAL NET WT. 2883.56KGS),,,,,,,,,16668.0,PCS,81.23177166,1353971.17,1.243978126,20734.62741,231502.0
INNSA1,2017-05-29,301049751,73239990,STAINLESS STEEL SPORTS BOTTLE 750ML S308-C6 -AB39 (TOTAL NET WT. 1180.30 KGS),,,,,,,,,6984.0,PCS,97.50559278,680979.06,1.493194376,10428.46953,116433.8
INNSA1,2017-05-24,301049751,73231000,AISI430 STEEL SCRUBBER 2 PCS SET,,,,,,,,,100080.0,PCS,10.52077888,1052919.55,0.161114531,16124.34227,180028.2
INNSA1,2017-05-24,301049751,73239990,STEEL ZHARA -NP-003(TOTAL NET WT.2328 KGS) (MILD STEEL),,,,,,,,,24000.0,PCS,27.74037917,665769.1,0.424814382,10195.54518,113833.3
INNSA1,2017-05-24,301049751,73231000,STEEL SCRUBBER -ANG-537(TOTAL NET WT.8720KGS)(MILD STEEL) (DPD CLIENT),,,,,,,,,319248.0,PCS,4.727564088,1509265.38,0.072397612,23112.79296,258054.2
INNSA1,2017-05-20,301049751,73239990,STAINLESS STEEL SPORTS BOTTLE 600ML S115 -NP-21(TOTAL NET WT - . 1494.72 KGS),,,,,,,,,8640.0,PCS,81.442568287037,703663.79,1.24720625248142,10775.8620214395,120312.5
INNSA1,2017-05-20,301049751,73239990,STAINLESS STEEL SPORTS BOTTLE 750ML S308-C6 -AB39 (TOTAL NET - WT. 1831.28 KGS),,,,,,,,,10836.0,PCS,97.7586194167589,1059312.4,1.49706921005756,16222.2419601838,181121.2
INNSA1,2017-05-20,301049751,73239990,STAINLESS STEEL SPORTS BOTTLE 750ML S-308-C6-NP-20(TOTAL NET - WT.1442.88 KGS),,,,,,,,,8640.0,PCS,73.8697175925926,638234.36,1.13123610402133,9773.87993874426,109125.3
INNSA1,2017-05-19,301049751,73231000,STEEL SCRUBBER 3PCS SET-ANGW11 (TOTAL NET WT.7320 KGS)(MILD - STEEL) (DPD CLIENT),,,,,,,,,117120.0,SET,10.4798297472678,1227397.66,0.160487438702416,18796.288820827,209860.5
INNSA1,2017-05-17,301049751,73239390,KWB-600F STAINLESS STEEL SPORTS BOTTLE,,,,,,,,,45600.0,PCS,77.00467039,3511412.97,1.182867441,53938.7553,600381.4
INNSA1,2017-05-12,301049751,73239990,STEEL BBQ SKEWER 12PCS-NP- 007 (TOTAL NET WT.3662.18 KGS) (MILD STEEL),,,,,,,,,22195.0,SET,29.20170083,648131.75,0.448566833,9955.94086,110817.6
INNSA1,2017-05-08,301049751,73239990,STEEL LUNCH BOX 3 LAYER-6505(TOTAL NET WT.3165.75 KGS)(MILD STEEL),,,,,,,,,4020.0,PCS,239.3047711,962005.18,3.675956546,14777.34531,164483.6
INNSA1,2017-05-04,301049751,73239990,STAINLESS STEEL SPORTS BOTTLE 750ML S-308-C6-AB-39(TOTAL NET WT. 1877.58 KGS),,,,,,,,,10980.0,PCS,97.63753552,1072060.14,1.489512365,16354.84577,183300.8
INNSA1,2017-05-04,301049751,73239990,STAINLESS STEEL SPORTS BOTTLE 750ML S-308-C6-NP-20(TOTAL NET WT. 786.24 KGS),,,,,,,,,4680.0,PCS,73.77822222,345282.08,1.125525892,5267.461175,59036.3
INNSA1,2017-04-29,301049751,73239990,STEEL JAR - SALT & PEPPER-MP-009 (TOTAL NET WT.547.20 KGS ) (MILD STEEL),,,,,,,,,13680.0,PCS,15.76768787,215701.97,0.240544437,3290.647902,36880.7
INNSA1,2017-04-29,301049751,73239990,STEEL JAR - SALT & PEPPER -MP-009 (TOTAL NET WT.388.80 KGS)( MILD STEEL),,,,,,,,,9720.0,PCS,15.44622222,150137.28,0.235640309,2290.423799,25670.5
INNSA1,2017-04-29,301049751,73239990,STEEL PIZZA CUTTER-RJ-388 (TOTAL NET WT.987.84 KGS) (MILD ST EEL),,,,,,,,,10080.0,PCS,32.20849107,324661.59,0.491357606,4952.884668,79420.4
INNSA1,2017-04-26,301049751,73239990,STEEL PEELER-MP-196(TOTAL NET WT.2340 KGS) (MILD STEEL),,,,,,,,,30000.0,PCS,35.529776,1065893.28,0.542025568,16260.76705,182246.5
INNSA1,2017-04-26,301049751,73239390,KWP-600B-SS OIL POT 600ML,,,,,,,,,2000.0,PCS,91.16944,182338.88,1.390838139,2781.676278,31176.4
INNSA1,2017-04-26,301049751,73239990,STAINLESS STEEL SPORTS BOTTLE 750ML S-308-C6-NP-20(TOTAL NET WT.1825 KGS),,,,,,,,,10800.0,PCS,73.75058241,796506.29,1.125104232,12151.12571,136186.6
INNSA1,2017-04-26,301049751,73239390,KWP-1000B-SS OIL POT 1000ML,,,,,,,,,6000.0,PCS,111.2803433,667682.06,1.697640631,10185.84378,114160.3
INNSA1,2017-04-26,301049751,73239990,STAINLESS STEEL SPORTS BOTTLE 600ML S115 -NP-21(TOTAL NET WT . 1933.2KGS),,,,,,,,,10800.0,PCS,81.31122037,878161.18,1.240445772,13396.81434,150147.9
INNSA1,2017-04-20,301049751,73239990,STAINLESS STEEL SPORTS BOTTLE 750ML S-308-C6-NP-20(TOTAL NET WT.1857.60 KGS),,,,,,,,,10800.0,PCS,73.90716944,798197.43,1.121504847,12112.25235,136475.7
INNSA1,2017-04-20,301049751,73239990,STAINLESS STEEL SPORTS BOTTLE 750ML S308-C6-AB-39(TOTAL NET WT.1846.80 KGS),,,,,,,,,10800.0,PCS,97.80818333,1056328.38,1.484190946,16029.26222,180611.0
INNSA1,2017-04-20,301049751,73239990,STAINLESS STEEL SPORTS BOTTLE 600ML S115 -NP-21(TOTAL NET WT .1772.71 KGS),,,,,,,,,10188.0,PCS,81.48385944,830157.56,1.236477382,12597.23156,141940.4
INNSA1,2017-04-07,301049751,73239990,STEEL EGG BEATER -MP-217 (TOTAL NET WT.530.35 KGS) (MILD STE EL),,,,,,,,,10199.0,PCS,18.20892146,185712.79,0.276311403,2818.1,31753.2
INNSA1,2017-04-07,301049751,73239990,STEEL CORNER STAND-MP-103 (TOTAL 1634.52 KGS) (MILD STEEL),,,,,,,,,6168.0,PCS,50.35153696,310568.28,0.764059742,4712.720486,53100.9
INNSA1,2017-04-07,301049751,73239990,STEEL CORNER STAND- MP-103 (TOTAL NET WT.1545.48 KGS) (MILD STEEL),,,,,,,,,5832.0,PCS,50.704988,295711.49,0.769423187,4487.276024,50560.8
INNSA1,2017-04-07,301049751,73239990,STEEL SPOON HOLDER ROUND-MP-96 (TOTAL 3426.98 KGS) (MILD STE EL),,,,,,,,,15299.0,PCS,45.38223413,694302.8,0.688653022,10535.70258,118711.9
INNSA1,2017-03-24,301049751,73239990,STAINLESS STEEL SPORTS BOTTLE 600ML S115 -NP-21(TOTAL NET WT . 1922.40KGS),,,,,,,,,10800.0,PCS,81.69054815,882257.92,1.233996196,13327.15891,150848.4
INNSA1,2017-03-24,301049751,73239990,STAINLESS STEEL SPORTS BOTTLE 750ML S-308-C6-NP-20(TOTAL NET WT. 1245.60KGS),,,,,,,,,7200.0,PCS,74.09463889,533481.4,1.119254364,8058.63142,91214.7
INNSA1,2017-03-15,301049751,73231000,STEEL SCRUBBER 3PCS SET-ANGW11 (TOTAL NET WT.7344 KGS)(MILD STEEL),,,,,,,,,117504.0,SET,10.68500885,1255531.28,0.157945438,18559.22069,214670.8
INNSA1,2017-02-10,301049751,73239390,SS OIL POT 1000ML-KWP-1000B (TOTAL NET WT.2080 KGS) ,,,,,,,,,8952.0,PCS,115.4871146,1033840.65,1.688408108,15114.62939,176766.2
INNSA1,2017-02-10,301049751,73239390,SS OIL POT 600ML-KWP-600B (TOTAL NET WT.927.60 KGS) ,,,,,,,,,5000.0,PCS,94.615398,473076.99,1.383266053,6916.330263,80886.7
INNSA1,2017-02-10,301049751,73239390,SS OIL POT 1000ML-KWP-1000B (TOTAL NET WT.2105 KGS) ,,,,,,,,,9000.0,PCS,115.4864422,1039377.98,1.688398278,15195.5845,177712.8
INNSA1,2017-02-10,301049751,73239390,SS OIL POT 600ML-KWP-600B (TOTAL NET WT.930.50 KGS) ,,,,,,,,,5020.0,PCS,94.6159502,474972.07,1.383274126,6944.036111,81210.8
INNSA1,2017-02-04,301049751,73239990,STEEL LUNCH BOX 2 LAYER-6504(TOTAL NET WT.5740 KGS)(MILD ST EEL),,,,,,,,,12000.0,PCS,180.0005667,2160006.8,2.631587232,31579.04678,369317.9
INNSA1,2017-02-04,301049751,73239990,STAINLESS STEEL GRATER WITH HANDLE -DS-25 (TOTAL NET WT. 17 51.40 KGS) (MILD STEEL),,,,,,,,,50040.0,PCS,15.18215008,759714.79,0.221961258,11106.94137,129896.1
INNSA1,2017-02-04,301049751,73239990,STEEL LUNCH BOX-6531(TOTAL NET WT.596.40KGS)(MILD STEEL) ,,,,,,,,,2016.0,PCS,112.5794345,226960.14,1.645898166,3318.130702,38805.7
INNSA1,2017-02-04,301049751,73239990,STEEL JAR - SALT & PEPPER-MP-009 (TOTAL NET WT.302.40 KGS ) (MILD STEEL),,,,,,,,,7200.0,PCS,16.27701667,117194.52,0.23796808,1713.370175,20037.9
INNSA1,2017-02-04,301049751,73239990,STEEL LUNCH BOX 3 LAYER-6505(TOTAL NET WT.2271.76 KGS)(MILD STEEL),,,,,,,,,3504.0,PCS,248.8263071,871887.38,3.637811507,12746.89152,149075.3
INNSA1,2017-02-04,301049751,73239990,STEEL LUNCH BOX -6900(TOTAL NET WT.1756.25 KGS)(MILD STEEL) ,,,,,,,,,15000.0,PCS,55.97364467,839604.67,0.818328138,12274.92208,143555.6
INNSA1,2017-02-03,301049751,73239990,STAINLESS STEEL SPORTS BOTTLE 750ML S-308-C6-NP-20(TOTAL NET WT.3568.32 KGS),,,,,,,,,21240.0,PCS,76.29763559,1620561.78,1.115462509,23692.42368,277083.7
INNSA1,2017-02-03,301049751,73239990,STAINLESS STEEL SPORTS BOTTLE 600ML S115 -NP-21(TOTAL NET WT . 3653.28 KGS),,,,,,,,,21240.0,PCS,84.11938795,1786695.8,1.229815613,26121.28363,305489.2
INNSA1,2017-01-27,301049751,73239990,STEEL HOOK 3PCS-RJ-409 (TOTAL NET WT985.97. KGS) (MILD STEEL),,,,,,,,,24048.0,SET,37.03133441,890529.53,0.535909326,12887.54747,152262.8
INNSA1,2017-01-27,301049751,73231000,STEEL SCRUBBER 3 PCS SET-ANGW11 (TOTAL NET WT.7392 KGS)(MILD STEEL),,,,,,,,,118272.0,SET,10.88972064,1287949.04,0.157593642,18638.9152,220213.5
INNSA1,2017-01-27,301049751,73239990,STEEL PEELER -MP-196 (TOTAL NET WT.34.128 KGS) (MILD STEEL),,,,,,,,,432.0,PCS,36.92085648,15949.81,0.534310513,230.8221418,2727.2
INNSA1,2017-01-25,301049751,73239990,STEEL PEELER-MP-196 (TOTAL NET WT.1672.27 KGS) (MILD STEEL),,,,,,,,,21168.0,PCS,36.8346764,779716.43,0.533063334,11283.88466,133315.9
INNSA1,2017-01-21,301049751,73231000,STEEL SCRUBBER-AISI430 (TOTAL NET WT.5472 KGS)(MILD STEEL),,,,,,,,,273600.0,PCS,4.712748648,1289408.03,0.068201862,18660.02938,220462.9
INNSA1,2017-01-14,301049751,73239990,STEEL GRATER-ST-4 (TOTAL NET WT.3223.20KGS) (MILD STEEL),,,,,,,,,20400.0,PCS,51.85472598,1057836.41,0.753702413,15375.52922,180868.8
INNSA1,2017-01-14,301049751,73239990,STEEL PIZZA CUTTER- RJ-388 (TOTAL 1015.2 KGS) (MILD STEEL),,,,,,,,,10800.0,PCS,33.75199352,364521.53,0.490581301,5298.278052,62325.9
INNSA1,2017-01-14,301049751,73239990,STEEL TEA STAINER-NP-55 (TOTAL NET WT.1861.20 KGS) (MILD STEEL),,,,,,,,,39600.0,PCS,20.35140202,805915.52,0.295805262,11713.88837,137795.4
INNSA1,2017-01-14,301049751,73239990,STEEL TEA STAINER-NP-54 (TOTAL NET WT.1468.80 KGS) (MILD STEEL),,,,,,,,,30600.0,PCS,20.35140196,622752.9,0.295805261,9051.640988,106478.3
INNSA1,2017-01-13,301049751,73239990,STAINLESS STEEL SPORTS BOTTLE 600ML S-115 -NP-21(TOTAL NET WT. 3909.06KGS),,,,,,,,,22860.0,PCS,84.73623928,1937070.43,1.231631385,28155.09346,331200.2
INNSA1,2017-01-13,301049751,73239990,STAINLESS STEEL SPORTS BOTTLE 750ML S-308-C6-NP-20(TOTAL NET WT.284.83 KGS),,,,,,,,,1656.0,PCS,79.14923309,131071.13,1.1504249,1905.103634,22410.6
